Material ID,Formula,Transition Metal Group,Crystal System,Space Group,Total Magnetization (μB),Magnetization per Atom (µB/atom),Num Atoms,Is Stable,MagpieData minimum Number,MagpieData maximum Number,MagpieData range Number,MagpieData mean Number,MagpieData avg_dev Number,MagpieData mode Number,MagpieData minimum MendeleevNumber,MagpieData maximum MendeleevNumber,MagpieData range MendeleevNumber,MagpieData mean MendeleevNumber,MagpieData avg_dev MendeleevNumber,MagpieData mode MendeleevNumber,MagpieData minimum AtomicWeight,MagpieData maximum AtomicWeight,MagpieData range AtomicWeight,MagpieData mean AtomicWeight,MagpieData avg_dev AtomicWeight,MagpieData mode AtomicWeight,MagpieData minimum MeltingT,MagpieData maximum MeltingT,MagpieData range MeltingT,MagpieData mean MeltingT,MagpieData avg_dev MeltingT,MagpieData mode MeltingT,MagpieData minimum Column,MagpieData maximum Column,MagpieData range Column,MagpieData mean Column,MagpieData avg_dev Column,MagpieData mode Column,MagpieData minimum Row,MagpieData maximum Row,MagpieData range Row,MagpieData mean Row,MagpieData avg_dev Row,MagpieData mode Row,MagpieData minimum CovalentRadius,MagpieData maximum CovalentRadius,MagpieData range CovalentRadius,MagpieData mean CovalentRadius,MagpieData avg_dev CovalentRadius,MagpieData mode CovalentRadius,MagpieData minimum Electronegativity,MagpieData maximum Electronegativity,MagpieData range Electronegativity,MagpieData mean Electronegativity,MagpieData avg_dev Electronegativity,MagpieData mode Electronegativity,MagpieData minimum NsValence,MagpieData maximum NsValence,MagpieData range NsValence,MagpieData mean NsValence,MagpieData avg_dev NsValence,MagpieData mode NsValence,MagpieData minimum NpValence,MagpieData maximum NpValence,MagpieData range NpValence,MagpieData mean NpValence,MagpieData avg_dev NpValence,MagpieData mode NpValence,MagpieData minimum NdValence,MagpieData maximum NdValence,MagpieData range NdValence,MagpieData mean NdValence,MagpieData avg_dev NdValence,MagpieData mode NdValence,MagpieData minimum NfValence,MagpieData maximum NfValence,MagpieData range NfValence,MagpieData mean NfValence,MagpieData avg_dev NfValence,MagpieData mode NfValence,MagpieData minimum NValence,MagpieData maximum NValence,MagpieData range NValence,MagpieData mean NValence,MagpieData avg_dev NValence,MagpieData mode NValence,MagpieData minimum NsUnfilled,MagpieData maximum NsUnfilled,MagpieData range NsUnfilled,MagpieData mean NsUnfilled,MagpieData avg_dev NsUnfilled,MagpieData mode NsUnfilled,MagpieData minimum NpUnfilled,MagpieData maximum NpUnfilled,MagpieData range NpUnfilled,MagpieData mean NpUnfilled,MagpieData avg_dev NpUnfilled,MagpieData mode NpUnfilled,MagpieData minimum NdUnfilled,MagpieData maximum NdUnfilled,MagpieData range NdUnfilled,MagpieData mean NdUnfilled,MagpieData avg_dev NdUnfilled,MagpieData mode NdUnfilled,MagpieData minimum NfUnfilled,MagpieData maximum NfUnfilled,MagpieData range NfUnfilled,MagpieData mean NfUnfilled,MagpieData avg_dev NfUnfilled,MagpieData mode NfUnfilled,MagpieData minimum NUnfilled,MagpieData maximum NUnfilled,MagpieData range NUnfilled,MagpieData mean NUnfilled,MagpieData avg_dev NUnfilled,MagpieData mode NUnfilled,MagpieData minimum GSvolume_pa,MagpieData maximum GSvolume_pa,MagpieData range GSvolume_pa,MagpieData mean GSvolume_pa,MagpieData avg_dev GSvolume_pa,MagpieData mode GSvolume_pa,MagpieData minimum GSbandgap,MagpieData maximum GSbandgap,MagpieData range GSbandgap,MagpieData mean GSbandgap,MagpieData avg_dev GSbandgap,MagpieData mode GSbandgap,MagpieData minimum GSmagmom,MagpieData maximum GSmagmom,MagpieData range GSmagmom,MagpieData mean GSmagmom,MagpieData avg_dev GSmagmom,MagpieData mode GSmagmom,MagpieData minimum SpaceGroupNumber,MagpieData maximum SpaceGroupNumber,MagpieData range SpaceGroupNumber,MagpieData mean SpaceGroupNumber,MagpieData avg_dev SpaceGroupNumber,MagpieData mode SpaceGroupNumber
mp-1007922,CuI,Cu,Orthorhombic,Cmcm,0.0,0.0,4,False,29.0,53.0,24.0,41.0,12.0,29.0,64.0,96.0,32.0,80.0,16.0,64.0,63.546,126.90447,63.358470000000004,95.225235,31.679235000000002,63.546,386.85,1357.77,970.92,872.31,485.46,386.85,11.0,17.0,6.0,14.0,3.0,11.0,4.0,5.0,1.0,4.5,0.5,4.0,132.0,139.0,7.0,135.5,3.5,132.0,1.9,2.66,0.7600000000000002,2.2800000000000002,0.3800000000000001,1.9,1.0,2.0,1.0,1.5,0.5,1.0,0.0,5.0,5.0,2.5,2.5,0.0,10.0,10.0,0.0,10.0,0.0,10.0,0.0,0.0,0.0,0.0,0.0,0.0,11.0,17.0,6.0,14.0,3.0,11.0,0.0,1.0,1.0,0.5,0.5,0.0,0.0,1.0,1.0,0.5,0.5,0.0,0.0,0.0,0.0,0.0,0.0,0.0,0.0,0.0,0.0,0.0,0.0,0.0,1.0,1.0,0.0,1.0,0.0,1.0,11.07,43.015,31.945,27.0425,15.9725,11.07,0.0,1.062,1.062,0.531,0.531,0.0,0.0,0.0,0.0,0.0,0.0,0.0,64.0,225.0,161.0,144.5,80.5,64.0
mp-1018138,VI2,V,Trigonal,P-3m1,2.9999995,0.9999998333333332,3,True,23.0,53.0,30.0,43.0,13.333333333333334,53.0,46.0,96.0,50.0,79.33333333333333,22.222222222222225,96.0,50.9415,126.90447,75.96297000000001,101.58348000000001,33.761320000000005,126.90447,386.85,2183.0,1796.15,985.5666666666666,798.2888888888889,386.85,5.0,17.0,12.0,13.0,5.333333333333333,17.0,4.0,5.0,1.0,4.666666666666667,0.44444444444444436,5.0,139.0,153.0,14.0,143.66666666666666,6.222222222222219,139.0,1.63,2.66,1.0300000000000002,2.316666666666667,0.45777777777777784,2.66,2.0,2.0,0.0,2.0,0.0,2.0,0.0,5.0,5.0,3.3333333333333335,2.222222222222222,5.0,3.0,10.0,7.0,7.666666666666667,3.1111111111111107,10.0,0.0,0.0,0.0,0.0,0.0,0.0,5.0,17.0,12.0,13.0,5.333333333333333,17.0,0.0,0.0,0.0,0.0,0.0,0.0,0.0,1.0,1.0,0.6666666666666666,0.4444444444444445,1.0,0.0,7.0,7.0,2.3333333333333335,3.1111111111111107,0.0,0.0,0.0,0.0,0.0,0.0,0.0,1.0,7.0,6.0,3.0,2.6666666666666665,1.0,13.01,43.015,30.005000000000003,33.013333333333335,13.335555555555556,43.015,0.0,1.062,1.062,0.7080000000000001,0.472,1.062,0.0,0.0,0.0,0.0,0.0,0.0,64.0,229.0,165.0,119.0,73.33333333333333,64.0
mp-1018888,PdCl2,Pd,Monoclinic,P2/m,0.0005673,9.455e-05,6,False,17.0,46.0,29.0,26.666666666666668,12.888888888888891,17.0,62.0,94.0,32.0,83.33333333333333,14.222222222222223,94.0,35.453,106.42,70.967,59.10866666666667,31.54088888888889,35.453,171.6,1828.05,1656.45,723.75,736.1999999999999,171.6,10.0,17.0,7.0,14.666666666666666,3.111111111111111,17.0,3.0,5.0,2.0,3.6666666666666665,0.8888888888888888,3.0,102.0,139.0,37.0,114.33333333333333,16.444444444444443,102.0,2.2,3.16,0.96,2.84,0.42666666666666675,3.16,0.0,2.0,2.0,1.3333333333333333,0.888888888888889,2.0,0.0,5.0,5.0,3.3333333333333335,2.222222222222222,5.0,0.0,10.0,10.0,3.3333333333333335,4.444444444444444,0.0,0.0,0.0,0.0,0.0,0.0,0.0,7.0,10.0,3.0,8.0,1.3333333333333333,7.0,0.0,0.0,0.0,0.0,0.0,0.0,0.0,1.0,1.0,0.6666666666666666,0.4444444444444445,1.0,0.0,0.0,0.0,0.0,0.0,0.0,0.0,0.0,0.0,0.0,0.0,0.0,0.0,1.0,1.0,0.6666666666666666,0.4444444444444445,1.0,14.41,24.4975,10.087499999999999,21.135,4.483333333333332,24.4975,0.0,2.493,2.493,1.662,1.1079999999999999,2.493,0.0,0.0,0.0,0.0,0.0,0.0,64.0,225.0,161.0,117.66666666666667,71.55555555555556,64.0
mp-1018891,PdCl2,Pd,Monoclinic,P2_1/c,0.0,0.0,6,False,17.0,46.0,29.0,26.666666666666668,12.888888888888891,17.0,62.0,94.0,32.0,83.33333333333333,14.222222222222223,94.0,35.453,106.42,70.967,59.10866666666667,31.54088888888889,35.453,171.6,1828.05,1656.45,723.75,736.1999999999999,171.6,10.0,17.0,7.0,14.666666666666666,3.111111111111111,17.0,3.0,5.0,2.0,3.6666666666666665,0.8888888888888888,3.0,102.0,139.0,37.0,114.33333333333333,16.444444444444443,102.0,2.2,3.16,0.96,2.84,0.42666666666666675,3.16,0.0,2.0,2.0,1.3333333333333333,0.888888888888889,2.0,0.0,5.0,5.0,3.3333333333333335,2.222222222222222,5.0,0.0,10.0,10.0,3.3333333333333335,4.444444444444444,0.0,0.0,0.0,0.0,0.0,0.0,0.0,7.0,10.0,3.0,8.0,1.3333333333333333,7.0,0.0,0.0,0.0,0.0,0.0,0.0,0.0,1.0,1.0,0.6666666666666666,0.4444444444444445,1.0,0.0,0.0,0.0,0.0,0.0,0.0,0.0,0.0,0.0,0.0,0.0,0.0,0.0,1.0,1.0,0.6666666666666666,0.4444444444444445,1.0,14.41,24.4975,10.087499999999999,21.135,4.483333333333332,24.4975,0.0,2.493,2.493,1.662,1.1079999999999999,2.493,0.0,0.0,0.0,0.0,0.0,0.0,64.0,225.0,161.0,117.66666666666667,71.55555555555556,64.0
mp-1021674,NiCl,Ni,Cubic,Fm-3m,0.9999197,0.49995985,2,False,17.0,28.0,11.0,22.5,5.5,17.0,61.0,94.0,33.0,77.5,16.5,61.0,35.453,58.6934,23.240399999999994,47.0732,11.620199999999997,35.453,171.6,1728.0,1556.4,949.8,778.2,171.6,10.0,17.0,7.0,13.5,3.5,10.0,3.0,4.0,1.0,3.5,0.5,3.0,102.0,124.0,22.0,113.0,11.0,102.0,1.91,3.16,1.2500000000000002,2.535,0.6250000000000001,1.91,2.0,2.0,0.0,2.0,0.0,2.0,0.0,5.0,5.0,2.5,2.5,0.0,0.0,8.0,8.0,4.0,4.0,0.0,0.0,0.0,0.0,0.0,0.0,0.0,7.0,10.0,3.0,8.5,1.5,7.0,0.0,0.0,0.0,0.0,0.0,0.0,0.0,1.0,1.0,0.5,0.5,0.0,0.0,2.0,2.0,1.0,1.0,0.0,0.0,0.0,0.0,0.0,0.0,0.0,1.0,2.0,1.0,1.5,0.5,1.0,10.32,24.4975,14.177499999999998,17.408749999999998,7.088749999999999,10.32,0.0,2.493,2.493,1.2465,1.2465,0.0,0.0,0.5953947,0.5953947,0.29769735,0.29769735,0.0,64.0,225.0,161.0,144.5,80.5,64.0
mp-1022720,Ni6Cl7,Ni,Triclinic,P-1,13.9986357,0.5384090653846154,26,False,17.0,28.0,11.0,22.076923076923077,5.467455621301775,17.0,61.0,94.0,33.0,78.76923076923077,16.402366863905325,94.0,35.453,58.6934,23.240399999999994,46.179338461538464,11.55144142011834,35.453,171.6,1728.0,1556.4,889.9384615384616,773.5952662721894,171.6,10.0,17.0,7.0,13.76923076923077,3.479289940828402,17.0,3.0,4.0,1.0,3.4615384615384617,0.4970414201183432,3.0,102.0,124.0,22.0,112.15384615384616,10.934911242603551,102.0,1.91,3.16,1.2500000000000002,2.583076923076923,0.6213017751479291,3.16,2.0,2.0,0.0,2.0,0.0,2.0,0.0,5.0,5.0,2.6923076923076925,2.485207100591716,5.0,0.0,8.0,8.0,3.6923076923076925,3.9763313609467454,0.0,0.0,0.0,0.0,0.0,0.0,0.0,7.0,10.0,3.0,8.384615384615385,1.4911242603550297,7.0,0.0,0.0,0.0,0.0,0.0,0.0,0.0,1.0,1.0,0.5384615384615384,0.4970414201183432,1.0,0.0,2.0,2.0,0.9230769230769231,0.9940828402366864,0.0,0.0,0.0,0.0,0.0,0.0,0.0,1.0,2.0,1.0,1.4615384615384615,0.4970414201183432,1.0,10.32,24.4975,14.177499999999998,17.95403846153846,7.04680473372781,24.4975,0.0,2.493,2.493,1.3423846153846155,1.2391242603550294,2.493,0.0,0.5953947,0.5953947,0.2747975538461539,0.29593582721893497,0.0,64.0,225.0,161.0,138.30769230769232,80.02366863905326,64.0
mp-1025168,RuF6,Ru,Cubic,Im-3m,2.0,0.2857142857142857,7,False,9.0,44.0,35.0,14.0,8.571428571428571,9.0,56.0,93.0,37.0,87.71428571428571,9.061224489795922,93.0,18.9984032,101.07,82.0715968,30.722917028571427,20.099166563265303,18.9984032,53.5,2607.0,2553.5,418.2857142857143,625.3469387755102,53.5,8.0,17.0,9.0,15.714285714285714,2.204081632653062,17.0,2.0,5.0,3.0,2.4285714285714284,0.7346938775510203,2.0,57.0,146.0,89.0,69.71428571428571,21.795918367346935,57.0,2.2,3.98,1.7799999999999998,3.7257142857142855,0.43591836734693884,3.98,1.0,2.0,1.0,1.8571428571428572,0.24489795918367344,2.0,0.0,5.0,5.0,4.285714285714286,1.2244897959183676,5.0,0.0,7.0,7.0,1.0,1.7142857142857142,0.0,0.0,0.0,0.0,0.0,0.0,0.0,7.0,8.0,1.0,7.142857142857143,0.24489795918367374,7.0,0.0,1.0,1.0,0.14285714285714285,0.2448979591836735,0.0,0.0,1.0,1.0,0.8571428571428571,0.2448979591836735,1.0,0.0,3.0,3.0,0.42857142857142855,0.7346938775510203,0.0,0.0,0.0,0.0,0.0,0.0,0.0,1.0,4.0,3.0,1.4285714285714286,0.7346938775510203,1.0,9.7075,13.51,3.8025,10.250714285714285,0.9312244897959179,9.7075,0.0,1.97,1.97,1.6885714285714286,0.4824489795918367,1.97,0.0,0.0,0.0,0.0,0.0,0.0,15.0,194.0,179.0,40.57142857142857,43.83673469387755,15.0
mp-1025250,RhF6,Rh,Cubic,Im-3m,3.0,0.4285714285714285,7,False,9.0,45.0,36.0,14.142857142857142,8.816326530612244,9.0,59.0,93.0,34.0,88.14285714285714,8.3265306122449,93.0,18.9984032,102.9055,83.9070968,30.985131314285713,20.54867676734694,18.9984032,53.5,2237.0,2183.5,365.42857142857144,534.734693877551,53.5,9.0,17.0,8.0,15.857142857142858,1.9591836734693875,17.0,2.0,5.0,3.0,2.4285714285714284,0.7346938775510203,2.0,57.0,142.0,85.0,69.14285714285714,20.81632653061224,57.0,2.28,3.98,1.7000000000000002,3.737142857142857,0.41632653061224495,3.98,1.0,2.0,1.0,1.8571428571428572,0.24489795918367344,2.0,0.0,5.0,5.0,4.285714285714286,1.2244897959183676,5.0,0.0,8.0,8.0,1.1428571428571428,1.959183673469388,0.0,0.0,0.0,0.0,0.0,0.0,0.0,7.0,9.0,2.0,7.285714285714286,0.48979591836734687,7.0,0.0,1.0,1.0,0.14285714285714285,0.2448979591836735,0.0,0.0,1.0,1.0,0.8571428571428571,0.2448979591836735,1.0,0.0,2.0,2.0,0.2857142857142857,0.489795918367347,0.0,0.0,0.0,0.0,0.0,0.0,0.0,1.0,3.0,2.0,1.2857142857142858,0.489795918367347,1.0,9.7075,13.64,3.932500000000001,10.269285714285713,0.9630612244897956,9.7075,0.0,1.97,1.97,1.6885714285714286,0.4824489795918367,1.97,0.0,0.0,0.0,0.0,0.0,0.0,15.0,225.0,210.0,45.0,51.42857142857143,15.0
mp-1025373,TcF6,Tc,Cubic,Im-3m,1.0,0.1428571428571428,7,False,9.0,43.0,34.0,13.857142857142858,8.326530612244898,9.0,53.0,93.0,40.0,87.28571428571429,9.795918367346934,93.0,18.9984032,98.0,79.0015968,30.284345599999998,19.34732982857143,18.9984032,53.5,2430.0,2376.5,393.0,582.0,53.5,7.0,17.0,10.0,15.571428571428571,2.448979591836735,17.0,2.0,5.0,3.0,2.4285714285714284,0.7346938775510203,2.0,57.0,147.0,90.0,69.85714285714286,22.040816326530614,57.0,1.9,3.98,2.08,3.6828571428571424,0.5093877551020412,3.98,2.0,2.0,0.0,2.0,0.0,2.0,0.0,5.0,5.0,4.285714285714286,1.2244897959183676,5.0,0.0,5.0,5.0,0.7142857142857143,1.2244897959183674,0.0,0.0,0.0,0.0,0.0,0.0,0.0,7.0,7.0,0.0,7.0,0.0,7.0,0.0,0.0,0.0,0.0,0.0,0.0,0.0,1.0,1.0,0.8571428571428571,0.2448979591836735,1.0,0.0,5.0,5.0,0.7142857142857143,1.2244897959183674,0.0,0.0,0.0,0.0,0.0,0.0,0.0,1.0,5.0,4.0,1.5714285714285714,0.979591836734694,1.0,9.7075,14.285,4.577500000000001,10.361428571428572,1.1210204081632662,9.7075,0.0,1.97,1.97,1.6885714285714286,0.4824489795918367,1.97,0.0,0.0,0.0,0.0,0.0,0.0,15.0,194.0,179.0,40.57142857142857,43.83673469387755,15.0
mp-1025374,ReF6,Re,Cubic,Im-3m,1.0000001,0.1428571571428571,7,True,9.0,75.0,66.0,18.428571428571427,16.163265306122447,9.0,54.0,93.0,39.0,87.42857142857143,9.551020408163264,93.0,18.9984032,186.207,167.2085968,42.8853456,40.94904411428571,18.9984032,53.5,3459.0,3405.5,540.0,834.0,53.5,7.0,17.0,10.0,15.571428571428571,2.448979591836735,17.0,2.0,6.0,4.0,2.5714285714285716,0.979591836734694,2.0,57.0,151.0,94.0,70.42857142857143,23.02040816326531,57.0,1.9,3.98,2.08,3.6828571428571424,0.5093877551020412,3.98,2.0,2.0,0.0,2.0,0.0,2.0,0.0,5.0,5.0,4.285714285714286,1.2244897959183676,5.0,0.0,5.0,5.0,0.7142857142857143,1.2244897959183674,0.0,0.0,14.0,14.0,2.0,3.4285714285714284,0.0,7.0,21.0,14.0,9.0,3.4285714285714284,7.0,0.0,0.0,0.0,0.0,0.0,0.0,0.0,1.0,1.0,0.8571428571428571,0.2448979591836735,1.0,0.0,5.0,5.0,0.7142857142857143,1.2244897959183674,0.0,0.0,0.0,0.0,0.0,0.0,0.0,1.0,5.0,4.0,1.5714285714285714,0.979591836734694,1.0,9.7075,14.655,4.9475,10.414285714285713,1.2116326530612238,9.7075,0.0,1.97,1.97,1.6885714285714286,0.4824489795918367,1.97,0.0,0.0,0.0,0.0,0.0,0.0,15.0,194.0,179.0,40.57142857142857,43.83673469387755,15.0
mp-1025442,IrI3,Ir,Monoclinic,C2/m,0.0,0.0,8,True,53.0,77.0,24.0,59.0,9.0,53.0,60.0,96.0,36.0,87.0,13.5,96.0,126.90447,192.217,65.31253000000001,143.2326025,24.492198750000007,126.90447,386.85,2739.0,2352.15,974.8875,882.0562500000001,386.85,9.0,17.0,8.0,15.0,3.0,17.0,5.0,6.0,1.0,5.25,0.375,5.0,139.0,141.0,2.0,139.5,0.75,139.0,2.2,2.66,0.45999999999999996,2.545,0.1725000000000001,2.66,2.0,2.0,0.0,2.0,0.0,2.0,0.0,5.0,5.0,3.75,1.875,5.0,7.0,10.0,3.0,9.25,1.125,10.0,0.0,14.0,14.0,3.5,5.25,0.0,17.0,23.0,6.0,18.5,2.25,17.0,0.0,0.0,0.0,0.0,0.0,0.0,0.0,1.0,1.0,0.75,0.375,1.0,0.0,3.0,3.0,0.75,1.125,0.0,0.0,0.0,0.0,0.0,0.0,0.0,1.0,3.0,2.0,1.5,0.75,1.0,14.21,43.015,28.805,35.813750000000006,10.801874999999997,43.015,0.0,1.062,1.062,0.7965,0.39825000000000005,1.062,0.0,0.0,0.0,0.0,0.0,0.0,64.0,225.0,161.0,104.25,60.375,64.0
mp-1041606,CrF5,Cr,Orthorhombic,Cmcm,5.5770306,0.46475255,12,False,9.0,24.0,15.0,11.5,4.166666666666667,9.0,49.0,93.0,44.0,85.66666666666667,12.22222222222222,93.0,18.9984032,51.9961,32.9976968,24.498019333333332,9.166026888888888,18.9984032,53.5,2180.0,2126.5,407.9166666666667,590.6944444444445,53.5,6.0,17.0,11.0,15.166666666666666,3.055555555555556,17.0,2.0,4.0,2.0,2.3333333333333335,0.5555555555555557,2.0,57.0,139.0,82.0,70.66666666666667,22.777777777777782,57.0,1.66,3.98,2.3200000000000003,3.5933333333333333,0.6444444444444445,3.98,1.0,2.0,1.0,1.8333333333333333,0.27777777777777785,2.0,0.0,5.0,5.0,4.166666666666667,1.3888888888888886,5.0,0.0,5.0,5.0,0.8333333333333334,1.388888888888889,0.0,0.0,0.0,0.0,0.0,0.0,0.0,6.0,7.0,1.0,6.833333333333333,0.27777777777777796,7.0,0.0,1.0,1.0,0.16666666666666666,0.27777777777777773,0.0,0.0,1.0,1.0,0.8333333333333334,0.27777777777777773,1.0,0.0,5.0,5.0,0.8333333333333334,1.388888888888889,0.0,0.0,0.0,0.0,0.0,0.0,0.0,1.0,6.0,5.0,1.8333333333333333,1.3888888888888886,1.0,9.7075,11.19,1.4825,9.954583333333332,0.4118055555555549,9.7075,0.0,1.97,1.97,1.6416666666666666,0.5472222222222222,1.97,0.0,0.0,0.0,0.0,0.0,0.0,15.0,229.0,214.0,50.666666666666664,59.444444444444436,15.0
mp-1047356,TaF5,Ta,Orthorhombic,Cmcm,0.0023515,0.0001959583333333,12,False,9.0,73.0,64.0,19.666666666666668,17.77777777777778,9.0,48.0,93.0,45.0,85.5,12.5,93.0,18.9984032,180.94788,161.9494768,45.98998266666666,44.98596577777778,18.9984032,53.5,3290.0,3236.5,592.9166666666666,899.0277777777777,53.5,5.0,17.0,12.0,15.0,3.3333333333333335,17.0,2.0,6.0,4.0,2.6666666666666665,1.111111111111111,2.0,57.0,170.0,113.0,75.83333333333333,31.388888888888886,57.0,1.5,3.98,2.48,3.5666666666666664,0.6888888888888891,3.98,2.0,2.0,0.0,2.0,0.0,2.0,0.0,5.0,5.0,4.166666666666667,1.3888888888888886,5.0,0.0,3.0,3.0,0.5,0.8333333333333334,0.0,0.0,14.0,14.0,2.3333333333333335,3.8888888888888893,0.0,7.0,19.0,12.0,9.0,3.3333333333333335,7.0,0.0,0.0,0.0,0.0,0.0,0.0,0.0,1.0,1.0,0.8333333333333334,0.27777777777777773,1.0,0.0,7.0,7.0,1.1666666666666667,1.9444444444444446,0.0,0.0,0.0,0.0,0.0,0.0,0.0,1.0,7.0,6.0,2.0,1.6666666666666667,1.0,9.7075,18.12,8.412500000000001,11.109583333333333,2.336805555555556,9.7075,0.0,1.97,1.97,1.6416666666666666,0.5472222222222222,1.97,0.0,0.0,0.0,0.0,0.0,0.0,15.0,229.0,214.0,50.666666666666664,59.444444444444436,15.0
mp-1047607,MoF5,Mo,Orthorhombic,Cmcm,2.003097,0.1669247499999999,12,False,9.0,42.0,33.0,14.5,9.166666666666666,9.0,50.0,93.0,43.0,85.83333333333333,11.944444444444448,93.0,18.9984032,95.96,76.9615968,31.825335999999997,21.37822133333333,18.9984032,53.5,2896.0,2842.5,527.25,789.5833333333334,53.5,6.0,17.0,11.0,15.166666666666666,3.055555555555556,17.0,2.0,5.0,3.0,2.5,0.8333333333333334,2.0,57.0,154.0,97.0,73.16666666666667,26.944444444444446,57.0,2.16,3.98,1.8199999999999998,3.6766666666666663,0.5055555555555558,3.98,1.0,2.0,1.0,1.8333333333333333,0.27777777777777785,2.0,0.0,5.0,5.0,4.166666666666667,1.3888888888888886,5.0,0.0,5.0,5.0,0.8333333333333334,1.388888888888889,0.0,0.0,0.0,0.0,0.0,0.0,0.0,6.0,7.0,1.0,6.833333333333333,0.27777777777777796,7.0,0.0,1.0,1.0,0.16666666666666666,0.27777777777777773,0.0,0.0,1.0,1.0,0.8333333333333334,0.27777777777777773,1.0,0.0,5.0,5.0,0.8333333333333334,1.388888888888889,0.0,0.0,0.0,0.0,0.0,0.0,0.0,1.0,6.0,5.0,1.8333333333333333,1.3888888888888886,1.0,9.7075,15.69,5.9825,10.704583333333332,1.6618055555555549,9.7075,0.0,1.97,1.97,1.6416666666666666,0.5472222222222222,1.97,0.0,0.0,0.0,0.0,0.0,0.0,15.0,229.0,214.0,50.666666666666664,59.444444444444436,15.0
mp-1047615,WF5,W,Orthorhombic,Cmcm,2.000516,0.1667096666666666,12,False,9.0,74.0,65.0,19.833333333333332,18.055555555555554,9.0,51.0,93.0,42.0,86.0,11.666666666666666,93.0,18.9984032,183.84,164.8415968,46.47200266666667,45.78933244444445,18.9984032,53.5,3695.0,3641.5,660.4166666666666,1011.5277777777777,53.5,6.0,17.0,11.0,15.166666666666666,3.055555555555556,17.0,2.0,6.0,4.0,2.6666666666666665,1.111111111111111,2.0,57.0,162.0,105.0,74.5,29.166666666666668,57.0,2.36,3.98,1.62,3.7099999999999995,0.45000000000000034,3.98,2.0,2.0,0.0,2.0,0.0,2.0,0.0,5.0,5.0,4.166666666666667,1.3888888888888886,5.0,0.0,4.0,4.0,0.6666666666666666,1.111111111111111,0.0,0.0,14.0,14.0,2.3333333333333335,3.8888888888888893,0.0,7.0,20.0,13.0,9.166666666666666,3.6111111111111107,7.0,0.0,0.0,0.0,0.0,0.0,0.0,0.0,1.0,1.0,0.8333333333333334,0.27777777777777773,1.0,0.0,6.0,6.0,1.0,1.6666666666666667,0.0,0.0,0.0,0.0,0.0,0.0,0.0,1.0,6.0,5.0,1.8333333333333333,1.3888888888888886,1.0,9.7075,16.05,6.342500000000001,10.764583333333333,1.7618055555555554,9.7075,0.0,1.97,1.97,1.6416666666666666,0.5472222222222222,1.97,0.0,0.0,0.0,0.0,0.0,0.0,15.0,229.0,214.0,50.666666666666664,59.444444444444436,15.0
mp-1047795,VF5,V,Orthorhombic,Cmcm,3.7668161,0.3139013416666666,12,False,9.0,23.0,14.0,11.333333333333334,3.8888888888888893,9.0,46.0,93.0,47.0,85.16666666666667,13.055555555555552,93.0,18.9984032,50.9415,31.9430968,24.322252666666667,8.873082444444446,18.9984032,53.5,2183.0,2129.5,408.4166666666667,591.5277777777778,53.5,5.0,17.0,12.0,15.0,3.3333333333333335,17.0,2.0,4.0,2.0,2.3333333333333335,0.5555555555555557,2.0,57.0,153.0,96.0,73.0,26.666666666666668,57.0,1.63,3.98,2.35,3.588333333333333,0.652777777777778,3.98,2.0,2.0,0.0,2.0,0.0,2.0,0.0,5.0,5.0,4.166666666666667,1.3888888888888886,5.0,0.0,3.0,3.0,0.5,0.8333333333333334,0.0,0.0,0.0,0.0,0.0,0.0,0.0,5.0,7.0,2.0,6.666666666666667,0.5555555555555554,7.0,0.0,0.0,0.0,0.0,0.0,0.0,0.0,1.0,1.0,0.8333333333333334,0.27777777777777773,1.0,0.0,7.0,7.0,1.1666666666666667,1.9444444444444446,0.0,0.0,0.0,0.0,0.0,0.0,0.0,1.0,7.0,6.0,2.0,1.6666666666666667,1.0,9.7075,13.01,3.3025,10.257916666666665,0.9173611111111102,9.7075,0.0,1.97,1.97,1.6416666666666666,0.5472222222222222,1.97,0.0,0.0,0.0,0.0,0.0,0.0,15.0,229.0,214.0,50.666666666666664,59.444444444444436,15.0
mp-1049060,FeCl3,Fe,Triclinic,P1,10.0000003,1.2500000375,8,True,17.0,26.0,9.0,19.25,3.375,17.0,55.0,94.0,39.0,84.25,14.625,94.0,35.453,55.845,20.391999999999996,40.551,7.6469999999999985,35.453,171.6,1811.0,1639.4,581.45,614.7750000000001,171.6,8.0,17.0,9.0,14.75,3.375,17.0,3.0,4.0,1.0,3.25,0.375,3.0,102.0,132.0,30.0,109.5,11.25,102.0,1.83,3.16,1.33,2.8275,0.49875,3.16,2.0,2.0,0.0,2.0,0.0,2.0,0.0,5.0,5.0,3.75,1.875,5.0,0.0,6.0,6.0,1.5,2.25,0.0,0.0,0.0,0.0,0.0,0.0,0.0,7.0,8.0,1.0,7.25,0.375,7.0,0.0,0.0,0.0,0.0,0.0,0.0,0.0,1.0,1.0,0.75,0.375,1.0,0.0,4.0,4.0,1.0,1.5,0.0,0.0,0.0,0.0,0.0,0.0,0.0,1.0,4.0,3.0,1.75,1.125,1.0,10.73,24.4975,13.767499999999998,21.055625,5.162812499999999,24.4975,0.0,2.493,2.493,1.8697499999999998,0.934875,2.493,0.0,2.1106628,2.1106628,0.5276657,0.79149855,0.0,64.0,229.0,165.0,105.25,61.875,64.0
mp-1052892,VI3,V,Orthorhombic,Cmcm,4.0000013,0.5000001625,8,False,23.0,53.0,30.0,45.5,11.25,53.0,46.0,96.0,50.0,83.5,18.75,96.0,50.9415,126.90447,75.96297000000001,107.91372750000001,28.48611375,126.90447,386.85,2183.0,1796.15,835.8875,673.5562500000001,386.85,5.0,17.0,12.0,14.0,4.5,17.0,4.0,5.0,1.0,4.75,0.375,5.0,139.0,153.0,14.0,142.5,5.25,139.0,1.63,2.66,1.0300000000000002,2.4025,0.3862500000000002,2.66,2.0,2.0,0.0,2.0,0.0,2.0,0.0,5.0,5.0,3.75,1.875,5.0,3.0,10.0,7.0,8.25,2.625,10.0,0.0,0.0,0.0,0.0,0.0,0.0,5.0,17.0,12.0,14.0,4.5,17.0,0.0,0.0,0.0,0.0,0.0,0.0,0.0,1.0,1.0,0.75,0.375,1.0,0.0,7.0,7.0,1.75,2.625,0.0,0.0,0.0,0.0,0.0,0.0,0.0,1.0,7.0,6.0,2.5,2.25,1.0,13.01,43.015,30.005000000000003,35.51375,11.251875,43.015,0.0,1.062,1.062,0.7965,0.39825000000000005,1.062,0.0,0.0,0.0,0.0,0.0,0.0,64.0,229.0,165.0,105.25,61.875,64.0
mp-1058,PdF2,Pd,Tetragonal,P4_2/mnm,4.0,0.6666666666666666,6,False,9.0,46.0,37.0,21.333333333333332,16.444444444444443,9.0,62.0,93.0,31.0,82.66666666666667,13.777777777777777,93.0,18.9984032,106.42,87.4215968,48.13893546666666,38.85404302222222,18.9984032,53.5,1828.05,1774.55,645.0166666666667,788.6888888888889,53.5,10.0,17.0,7.0,14.666666666666666,3.111111111111111,17.0,2.0,5.0,3.0,3.0,1.3333333333333333,2.0,57.0,139.0,82.0,84.33333333333333,36.44444444444444,57.0,2.2,3.98,1.7799999999999998,3.3866666666666667,0.791111111111111,3.98,0.0,2.0,2.0,1.3333333333333333,0.888888888888889,2.0,0.0,5.0,5.0,3.3333333333333335,2.222222222222222,5.0,0.0,10.0,10.0,3.3333333333333335,4.444444444444444,0.0,0.0,0.0,0.0,0.0,0.0,0.0,7.0,10.0,3.0,8.0,1.3333333333333333,7.0,0.0,0.0,0.0,0.0,0.0,0.0,0.0,1.0,1.0,0.6666666666666666,0.4444444444444445,1.0,0.0,0.0,0.0,0.0,0.0,0.0,0.0,0.0,0.0,0.0,0.0,0.0,0.0,1.0,1.0,0.6666666666666666,0.4444444444444445,1.0,9.7075,14.41,4.702500000000001,11.275,2.0900000000000003,9.7075,0.0,1.97,1.97,1.3133333333333332,0.8755555555555556,1.97,0.0,0.0,0.0,0.0,0.0,0.0,15.0,225.0,210.0,85.0,93.33333333333333,15.0
mp-1059765,CoBr,Co,Hexagonal,P6/mmm,2.0247623,1.01238115,2,False,27.0,35.0,8.0,31.0,4.0,27.0,58.0,95.0,37.0,76.5,18.5,58.0,58.933195,79.904,20.970805,69.4185975,10.4854025,58.933195,265.8,1768.0,1502.2,1016.9,751.0999999999999,265.8,9.0,17.0,8.0,13.0,4.0,9.0,4.0,4.0,0.0,4.0,0.0,4.0,120.0,126.0,6.0,123.0,3.0,120.0,1.88,2.96,1.08,2.42,0.54,1.88,2.0,2.0,0.0,2.0,0.0,2.0,0.0,5.0,5.0,2.5,2.5,0.0,7.0,10.0,3.0,8.5,1.5,7.0,0.0,0.0,0.0,0.0,0.0,0.0,9.0,17.0,8.0,13.0,4.0,9.0,0.0,0.0,0.0,0.0,0.0,0.0,0.0,1.0,1.0,0.5,0.5,0.0,0.0,3.0,3.0,1.5,1.5,0.0,0.0,0.0,0.0,0.0,0.0,0.0,1.0,3.0,2.0,2.0,1.0,1.0,10.245,29.48,19.235,19.8625,9.6175,10.245,0.0,1.457,1.457,0.7285,0.7285,0.0,0.0,1.5484712,1.5484712,0.7742356,0.7742356,0.0,64.0,194.0,130.0,129.0,65.0,64.0
mp-1060967,AgBr,Ag,Cubic,Pm-3m,0.0004218,0.0002109,2,False,35.0,47.0,12.0,41.0,6.0,35.0,65.0,95.0,30.0,80.0,15.0,65.0,79.904,107.8682,27.964200000000005,93.8861,13.982100000000003,79.904,265.8,1234.93,969.1300000000001,750.365,484.56500000000005,265.8,11.0,17.0,6.0,14.0,3.0,11.0,4.0,5.0,1.0,4.5,0.5,4.0,120.0,145.0,25.0,132.5,12.5,120.0,1.93,2.96,1.03,2.445,0.515,1.93,1.0,2.0,1.0,1.5,0.5,1.0,0.0,5.0,5.0,2.5,2.5,0.0,10.0,10.0,0.0,10.0,0.0,10.0,0.0,0.0,0.0,0.0,0.0,0.0,11.0,17.0,6.0,14.0,3.0,11.0,0.0,1.0,1.0,0.5,0.5,0.0,0.0,1.0,1.0,0.5,0.5,0.0,0.0,0.0,0.0,0.0,0.0,0.0,0.0,0.0,0.0,0.0,0.0,0.0,1.0,1.0,0.0,1.0,0.0,1.0,16.33,29.48,13.150000000000002,22.905,6.575000000000001,16.33,0.0,1.457,1.457,0.7285,0.7285,0.0,0.0,0.0,0.0,0.0,0.0,0.0,64.0,225.0,161.0,144.5,80.5,64.0
mp-10634,CuF,Cu,Cubic,F-43m,0.0200218,0.0100109,2,False,9.0,29.0,20.0,19.0,10.0,9.0,64.0,93.0,29.0,78.5,14.5,64.0,18.9984032,63.546,44.5475968,41.2722016,22.2737984,18.9984032,53.5,1357.77,1304.27,705.635,652.135,53.5,11.0,17.0,6.0,14.0,3.0,11.0,2.0,4.0,2.0,3.0,1.0,2.0,57.0,132.0,75.0,94.5,37.5,57.0,1.9,3.98,2.08,2.94,1.04,1.9,1.0,2.0,1.0,1.5,0.5,1.0,0.0,5.0,5.0,2.5,2.5,0.0,0.0,10.0,10.0,5.0,5.0,0.0,0.0,0.0,0.0,0.0,0.0,0.0,7.0,11.0,4.0,9.0,2.0,7.0,0.0,1.0,1.0,0.5,0.5,0.0,0.0,1.0,1.0,0.5,0.5,0.0,0.0,0.0,0.0,0.0,0.0,0.0,0.0,0.0,0.0,0.0,0.0,0.0,1.0,1.0,0.0,1.0,0.0,1.0,9.7075,11.07,1.3625000000000007,10.38875,0.6812500000000004,9.7075,0.0,1.97,1.97,0.985,0.985,0.0,0.0,0.0,0.0,0.0,0.0,0.0,15.0,225.0,210.0,120.0,105.0,15.0
mp-1065846,ZrBr,Zr,Monoclinic,C2/m,1e-07,2.5e-08,4,False,35.0,40.0,5.0,37.5,2.5,35.0,44.0,95.0,51.0,69.5,25.5,44.0,79.904,91.224,11.320000000000007,85.564,5.660000000000004,79.904,265.8,2128.0,1862.2,1196.9,931.1,265.8,4.0,17.0,13.0,10.5,6.5,4.0,4.0,5.0,1.0,4.5,0.5,4.0,120.0,175.0,55.0,147.5,27.5,120.0,1.33,2.96,1.63,2.145,0.815,1.33,2.0,2.0,0.0,2.0,0.0,2.0,0.0,5.0,5.0,2.5,2.5,0.0,2.0,10.0,8.0,6.0,4.0,2.0,0.0,0.0,0.0,0.0,0.0,0.0,4.0,17.0,13.0,10.5,6.5,4.0,0.0,0.0,0.0,0.0,0.0,0.0,0.0,1.0,1.0,0.5,0.5,0.0,0.0,8.0,8.0,4.0,4.0,0.0,0.0,0.0,0.0,0.0,0.0,0.0,1.0,8.0,7.0,4.5,3.5,1.0,23.195,29.48,6.285,26.3375,3.1425,23.195,0.0,1.457,1.457,0.7285,0.7285,0.0,0.0,0.0,0.0,0.0,0.0,0.0,64.0,194.0,130.0,129.0,65.0,64.0
mp-1065933,YI,Y,Trigonal,P-3m1,1.4027713,0.350692825,4,False,39.0,53.0,14.0,46.0,7.0,39.0,12.0,96.0,84.0,54.0,42.0,12.0,88.90585,126.90447,37.99862,107.90516,18.99931,88.90585,386.85,1799.0,1412.15,1092.925,706.075,386.85,3.0,17.0,14.0,10.0,7.0,3.0,5.0,5.0,0.0,5.0,0.0,5.0,139.0,190.0,51.0,164.5,25.5,139.0,1.22,2.66,1.4400000000000002,1.94,0.7200000000000001,1.22,2.0,2.0,0.0,2.0,0.0,2.0,0.0,5.0,5.0,2.5,2.5,0.0,1.0,10.0,9.0,5.5,4.5,1.0,0.0,0.0,0.0,0.0,0.0,0.0,3.0,17.0,14.0,10.0,7.0,3.0,0.0,0.0,0.0,0.0,0.0,0.0,0.0,1.0,1.0,0.5,0.5,0.0,0.0,9.0,9.0,4.5,4.5,0.0,0.0,0.0,0.0,0.0,0.0,0.0,1.0,9.0,8.0,5.0,4.0,1.0,32.365,43.015,10.649999999999999,37.69,5.324999999999999,32.365,0.0,1.062,1.062,0.531,0.531,0.0,0.0,0.0,0.0,0.0,0.0,0.0,64.0,194.0,130.0,129.0,65.0,64.0
mp-1066783,ZrBr,Zr,Trigonal,P-3m1,0.0002936,7.34e-05,4,False,35.0,40.0,5.0,37.5,2.5,35.0,44.0,95.0,51.0,69.5,25.5,44.0,79.904,91.224,11.320000000000007,85.564,5.660000000000004,79.904,265.8,2128.0,1862.2,1196.9,931.1,265.8,4.0,17.0,13.0,10.5,6.5,4.0,4.0,5.0,1.0,4.5,0.5,4.0,120.0,175.0,55.0,147.5,27.5,120.0,1.33,2.96,1.63,2.145,0.815,1.33,2.0,2.0,0.0,2.0,0.0,2.0,0.0,5.0,5.0,2.5,2.5,0.0,2.0,10.0,8.0,6.0,4.0,2.0,0.0,0.0,0.0,0.0,0.0,0.0,4.0,17.0,13.0,10.5,6.5,4.0,0.0,0.0,0.0,0.0,0.0,0.0,0.0,1.0,1.0,0.5,0.5,0.0,0.0,8.0,8.0,4.0,4.0,0.0,0.0,0.0,0.0,0.0,0.0,0.0,1.0,8.0,7.0,4.5,3.5,1.0,23.195,29.48,6.285,26.3375,3.1425,23.195,0.0,1.457,1.457,0.7285,0.7285,0.0,0.0,0.0,0.0,0.0,0.0,0.0,64.0,194.0,130.0,129.0,65.0,64.0
mp-1067974,ZrCl,Zr,Trigonal,P-3m1,0.342458,0.0856145,4,False,17.0,40.0,23.0,28.5,11.5,17.0,44.0,94.0,50.0,69.0,25.0,44.0,35.453,91.224,55.771,63.3385,27.8855,35.453,171.6,2128.0,1956.4,1149.8,978.2,171.6,4.0,17.0,13.0,10.5,6.5,4.0,3.0,5.0,2.0,4.0,1.0,3.0,102.0,175.0,73.0,138.5,36.5,102.0,1.33,3.16,1.83,2.245,0.915,1.33,2.0,2.0,0.0,2.0,0.0,2.0,0.0,5.0,5.0,2.5,2.5,0.0,0.0,2.0,2.0,1.0,1.0,0.0,0.0,0.0,0.0,0.0,0.0,0.0,4.0,7.0,3.0,5.5,1.5,4.0,0.0,0.0,0.0,0.0,0.0,0.0,0.0,1.0,1.0,0.5,0.5,0.0,0.0,8.0,8.0,4.0,4.0,0.0,0.0,0.0,0.0,0.0,0.0,0.0,1.0,8.0,7.0,4.5,3.5,1.0,23.195,24.4975,1.3024999999999984,23.846249999999998,0.6512499999999992,23.195,0.0,2.493,2.493,1.2465,1.2465,0.0,0.0,0.0,0.0,0.0,0.0,0.0,64.0,194.0,130.0,129.0,65.0,64.0
mp-10694,ScF3,Sc,Cubic,Pm-3m,0.0,0.0,4,False,9.0,21.0,12.0,12.0,4.5,9.0,11.0,93.0,82.0,72.5,30.75,93.0,18.9984032,44.955912,25.9575088,25.4877804,9.7340658,18.9984032,53.5,1814.0,1760.5,493.625,660.1875,53.5,3.0,17.0,14.0,13.5,5.25,17.0,2.0,4.0,2.0,2.5,0.75,2.0,57.0,170.0,113.0,85.25,42.375,57.0,1.36,3.98,2.62,3.3249999999999997,0.9825000000000002,3.98,2.0,2.0,0.0,2.0,0.0,2.0,0.0,5.0,5.0,3.75,1.875,5.0,0.0,1.0,1.0,0.25,0.375,0.0,0.0,0.0,0.0,0.0,0.0,0.0,3.0,7.0,4.0,6.0,1.5,7.0,0.0,0.0,0.0,0.0,0.0,0.0,0.0,1.0,1.0,0.75,0.375,1.0,0.0,9.0,9.0,2.25,3.375,0.0,0.0,0.0,0.0,0.0,0.0,0.0,1.0,9.0,8.0,3.0,3.0,1.0,9.7075,22.235,12.5275,12.839375,4.6978125,9.7075,0.0,1.97,1.97,1.4775,0.73875,1.97,0.0,6.35e-06,6.35e-06,1.5875e-06,2.3812500000000003e-06,0.0,15.0,194.0,179.0,59.75,67.125,15.0
mp-1078114,ReCl6,Re,Trigonal,R-3,0.9995465,0.1427923571428571,7,True,17.0,75.0,58.0,25.285714285714285,14.20408163265306,17.0,54.0,94.0,40.0,88.28571428571429,9.795918367346934,94.0,35.453,186.207,150.754,56.989285714285714,36.91934693877551,35.453,171.6,3459.0,3287.4,641.2285714285715,805.0775510204082,171.6,7.0,17.0,10.0,15.571428571428571,2.448979591836735,17.0,3.0,6.0,3.0,3.4285714285714284,0.7346938775510203,3.0,102.0,151.0,49.0,109.0,12.0,102.0,1.9,3.16,1.2600000000000002,2.98,0.3085714285714287,3.16,2.0,2.0,0.0,2.0,0.0,2.0,0.0,5.0,5.0,4.285714285714286,1.2244897959183676,5.0,0.0,5.0,5.0,0.7142857142857143,1.2244897959183674,0.0,0.0,14.0,14.0,2.0,3.4285714285714284,0.0,7.0,21.0,14.0,9.0,3.4285714285714284,7.0,0.0,0.0,0.0,0.0,0.0,0.0,0.0,1.0,1.0,0.8571428571428571,0.2448979591836735,1.0,0.0,5.0,5.0,0.7142857142857143,1.2244897959183674,0.0,0.0,0.0,0.0,0.0,0.0,0.0,1.0,5.0,4.0,1.5714285714285714,0.979591836734694,1.0,14.655,24.4975,9.8425,23.09142857142857,2.410408163265307,24.4975,0.0,2.493,2.493,2.1368571428571426,0.610530612244898,2.493,0.0,0.0,0.0,0.0,0.0,0.0,64.0,194.0,130.0,82.57142857142857,31.83673469387755,64.0
mp-1078239,WBr4,W,Monoclinic,C2/m,2.0,0.2,10,False,35.0,74.0,39.0,42.8,12.479999999999999,35.0,51.0,95.0,44.0,86.2,14.079999999999998,95.0,79.904,183.84,103.936,100.69120000000001,33.25952000000001,79.904,265.8,3695.0,3429.2,951.64,1097.3439999999998,265.8,6.0,17.0,11.0,14.8,3.5199999999999996,17.0,4.0,6.0,2.0,4.4,0.6400000000000002,4.0,120.0,162.0,42.0,128.4,13.440000000000003,120.0,2.36,2.96,0.6000000000000001,2.84,0.1920000000000001,2.96,2.0,2.0,0.0,2.0,0.0,2.0,0.0,5.0,5.0,4.0,1.6,5.0,4.0,10.0,6.0,8.8,1.9199999999999995,10.0,0.0,14.0,14.0,2.8,4.4799999999999995,0.0,17.0,20.0,3.0,17.6,0.9600000000000009,17.0,0.0,0.0,0.0,0.0,0.0,0.0,0.0,1.0,1.0,0.8,0.31999999999999995,1.0,0.0,6.0,6.0,1.2,1.92,0.0,0.0,0.0,0.0,0.0,0.0,0.0,1.0,6.0,5.0,2.0,1.6,1.0,16.05,29.48,13.43,26.794,4.2976,29.48,0.0,1.457,1.457,1.1656,0.4662400000000001,1.457,0.0,0.0,0.0,0.0,0.0,0.0,64.0,229.0,165.0,97.0,52.8,64.0
mp-1078300,ScF3,Sc,Trigonal,R-3c,0.0,0.0,8,True,9.0,21.0,12.0,12.0,4.5,9.0,11.0,93.0,82.0,72.5,30.75,93.0,18.9984032,44.955912,25.9575088,25.4877804,9.7340658,18.9984032,53.5,1814.0,1760.5,493.625,660.1875,53.5,3.0,17.0,14.0,13.5,5.25,17.0,2.0,4.0,2.0,2.5,0.75,2.0,57.0,170.0,113.0,85.25,42.375,57.0,1.36,3.98,2.62,3.3249999999999997,0.9825000000000002,3.98,2.0,2.0,0.0,2.0,0.0,2.0,0.0,5.0,5.0,3.75,1.875,5.0,0.0,1.0,1.0,0.25,0.375,0.0,0.0,0.0,0.0,0.0,0.0,0.0,3.0,7.0,4.0,6.0,1.5,7.0,0.0,0.0,0.0,0.0,0.0,0.0,0.0,1.0,1.0,0.75,0.375,1.0,0.0,9.0,9.0,2.25,3.375,0.0,0.0,0.0,0.0,0.0,0.0,0.0,1.0,9.0,8.0,3.0,3.0,1.0,9.7075,22.235,12.5275,12.839375,4.6978125,9.7075,0.0,1.97,1.97,1.4775,0.73875,1.97,0.0,6.35e-06,6.35e-06,1.5875e-06,2.3812500000000003e-06,0.0,15.0,194.0,179.0,59.75,67.125,15.0
mp-1078708,TcCl3,Tc,Monoclinic,C2/m,1.999926,0.24999075,8,False,17.0,43.0,26.0,23.5,9.75,17.0,53.0,94.0,41.0,83.75,15.375,94.0,35.453,98.0,62.547,51.08975,23.455125,35.453,171.6,2430.0,2258.4,736.2,846.9000000000001,171.6,7.0,17.0,10.0,14.5,3.75,17.0,3.0,5.0,2.0,3.5,0.75,3.0,102.0,147.0,45.0,113.25,16.875,102.0,1.9,3.16,1.2600000000000002,2.845,0.47250000000000003,3.16,2.0,2.0,0.0,2.0,0.0,2.0,0.0,5.0,5.0,3.75,1.875,5.0,0.0,5.0,5.0,1.25,1.875,0.0,0.0,0.0,0.0,0.0,0.0,0.0,7.0,7.0,0.0,7.0,0.0,7.0,0.0,0.0,0.0,0.0,0.0,0.0,0.0,1.0,1.0,0.75,0.375,1.0,0.0,5.0,5.0,1.25,1.875,0.0,0.0,0.0,0.0,0.0,0.0,0.0,1.0,5.0,4.0,2.0,1.5,1.0,14.285,24.4975,10.212499999999999,21.944374999999997,3.8296875000000004,24.4975,0.0,2.493,2.493,1.8697499999999998,0.934875,2.493,0.0,0.0,0.0,0.0,0.0,0.0,64.0,194.0,130.0,96.5,48.75,64.0
mp-1080124,CdCl4,Cd,Orthorhombic,Cmce,4.000068,0.4000068,10,False,17.0,48.0,31.0,23.2,9.919999999999998,17.0,70.0,94.0,24.0,89.2,7.679999999999998,94.0,35.453,112.411,76.958,50.8446,24.626559999999998,35.453,171.6,594.22,422.62,256.12399999999997,135.2384,171.6,12.0,17.0,5.0,16.0,1.6,17.0,3.0,5.0,2.0,3.4,0.6399999999999999,3.0,102.0,144.0,42.0,110.4,13.440000000000003,102.0,1.69,3.16,1.4700000000000002,2.866,0.47040000000000004,3.16,2.0,2.0,0.0,2.0,0.0,2.0,0.0,5.0,5.0,4.0,1.6,5.0,0.0,10.0,10.0,2.0,3.2,0.0,0.0,0.0,0.0,0.0,0.0,0.0,7.0,12.0,5.0,8.0,1.6,7.0,0.0,0.0,0.0,0.0,0.0,0.0,0.0,1.0,1.0,0.8,0.31999999999999995,1.0,0.0,0.0,0.0,0.0,0.0,0.0,0.0,0.0,0.0,0.0,0.0,0.0,0.0,1.0,1.0,0.8,0.31999999999999995,1.0,19.495,24.4975,5.002499999999998,23.497,1.600799999999999,24.4975,0.0,2.493,2.493,1.9944,0.7977599999999999,2.493,0.0,0.0,0.0,0.0,0.0,0.0,64.0,194.0,130.0,90.0,41.6,64.0
mp-1080428,NbBr4,Nb,Monoclinic,C2/m,0.0,0.0,10,True,35.0,41.0,6.0,36.2,1.9200000000000017,35.0,47.0,95.0,48.0,85.4,15.359999999999996,95.0,79.904,92.90638,13.002380000000002,82.504476,4.160761600000001,79.904,265.8,2750.0,2484.2,762.64,794.9440000000001,265.8,5.0,17.0,12.0,14.6,3.8400000000000007,17.0,4.0,5.0,1.0,4.2,0.3200000000000001,4.0,120.0,164.0,44.0,128.8,14.080000000000007,120.0,1.6,2.96,1.3599999999999999,2.6879999999999997,0.43520000000000014,2.96,1.0,2.0,1.0,1.8,0.31999999999999995,2.0,0.0,5.0,5.0,4.0,1.6,5.0,4.0,10.0,6.0,8.8,1.9199999999999995,10.0,0.0,0.0,0.0,0.0,0.0,0.0,5.0,17.0,12.0,14.6,3.8400000000000007,17.0,0.0,1.0,1.0,0.2,0.32,0.0,0.0,1.0,1.0,0.8,0.31999999999999995,1.0,0.0,6.0,6.0,1.2,1.92,0.0,0.0,0.0,0.0,0.0,0.0,0.0,1.0,7.0,6.0,2.2,1.9200000000000004,1.0,18.18,29.48,11.3,27.22,3.616000000000001,29.48,0.0,1.457,1.457,1.1656,0.4662400000000001,1.457,0.0,0.0,0.0,0.0,0.0,0.0,64.0,229.0,165.0,97.0,52.8,64.0
mp-1094067,ScF3,Sc,Orthorhombic,Pnma,0.0007136,4.46e-05,16,False,9.0,21.0,12.0,12.0,4.5,9.0,11.0,93.0,82.0,72.5,30.75,93.0,18.9984032,44.955912,25.9575088,25.4877804,9.7340658,18.9984032,53.5,1814.0,1760.5,493.625,660.1875,53.5,3.0,17.0,14.0,13.5,5.25,17.0,2.0,4.0,2.0,2.5,0.75,2.0,57.0,170.0,113.0,85.25,42.375,57.0,1.36,3.98,2.62,3.3249999999999997,0.9825000000000002,3.98,2.0,2.0,0.0,2.0,0.0,2.0,0.0,5.0,5.0,3.75,1.875,5.0,0.0,1.0,1.0,0.25,0.375,0.0,0.0,0.0,0.0,0.0,0.0,0.0,3.0,7.0,4.0,6.0,1.5,7.0,0.0,0.0,0.0,0.0,0.0,0.0,0.0,1.0,1.0,0.75,0.375,1.0,0.0,9.0,9.0,2.25,3.375,0.0,0.0,0.0,0.0,0.0,0.0,0.0,1.0,9.0,8.0,3.0,3.0,1.0,9.7075,22.235,12.5275,12.839375,4.6978125,9.7075,0.0,1.97,1.97,1.4775,0.73875,1.97,0.0,6.35e-06,6.35e-06,1.5875e-06,2.3812500000000003e-06,0.0,15.0,194.0,179.0,59.75,67.125,15.0
mp-1094110,Ni5Cl6,Ni,Monoclinic,C2/m,5.9998977,0.5454452454545454,11,False,17.0,28.0,11.0,22.0,5.454545454545454,17.0,61.0,94.0,33.0,79.0,16.363636363636363,94.0,35.453,58.6934,23.240399999999994,46.01681818181818,11.524165289256196,35.453,171.6,1728.0,1556.4,879.0545454545455,771.7685950413222,171.6,10.0,17.0,7.0,13.818181818181818,3.4710743801652897,17.0,3.0,4.0,1.0,3.4545454545454546,0.4958677685950414,3.0,102.0,124.0,22.0,112.0,10.909090909090908,102.0,1.91,3.16,1.2500000000000002,2.591818181818182,0.6198347107438017,3.16,2.0,2.0,0.0,2.0,0.0,2.0,0.0,5.0,5.0,2.727272727272727,2.479338842975207,5.0,0.0,8.0,8.0,3.6363636363636362,3.9669421487603302,0.0,0.0,0.0,0.0,0.0,0.0,0.0,7.0,10.0,3.0,8.363636363636363,1.487603305785124,7.0,0.0,0.0,0.0,0.0,0.0,0.0,0.0,1.0,1.0,0.5454545454545454,0.4958677685950414,1.0,0.0,2.0,2.0,0.9090909090909091,0.9917355371900826,0.0,0.0,0.0,0.0,0.0,0.0,0.0,1.0,2.0,1.0,1.4545454545454546,0.4958677685950414,1.0,10.32,24.4975,14.177499999999998,18.053181818181816,7.030165289256198,24.4975,0.0,2.493,2.493,1.3598181818181816,1.236198347107438,2.493,0.0,0.5953947,0.5953947,0.2706339545454546,0.2952370413223141,0.0,64.0,225.0,161.0,137.1818181818182,79.83471074380166,64.0
mp-1094137,Ni15Cl16,Ni,Cubic,Im-3m,15.9979755,0.5160637258064517,31,False,17.0,28.0,11.0,22.322580645161292,5.494276795005202,17.0,61.0,94.0,33.0,78.03225806451613,16.48283038501561,94.0,35.453,58.6934,23.240399999999994,46.698354838709676,11.608108220603535,35.453,171.6,1728.0,1556.4,924.6967741935483,777.3902185223725,171.6,10.0,17.0,7.0,13.612903225806452,3.4963579604578565,17.0,3.0,4.0,1.0,3.4838709677419355,0.49947970863683666,3.0,102.0,124.0,22.0,112.64516129032258,10.988553590010405,102.0,1.91,3.16,1.2500000000000002,2.555161290322581,0.624349635796046,3.16,2.0,2.0,0.0,2.0,0.0,2.0,0.0,5.0,5.0,2.5806451612903225,2.4973985431841834,5.0,0.0,8.0,8.0,3.870967741935484,3.9958376690946933,0.0,0.0,0.0,0.0,0.0,0.0,0.0,7.0,10.0,3.0,8.451612903225806,1.4984391259105099,7.0,0.0,0.0,0.0,0.0,0.0,0.0,0.0,1.0,1.0,0.5161290322580645,0.49947970863683666,1.0,0.0,2.0,2.0,0.967741935483871,0.9989594172736733,0.0,0.0,0.0,0.0,0.0,0.0,0.0,1.0,2.0,1.0,1.4838709677419355,0.49947970863683666,1.0,10.32,24.4975,14.177499999999998,17.63741935483871,7.0813735691987505,24.4975,0.0,2.493,2.493,1.2867096774193547,1.2452029136316336,2.493,0.0,0.5953947,0.5953947,0.2880942096774194,0.2973875712799168,0.0,64.0,225.0,161.0,141.90322580645162,80.4162330905307,64.0
mp-1095321,WBr5,W,Triclinic,P-1,1.9999998,0.16666665,12,False,35.0,74.0,39.0,41.5,10.833333333333334,35.0,51.0,95.0,44.0,87.66666666666667,12.22222222222222,95.0,79.904,183.84,103.936,97.22666666666667,28.87111111111112,79.904,265.8,3695.0,3429.2,837.3333333333334,952.5555555555555,265.8,6.0,17.0,11.0,15.166666666666666,3.055555555555556,17.0,4.0,6.0,2.0,4.333333333333333,0.5555555555555554,4.0,120.0,162.0,42.0,127.0,11.666666666666666,120.0,2.36,2.96,0.6000000000000001,2.86,0.16666666666666674,2.96,2.0,2.0,0.0,2.0,0.0,2.0,0.0,5.0,5.0,4.166666666666667,1.3888888888888886,5.0,4.0,10.0,6.0,9.0,1.6666666666666667,10.0,0.0,14.0,14.0,2.3333333333333335,3.8888888888888893,0.0,17.0,20.0,3.0,17.5,0.8333333333333334,17.0,0.0,0.0,0.0,0.0,0.0,0.0,0.0,1.0,1.0,0.8333333333333334,0.27777777777777773,1.0,0.0,6.0,6.0,1.0,1.6666666666666667,0.0,0.0,0.0,0.0,0.0,0.0,0.0,1.0,6.0,5.0,1.8333333333333333,1.3888888888888886,1.0,16.05,29.48,13.43,27.24166666666667,3.730555555555553,29.48,0.0,1.457,1.457,1.2141666666666666,0.40472222222222226,1.457,0.0,0.0,0.0,0.0,0.0,0.0,64.0,229.0,165.0,91.5,45.833333333333336,64.0
mp-1096769,Ni3Cl4,Ni,Monoclinic,C2/m,8.0000272,0.5714305142857142,14,False,17.0,28.0,11.0,21.714285714285715,5.387755102040816,17.0,61.0,94.0,33.0,79.85714285714286,16.163265306122447,94.0,35.453,58.6934,23.240399999999994,45.41317142857143,11.383053061224487,35.453,171.6,1728.0,1556.4,838.6285714285714,762.3183673469388,171.6,10.0,17.0,7.0,14.0,3.4285714285714284,17.0,3.0,4.0,1.0,3.4285714285714284,0.4897959183673469,3.0,102.0,124.0,22.0,111.42857142857143,10.775510204081632,102.0,1.91,3.16,1.2500000000000002,2.6242857142857146,0.6122448979591838,3.16,2.0,2.0,0.0,2.0,0.0,2.0,0.0,5.0,5.0,2.857142857142857,2.4489795918367347,5.0,0.0,8.0,8.0,3.4285714285714284,3.9183673469387754,0.0,0.0,0.0,0.0,0.0,0.0,0.0,7.0,10.0,3.0,8.285714285714286,1.469387755102041,7.0,0.0,0.0,0.0,0.0,0.0,0.0,0.0,1.0,1.0,0.5714285714285714,0.489795918367347,1.0,0.0,2.0,2.0,0.8571428571428571,0.9795918367346939,0.0,0.0,0.0,0.0,0.0,0.0,0.0,1.0,2.0,1.0,1.4285714285714286,0.489795918367347,1.0,10.32,24.4975,14.177499999999998,18.42142857142857,6.94408163265306,24.4975,0.0,2.493,2.493,1.4245714285714286,1.221061224489796,2.493,0.0,0.5953947,0.5953947,0.2551691571428572,0.29162189387755105,0.0,64.0,225.0,161.0,133.0,78.85714285714286,64.0
mp-1096770,Ni3Cl4,Ni,Orthorhombic,Cmmm,3.9991325,0.5713046428571429,7,False,17.0,28.0,11.0,21.714285714285715,5.387755102040816,17.0,61.0,94.0,33.0,79.85714285714286,16.163265306122447,94.0,35.453,58.6934,23.240399999999994,45.41317142857143,11.383053061224487,35.453,171.6,1728.0,1556.4,838.6285714285714,762.3183673469388,171.6,10.0,17.0,7.0,14.0,3.4285714285714284,17.0,3.0,4.0,1.0,3.4285714285714284,0.4897959183673469,3.0,102.0,124.0,22.0,111.42857142857143,10.775510204081632,102.0,1.91,3.16,1.2500000000000002,2.6242857142857146,0.6122448979591838,3.16,2.0,2.0,0.0,2.0,0.0,2.0,0.0,5.0,5.0,2.857142857142857,2.4489795918367347,5.0,0.0,8.0,8.0,3.4285714285714284,3.9183673469387754,0.0,0.0,0.0,0.0,0.0,0.0,0.0,7.0,10.0,3.0,8.285714285714286,1.469387755102041,7.0,0.0,0.0,0.0,0.0,0.0,0.0,0.0,1.0,1.0,0.5714285714285714,0.489795918367347,1.0,0.0,2.0,2.0,0.8571428571428571,0.9795918367346939,0.0,0.0,0.0,0.0,0.0,0.0,0.0,1.0,2.0,1.0,1.4285714285714286,0.489795918367347,1.0,10.32,24.4975,14.177499999999998,18.42142857142857,6.94408163265306,24.4975,0.0,2.493,2.493,1.4245714285714286,1.221061224489796,2.493,0.0,0.5953947,0.5953947,0.2551691571428572,0.29162189387755105,0.0,64.0,225.0,161.0,133.0,78.85714285714286,64.0
mp-1096937,CuI,Cu,Cubic,Fm-3m,0.000364,0.000182,2,False,29.0,53.0,24.0,41.0,12.0,29.0,64.0,96.0,32.0,80.0,16.0,64.0,63.546,126.90447,63.358470000000004,95.225235,31.679235000000002,63.546,386.85,1357.77,970.92,872.31,485.46,386.85,11.0,17.0,6.0,14.0,3.0,11.0,4.0,5.0,1.0,4.5,0.5,4.0,132.0,139.0,7.0,135.5,3.5,132.0,1.9,2.66,0.7600000000000002,2.2800000000000002,0.3800000000000001,1.9,1.0,2.0,1.0,1.5,0.5,1.0,0.0,5.0,5.0,2.5,2.5,0.0,10.0,10.0,0.0,10.0,0.0,10.0,0.0,0.0,0.0,0.0,0.0,0.0,11.0,17.0,6.0,14.0,3.0,11.0,0.0,1.0,1.0,0.5,0.5,0.0,0.0,1.0,1.0,0.5,0.5,0.0,0.0,0.0,0.0,0.0,0.0,0.0,0.0,0.0,0.0,0.0,0.0,0.0,1.0,1.0,0.0,1.0,0.0,1.0,11.07,43.015,31.945,27.0425,15.9725,11.07,0.0,1.062,1.062,0.531,0.531,0.0,0.0,0.0,0.0,0.0,0.0,0.0,64.0,225.0,161.0,144.5,80.5,64.0
mp-1096967,FeF3,Fe,Orthorhombic,Cmcm,29.9999958,1.249999825,24,False,9.0,26.0,17.0,13.25,6.375,9.0,55.0,93.0,38.0,83.5,14.25,93.0,18.9984032,55.845,36.8465968,28.2100524,13.8174738,18.9984032,53.5,1811.0,1757.5,492.875,659.0625,53.5,8.0,17.0,9.0,14.75,3.375,17.0,2.0,4.0,2.0,2.5,0.75,2.0,57.0,132.0,75.0,75.75,28.125,57.0,1.83,3.98,2.15,3.4425,0.80625,3.98,2.0,2.0,0.0,2.0,0.0,2.0,0.0,5.0,5.0,3.75,1.875,5.0,0.0,6.0,6.0,1.5,2.25,0.0,0.0,0.0,0.0,0.0,0.0,0.0,7.0,8.0,1.0,7.25,0.375,7.0,0.0,0.0,0.0,0.0,0.0,0.0,0.0,1.0,1.0,0.75,0.375,1.0,0.0,4.0,4.0,1.0,1.5,0.0,0.0,0.0,0.0,0.0,0.0,0.0,1.0,4.0,3.0,1.75,1.125,1.0,9.7075,10.73,1.0225000000000009,9.963125,0.3834375000000003,9.7075,0.0,1.97,1.97,1.4775,0.73875,1.97,0.0,2.1106628,2.1106628,0.5276657,0.79149855,0.0,15.0,229.0,214.0,68.5,80.25,15.0
mp-1100763,Pt3F,Pt,Cubic,Fm-3m,0.203361,0.05084025,4,False,9.0,78.0,69.0,60.75,25.875,78.0,63.0,93.0,30.0,70.5,11.25,63.0,18.9984032,195.084,176.08559680000002,151.06260079999998,66.03209880000001,195.084,53.5,2041.4,1987.9,1544.4250000000002,745.4625,2041.4,10.0,17.0,7.0,11.75,2.625,10.0,2.0,6.0,4.0,5.0,1.5,6.0,57.0,136.0,79.0,116.25,29.625,136.0,2.28,3.98,1.7000000000000002,2.705,0.6375000000000002,2.28,1.0,2.0,1.0,1.25,0.375,1.0,0.0,5.0,5.0,1.25,1.875,0.0,0.0,9.0,9.0,6.75,3.375,9.0,0.0,14.0,14.0,10.5,5.25,14.0,7.0,24.0,17.0,19.75,6.375,24.0,0.0,1.0,1.0,0.75,0.375,1.0,0.0,1.0,1.0,0.25,0.375,0.0,0.0,1.0,1.0,0.75,0.375,1.0,0.0,0.0,0.0,0.0,0.0,0.0,1.0,2.0,1.0,1.75,0.375,2.0,9.7075,15.02,5.3125,13.691875,1.9921875,15.02,0.0,1.97,1.97,0.4925,0.73875,0.0,0.0,0.0,0.0,0.0,0.0,0.0,15.0,225.0,210.0,172.5,78.75,225.0
mp-1100795,ZrCl3,Zr,Triclinic,P-1,0.0,0.0,8,True,17.0,40.0,23.0,22.75,8.625,17.0,44.0,94.0,50.0,81.5,18.75,94.0,35.453,91.224,55.771,49.39575000000001,20.914125000000002,35.453,171.6,2128.0,1956.4,660.7,733.6500000000001,171.6,4.0,17.0,13.0,13.75,4.875,17.0,3.0,5.0,2.0,3.5,0.75,3.0,102.0,175.0,73.0,120.25,27.375,102.0,1.33,3.16,1.83,2.7025,0.68625,3.16,2.0,2.0,0.0,2.0,0.0,2.0,0.0,5.0,5.0,3.75,1.875,5.0,0.0,2.0,2.0,0.5,0.75,0.0,0.0,0.0,0.0,0.0,0.0,0.0,4.0,7.0,3.0,6.25,1.125,7.0,0.0,0.0,0.0,0.0,0.0,0.0,0.0,1.0,1.0,0.75,0.375,1.0,0.0,8.0,8.0,2.0,3.0,0.0,0.0,0.0,0.0,0.0,0.0,0.0,1.0,8.0,7.0,2.75,2.625,1.0,23.195,24.4975,1.3024999999999984,24.171875,0.48843749999999897,24.4975,0.0,2.493,2.493,1.8697499999999998,0.934875,2.493,0.0,0.0,0.0,0.0,0.0,0.0,64.0,194.0,130.0,96.5,48.75,64.0
mp-1101189,VF5,V,Monoclinic,P2_1/c,0.0,0.0,24,False,9.0,23.0,14.0,11.333333333333334,3.8888888888888893,9.0,46.0,93.0,47.0,85.16666666666667,13.055555555555552,93.0,18.9984032,50.9415,31.9430968,24.322252666666667,8.873082444444446,18.9984032,53.5,2183.0,2129.5,408.4166666666667,591.5277777777778,53.5,5.0,17.0,12.0,15.0,3.3333333333333335,17.0,2.0,4.0,2.0,2.3333333333333335,0.5555555555555557,2.0,57.0,153.0,96.0,73.0,26.666666666666668,57.0,1.63,3.98,2.35,3.588333333333333,0.652777777777778,3.98,2.0,2.0,0.0,2.0,0.0,2.0,0.0,5.0,5.0,4.166666666666667,1.3888888888888886,5.0,0.0,3.0,3.0,0.5,0.8333333333333334,0.0,0.0,0.0,0.0,0.0,0.0,0.0,5.0,7.0,2.0,6.666666666666667,0.5555555555555554,7.0,0.0,0.0,0.0,0.0,0.0,0.0,0.0,1.0,1.0,0.8333333333333334,0.27777777777777773,1.0,0.0,7.0,7.0,1.1666666666666667,1.9444444444444446,0.0,0.0,0.0,0.0,0.0,0.0,0.0,1.0,7.0,6.0,2.0,1.6666666666666667,1.0,9.7075,13.01,3.3025,10.257916666666665,0.9173611111111102,9.7075,0.0,1.97,1.97,1.6416666666666666,0.5472222222222222,1.97,0.0,0.0,0.0,0.0,0.0,0.0,15.0,229.0,214.0,50.666666666666664,59.444444444444436,15.0
mp-1101190,VF4,V,Monoclinic,P2_1/c,4.0005104,0.2000255199999999,20,False,9.0,23.0,14.0,11.8,4.48,9.0,46.0,93.0,47.0,83.6,15.040000000000003,93.0,18.9984032,50.9415,31.9430968,25.38702256,10.221790976,18.9984032,53.5,2183.0,2129.5,479.4,681.4399999999999,53.5,5.0,17.0,12.0,14.6,3.8400000000000007,17.0,2.0,4.0,2.0,2.4,0.6399999999999999,2.0,57.0,153.0,96.0,76.2,30.720000000000006,57.0,1.63,3.98,2.35,3.5100000000000002,0.7519999999999999,3.98,2.0,2.0,0.0,2.0,0.0,2.0,0.0,5.0,5.0,4.0,1.6,5.0,0.0,3.0,3.0,0.6,0.96,0.0,0.0,0.0,0.0,0.0,0.0,0.0,5.0,7.0,2.0,6.6,0.6400000000000002,7.0,0.0,0.0,0.0,0.0,0.0,0.0,0.0,1.0,1.0,0.8,0.31999999999999995,1.0,0.0,7.0,7.0,1.4,2.2399999999999998,0.0,0.0,0.0,0.0,0.0,0.0,0.0,1.0,7.0,6.0,2.2,1.9200000000000004,1.0,9.7075,13.01,3.3025,10.367999999999999,1.0567999999999995,9.7075,0.0,1.97,1.97,1.576,0.6304,1.97,0.0,0.0,0.0,0.0,0.0,0.0,15.0,229.0,214.0,57.8,68.47999999999999,15.0
mp-1101191,V3F10,V,Orthorhombic,P222_1,9.9998626,0.3846101,26,False,9.0,23.0,14.0,12.23076923076923,4.970414201183432,9.0,46.0,93.0,47.0,82.15384615384616,16.686390532544376,93.0,18.9984032,50.9415,31.9430968,26.369887076923078,11.340744426035505,18.9984032,53.5,2183.0,2129.5,544.9230769230769,756.03550295858,53.5,5.0,17.0,12.0,14.23076923076923,4.260355029585799,17.0,2.0,4.0,2.0,2.4615384615384617,0.7100591715976332,2.0,57.0,153.0,96.0,79.15384615384616,34.082840236686394,57.0,1.63,3.98,2.35,3.4376923076923074,0.8343195266272191,3.98,2.0,2.0,0.0,2.0,0.0,2.0,0.0,5.0,5.0,3.8461538461538463,1.7751479289940826,5.0,0.0,3.0,3.0,0.6923076923076923,1.0650887573964498,0.0,0.0,0.0,0.0,0.0,0.0,0.0,5.0,7.0,2.0,6.538461538461538,0.7100591715976332,7.0,0.0,0.0,0.0,0.0,0.0,0.0,0.0,1.0,1.0,0.7692307692307693,0.35502958579881655,1.0,0.0,7.0,7.0,1.6153846153846154,2.485207100591716,0.0,0.0,0.0,0.0,0.0,0.0,0.0,1.0,7.0,6.0,2.3846153846153846,2.1301775147928996,1.0,9.7075,13.01,3.3025,10.469615384615384,1.1724852071005918,9.7075,0.0,1.97,1.97,1.5153846153846153,0.6994082840236686,1.97,0.0,0.0,0.0,0.0,0.0,0.0,15.0,229.0,214.0,64.38461538461539,75.97633136094674,15.0
mp-1101193,VF4,V,Monoclinic,P2_1/c,4.0000467,0.200002335,20,False,9.0,23.0,14.0,11.8,4.48,9.0,46.0,93.0,47.0,83.6,15.040000000000003,93.0,18.9984032,50.9415,31.9430968,25.38702256,10.221790976,18.9984032,53.5,2183.0,2129.5,479.4,681.4399999999999,53.5,5.0,17.0,12.0,14.6,3.8400000000000007,17.0,2.0,4.0,2.0,2.4,0.6399999999999999,2.0,57.0,153.0,96.0,76.2,30.720000000000006,57.0,1.63,3.98,2.35,3.5100000000000002,0.7519999999999999,3.98,2.0,2.0,0.0,2.0,0.0,2.0,0.0,5.0,5.0,4.0,1.6,5.0,0.0,3.0,3.0,0.6,0.96,0.0,0.0,0.0,0.0,0.0,0.0,0.0,5.0,7.0,2.0,6.6,0.6400000000000002,7.0,0.0,0.0,0.0,0.0,0.0,0.0,0.0,1.0,1.0,0.8,0.31999999999999995,1.0,0.0,7.0,7.0,1.4,2.2399999999999998,0.0,0.0,0.0,0.0,0.0,0.0,0.0,1.0,7.0,6.0,2.2,1.9200000000000004,1.0,9.7075,13.01,3.3025,10.367999999999999,1.0567999999999995,9.7075,0.0,1.97,1.97,1.576,0.6304,1.97,0.0,0.0,0.0,0.0,0.0,0.0,15.0,229.0,214.0,57.8,68.47999999999999,15.0
mp-1101210,VF5,V,Orthorhombic,Pnma,0.0,0.0,24,False,9.0,23.0,14.0,11.333333333333334,3.8888888888888893,9.0,46.0,93.0,47.0,85.16666666666667,13.055555555555552,93.0,18.9984032,50.9415,31.9430968,24.322252666666667,8.873082444444446,18.9984032,53.5,2183.0,2129.5,408.4166666666667,591.5277777777778,53.5,5.0,17.0,12.0,15.0,3.3333333333333335,17.0,2.0,4.0,2.0,2.3333333333333335,0.5555555555555557,2.0,57.0,153.0,96.0,73.0,26.666666666666668,57.0,1.63,3.98,2.35,3.588333333333333,0.652777777777778,3.98,2.0,2.0,0.0,2.0,0.0,2.0,0.0,5.0,5.0,4.166666666666667,1.3888888888888886,5.0,0.0,3.0,3.0,0.5,0.8333333333333334,0.0,0.0,0.0,0.0,0.0,0.0,0.0,5.0,7.0,2.0,6.666666666666667,0.5555555555555554,7.0,0.0,0.0,0.0,0.0,0.0,0.0,0.0,1.0,1.0,0.8333333333333334,0.27777777777777773,1.0,0.0,7.0,7.0,1.1666666666666667,1.9444444444444446,0.0,0.0,0.0,0.0,0.0,0.0,0.0,1.0,7.0,6.0,2.0,1.6666666666666667,1.0,9.7075,13.01,3.3025,10.257916666666665,0.9173611111111102,9.7075,0.0,1.97,1.97,1.6416666666666666,0.5472222222222222,1.97,0.0,0.0,0.0,0.0,0.0,0.0,15.0,229.0,214.0,50.666666666666664,59.444444444444436,15.0
mp-1101228,V2F9,V,Hexagonal,P6_3cm,1.9999506,0.0909068454545454,22,False,9.0,23.0,14.0,11.545454545454545,4.165289256198347,9.0,46.0,93.0,47.0,84.45454545454545,13.983471074380164,93.0,18.9984032,50.9415,31.9430968,24.80623898181818,9.503731279338842,18.9984032,53.5,2183.0,2129.5,440.6818181818182,633.5702479338843,53.5,5.0,17.0,12.0,14.818181818181818,3.5702479338842967,17.0,2.0,4.0,2.0,2.3636363636363638,0.5950413223140497,2.0,57.0,153.0,96.0,74.45454545454545,28.561983471074374,57.0,1.63,3.98,2.35,3.5527272727272727,0.6991735537190084,3.98,2.0,2.0,0.0,2.0,0.0,2.0,0.0,5.0,5.0,4.090909090909091,1.4876033057851243,5.0,0.0,3.0,3.0,0.5454545454545454,0.8925619834710742,0.0,0.0,0.0,0.0,0.0,0.0,0.0,5.0,7.0,2.0,6.636363636363637,0.5950413223140494,7.0,0.0,0.0,0.0,0.0,0.0,0.0,0.0,1.0,1.0,0.8181818181818182,0.29752066115702475,1.0,0.0,7.0,7.0,1.2727272727272727,2.0826446280991737,0.0,0.0,0.0,0.0,0.0,0.0,0.0,1.0,7.0,6.0,2.090909090909091,1.7851239669421484,1.0,9.7075,13.01,3.3025,10.307954545454544,0.9825619834710739,9.7075,0.0,1.97,1.97,1.6118181818181818,0.5861157024793389,1.97,0.0,0.0,0.0,0.0,0.0,0.0,15.0,229.0,214.0,53.90909090909091,63.669421487603294,15.0
mp-1101229,V2F9,V,Hexagonal,P6_3/mcm,1.9931587,0.0905981227272727,22,False,9.0,23.0,14.0,11.545454545454545,4.165289256198347,9.0,46.0,93.0,47.0,84.45454545454545,13.983471074380164,93.0,18.9984032,50.9415,31.9430968,24.80623898181818,9.503731279338842,18.9984032,53.5,2183.0,2129.5,440.6818181818182,633.5702479338843,53.5,5.0,17.0,12.0,14.818181818181818,3.5702479338842967,17.0,2.0,4.0,2.0,2.3636363636363638,0.5950413223140497,2.0,57.0,153.0,96.0,74.45454545454545,28.561983471074374,57.0,1.63,3.98,2.35,3.5527272727272727,0.6991735537190084,3.98,2.0,2.0,0.0,2.0,0.0,2.0,0.0,5.0,5.0,4.090909090909091,1.4876033057851243,5.0,0.0,3.0,3.0,0.5454545454545454,0.8925619834710742,0.0,0.0,0.0,0.0,0.0,0.0,0.0,5.0,7.0,2.0,6.636363636363637,0.5950413223140494,7.0,0.0,0.0,0.0,0.0,0.0,0.0,0.0,1.0,1.0,0.8181818181818182,0.29752066115702475,1.0,0.0,7.0,7.0,1.2727272727272727,2.0826446280991737,0.0,0.0,0.0,0.0,0.0,0.0,0.0,1.0,7.0,6.0,2.090909090909091,1.7851239669421484,1.0,9.7075,13.01,3.3025,10.307954545454544,0.9825619834710739,9.7075,0.0,1.97,1.97,1.6118181818181818,0.5861157024793389,1.97,0.0,0.0,0.0,0.0,0.0,0.0,15.0,229.0,214.0,53.90909090909091,63.669421487603294,15.0
mp-1101909,VCl5,V,Triclinic,P-1,0.0,0.0,12,True,17.0,23.0,6.0,18.0,1.6666666666666667,17.0,46.0,94.0,48.0,86.0,13.333333333333334,94.0,35.453,50.9415,15.488499999999995,38.034416666666665,4.302361111111107,35.453,171.6,2183.0,2011.4,506.8333333333333,558.7222222222223,171.6,5.0,17.0,12.0,15.0,3.3333333333333335,17.0,3.0,4.0,1.0,3.1666666666666665,0.2777777777777777,3.0,102.0,153.0,51.0,110.5,14.166666666666666,102.0,1.63,3.16,1.5300000000000002,2.905,0.42500000000000027,3.16,2.0,2.0,0.0,2.0,0.0,2.0,0.0,5.0,5.0,4.166666666666667,1.3888888888888886,5.0,0.0,3.0,3.0,0.5,0.8333333333333334,0.0,0.0,0.0,0.0,0.0,0.0,0.0,5.0,7.0,2.0,6.666666666666667,0.5555555555555554,7.0,0.0,0.0,0.0,0.0,0.0,0.0,0.0,1.0,1.0,0.8333333333333334,0.27777777777777773,1.0,0.0,7.0,7.0,1.1666666666666667,1.9444444444444446,0.0,0.0,0.0,0.0,0.0,0.0,0.0,1.0,7.0,6.0,2.0,1.6666666666666667,1.0,13.01,24.4975,11.487499999999999,22.582916666666666,3.1909722222222214,24.4975,0.0,2.493,2.493,2.0775,0.6924999999999999,2.493,0.0,0.0,0.0,0.0,0.0,0.0,64.0,229.0,165.0,91.5,45.833333333333336,64.0
mp-1101972,CdF2,Cd,Orthorhombic,Pnma,0.0,0.0,12,False,9.0,48.0,39.0,22.0,17.333333333333332,9.0,70.0,93.0,23.0,85.33333333333333,10.222222222222223,93.0,18.9984032,112.411,93.4125968,50.135935466666666,41.51670968888889,18.9984032,53.5,594.22,540.72,233.74,240.32000000000002,53.5,12.0,17.0,5.0,15.333333333333334,2.222222222222222,17.0,2.0,5.0,3.0,3.0,1.3333333333333333,2.0,57.0,144.0,87.0,86.0,38.666666666666664,57.0,1.69,3.98,2.29,3.216666666666667,1.0177777777777777,3.98,2.0,2.0,0.0,2.0,0.0,2.0,0.0,5.0,5.0,3.3333333333333335,2.222222222222222,5.0,0.0,10.0,10.0,3.3333333333333335,4.444444444444444,0.0,0.0,0.0,0.0,0.0,0.0,0.0,7.0,12.0,5.0,8.666666666666666,2.222222222222222,7.0,0.0,0.0,0.0,0.0,0.0,0.0,0.0,1.0,1.0,0.6666666666666666,0.4444444444444445,1.0,0.0,0.0,0.0,0.0,0.0,0.0,0.0,0.0,0.0,0.0,0.0,0.0,0.0,1.0,1.0,0.6666666666666666,0.4444444444444445,1.0,9.7075,19.495,9.787500000000001,12.969999999999999,4.3500000000000005,9.7075,0.0,1.97,1.97,1.3133333333333332,0.8755555555555556,1.97,0.0,0.0,0.0,0.0,0.0,0.0,15.0,194.0,179.0,74.66666666666667,79.55555555555556,15.0
mp-1102332,HgF2,Hg,Orthorhombic,Pnma,0.0,0.0,12,False,9.0,80.0,71.0,32.666666666666664,31.555555555555554,9.0,71.0,93.0,22.0,85.66666666666667,9.777777777777777,93.0,18.9984032,200.59,181.5915968,79.52893546666667,80.70737635555555,18.9984032,53.5,234.32,180.82,113.77333333333333,80.36444444444443,53.5,12.0,17.0,5.0,15.333333333333334,2.222222222222222,17.0,2.0,6.0,4.0,3.3333333333333335,1.777777777777778,2.0,57.0,132.0,75.0,82.0,33.333333333333336,57.0,2.0,3.98,1.98,3.3200000000000003,0.8799999999999999,3.98,2.0,2.0,0.0,2.0,0.0,2.0,0.0,5.0,5.0,3.3333333333333335,2.222222222222222,5.0,0.0,10.0,10.0,3.3333333333333335,4.444444444444444,0.0,0.0,14.0,14.0,4.666666666666667,6.222222222222221,0.0,7.0,26.0,19.0,13.333333333333334,8.444444444444445,7.0,0.0,0.0,0.0,0.0,0.0,0.0,0.0,1.0,1.0,0.6666666666666666,0.4444444444444445,1.0,0.0,0.0,0.0,0.0,0.0,0.0,0.0,0.0,0.0,0.0,0.0,0.0,0.0,1.0,1.0,0.6666666666666666,0.4444444444444445,1.0,9.7075,25.2375862069,15.530086206900002,14.8841954023,6.9022605364,9.7075,0.0,1.97,1.97,1.3133333333333332,0.8755555555555556,1.97,0.0,0.0,0.0,0.0,0.0,0.0,15.0,166.0,151.0,65.33333333333333,67.1111111111111,15.0
mp-1102919,HgCl2,Hg,Orthorhombic,Pnma,0.009538,0.0007948333333333,12,False,17.0,80.0,63.0,38.0,28.0,17.0,71.0,94.0,23.0,86.33333333333333,10.222222222222223,94.0,35.453,200.59,165.137,90.49866666666667,73.39422222222221,35.453,171.6,234.32,62.72,192.50666666666666,27.875555555555554,171.6,12.0,17.0,5.0,15.333333333333334,2.222222222222222,17.0,3.0,6.0,3.0,4.0,1.3333333333333333,3.0,102.0,132.0,30.0,112.0,13.333333333333334,102.0,2.0,3.16,1.1600000000000001,2.7733333333333334,0.5155555555555557,3.16,2.0,2.0,0.0,2.0,0.0,2.0,0.0,5.0,5.0,3.3333333333333335,2.222222222222222,5.0,0.0,10.0,10.0,3.3333333333333335,4.444444444444444,0.0,0.0,14.0,14.0,4.666666666666667,6.222222222222221,0.0,7.0,26.0,19.0,13.333333333333334,8.444444444444445,7.0,0.0,0.0,0.0,0.0,0.0,0.0,0.0,1.0,1.0,0.6666666666666666,0.4444444444444445,1.0,0.0,0.0,0.0,0.0,0.0,0.0,0.0,0.0,0.0,0.0,0.0,0.0,0.0,1.0,1.0,0.6666666666666666,0.4444444444444445,1.0,24.4975,25.2375862069,0.7400862069000027,24.744195402299997,0.32892720306666706,24.4975,0.0,2.493,2.493,1.662,1.1079999999999999,2.493,0.0,0.0,0.0,0.0,0.0,0.0,64.0,166.0,102.0,98.0,45.333333333333336,64.0
mp-1105223,ZrF4,Zr,Monoclinic,P2_1/c,0.0,0.0,20,True,9.0,40.0,31.0,15.2,9.919999999999998,9.0,44.0,93.0,49.0,83.2,15.679999999999998,93.0,18.9984032,91.224,72.2255968,33.44352256,23.112190976,18.9984032,53.5,2128.0,2074.5,468.4,663.8399999999999,53.5,4.0,17.0,13.0,14.4,4.159999999999999,17.0,2.0,5.0,3.0,2.6,0.9600000000000002,2.0,57.0,175.0,118.0,80.6,37.76,57.0,1.33,3.98,2.65,3.45,0.8479999999999999,3.98,2.0,2.0,0.0,2.0,0.0,2.0,0.0,5.0,5.0,4.0,1.6,5.0,0.0,2.0,2.0,0.4,0.64,0.0,0.0,0.0,0.0,0.0,0.0,0.0,4.0,7.0,3.0,6.4,0.9599999999999997,7.0,0.0,0.0,0.0,0.0,0.0,0.0,0.0,1.0,1.0,0.8,0.31999999999999995,1.0,0.0,8.0,8.0,1.6,2.56,0.0,0.0,0.0,0.0,0.0,0.0,0.0,1.0,8.0,7.0,2.4,2.2399999999999998,1.0,9.7075,23.195,13.4875,12.405,4.316,9.7075,0.0,1.97,1.97,1.576,0.6304,1.97,0.0,0.0,0.0,0.0,0.0,0.0,15.0,194.0,179.0,50.8,57.279999999999994,15.0
mp-1120780,AuCl,Au,Tetragonal,P4_2/ncm,0.0,0.0,8,False,17.0,79.0,62.0,48.0,31.0,17.0,66.0,94.0,28.0,80.0,14.0,66.0,35.453,196.966569,161.513569,116.2097845,80.7567845,35.453,171.6,1337.33,1165.73,754.4649999999999,582.865,171.6,11.0,17.0,6.0,14.0,3.0,11.0,3.0,6.0,3.0,4.5,1.5,3.0,102.0,136.0,34.0,119.0,17.0,102.0,2.54,3.16,0.6200000000000001,2.85,0.31000000000000005,2.54,1.0,2.0,1.0,1.5,0.5,1.0,0.0,5.0,5.0,2.5,2.5,0.0,0.0,10.0,10.0,5.0,5.0,0.0,0.0,14.0,14.0,7.0,7.0,0.0,7.0,25.0,18.0,16.0,9.0,7.0,0.0,1.0,1.0,0.5,0.5,0.0,0.0,1.0,1.0,0.5,0.5,0.0,0.0,0.0,0.0,0.0,0.0,0.0,0.0,0.0,0.0,0.0,0.0,0.0,1.0,1.0,0.0,1.0,0.0,1.0,16.7,24.4975,7.797499999999999,20.59875,3.8987499999999997,16.7,0.0,2.493,2.493,1.2465,1.2465,0.0,0.0,0.0,0.0,0.0,0.0,0.0,64.0,225.0,161.0,144.5,80.5,64.0
mp-1120788,CoCl2,Co,Trigonal,P-3m1,2.9980814,0.9993604666666666,3,False,17.0,27.0,10.0,20.333333333333332,4.444444444444444,17.0,58.0,94.0,36.0,82.0,16.0,94.0,35.453,58.933195,23.480194999999995,43.27973166666667,10.43564222222222,35.453,171.6,1768.0,1596.4,703.7333333333332,709.5111111111111,171.6,9.0,17.0,8.0,14.333333333333334,3.5555555555555554,17.0,3.0,4.0,1.0,3.3333333333333335,0.4444444444444445,3.0,102.0,126.0,24.0,110.0,10.666666666666666,102.0,1.88,3.16,1.2800000000000002,2.733333333333333,0.5688888888888891,3.16,2.0,2.0,0.0,2.0,0.0,2.0,0.0,5.0,5.0,3.3333333333333335,2.222222222222222,5.0,0.0,7.0,7.0,2.3333333333333335,3.1111111111111107,0.0,0.0,0.0,0.0,0.0,0.0,0.0,7.0,9.0,2.0,7.666666666666667,0.888888888888889,7.0,0.0,0.0,0.0,0.0,0.0,0.0,0.0,1.0,1.0,0.6666666666666666,0.4444444444444445,1.0,0.0,3.0,3.0,1.0,1.3333333333333333,0.0,0.0,0.0,0.0,0.0,0.0,0.0,1.0,3.0,2.0,1.6666666666666667,0.888888888888889,1.0,10.245,24.4975,14.2525,19.746666666666666,6.334444444444443,24.4975,0.0,2.493,2.493,1.662,1.1079999999999999,2.493,0.0,1.5484712,1.5484712,0.5161570666666667,0.6882094222222221,0.0,64.0,194.0,130.0,107.33333333333333,57.77777777777777,64.0
mp-1147530,CuBr2,Cu,Tetragonal,P4/mmm,0.0015531,0.0005177,3,False,29.0,35.0,6.0,33.0,2.6666666666666665,35.0,64.0,95.0,31.0,84.66666666666667,13.777777777777777,95.0,63.546,79.904,16.357999999999997,74.45133333333332,7.270222222222223,79.904,265.8,1357.77,1091.97,629.79,485.32,265.8,11.0,17.0,6.0,15.0,2.6666666666666665,17.0,4.0,4.0,0.0,4.0,0.0,4.0,120.0,132.0,12.0,124.0,5.333333333333333,120.0,1.9,2.96,1.06,2.606666666666667,0.47111111111111104,2.96,1.0,2.0,1.0,1.6666666666666667,0.4444444444444444,2.0,0.0,5.0,5.0,3.3333333333333335,2.222222222222222,5.0,10.0,10.0,0.0,10.0,0.0,10.0,0.0,0.0,0.0,0.0,0.0,0.0,11.0,17.0,6.0,15.0,2.6666666666666665,17.0,0.0,1.0,1.0,0.3333333333333333,0.4444444444444445,0.0,0.0,1.0,1.0,0.6666666666666666,0.4444444444444445,1.0,0.0,0.0,0.0,0.0,0.0,0.0,0.0,0.0,0.0,0.0,0.0,0.0,1.0,1.0,0.0,1.0,0.0,1.0,11.07,29.48,18.41,23.343333333333334,8.182222222222222,29.48,0.0,1.457,1.457,0.9713333333333334,0.6475555555555556,1.457,0.0,0.0,0.0,0.0,0.0,0.0,64.0,225.0,161.0,117.66666666666667,71.55555555555556,64.0
mp-1147532,CuBr2,Cu,Tetragonal,I4/mmm,0.0002911,9.703333333333332e-05,3,False,29.0,35.0,6.0,33.0,2.6666666666666665,35.0,64.0,95.0,31.0,84.66666666666667,13.777777777777777,95.0,63.546,79.904,16.357999999999997,74.45133333333332,7.270222222222223,79.904,265.8,1357.77,1091.97,629.79,485.32,265.8,11.0,17.0,6.0,15.0,2.6666666666666665,17.0,4.0,4.0,0.0,4.0,0.0,4.0,120.0,132.0,12.0,124.0,5.333333333333333,120.0,1.9,2.96,1.06,2.606666666666667,0.47111111111111104,2.96,1.0,2.0,1.0,1.6666666666666667,0.4444444444444444,2.0,0.0,5.0,5.0,3.3333333333333335,2.222222222222222,5.0,10.0,10.0,0.0,10.0,0.0,10.0,0.0,0.0,0.0,0.0,0.0,0.0,11.0,17.0,6.0,15.0,2.6666666666666665,17.0,0.0,1.0,1.0,0.3333333333333333,0.4444444444444445,0.0,0.0,1.0,1.0,0.6666666666666666,0.4444444444444445,1.0,0.0,0.0,0.0,0.0,0.0,0.0,0.0,0.0,0.0,0.0,0.0,0.0,1.0,1.0,0.0,1.0,0.0,1.0,11.07,29.48,18.41,23.343333333333334,8.182222222222222,29.48,0.0,1.457,1.457,0.9713333333333334,0.6475555555555556,1.457,0.0,0.0,0.0,0.0,0.0,0.0,64.0,225.0,161.0,117.66666666666667,71.55555555555556,64.0
mp-1147667,CuI2,Cu,Tetragonal,P4/mmm,0.0069024,0.0023008,3,False,29.0,53.0,24.0,45.0,10.666666666666666,53.0,64.0,96.0,32.0,85.33333333333333,14.222222222222223,96.0,63.546,126.90447,63.358470000000004,105.78498,28.159319999999997,126.90447,386.85,1357.77,970.92,710.4900000000001,431.52,386.85,11.0,17.0,6.0,15.0,2.6666666666666665,17.0,4.0,5.0,1.0,4.666666666666667,0.44444444444444436,5.0,132.0,139.0,7.0,136.66666666666666,3.1111111111111143,139.0,1.9,2.66,0.7600000000000002,2.4066666666666667,0.3377777777777779,2.66,1.0,2.0,1.0,1.6666666666666667,0.4444444444444444,2.0,0.0,5.0,5.0,3.3333333333333335,2.222222222222222,5.0,10.0,10.0,0.0,10.0,0.0,10.0,0.0,0.0,0.0,0.0,0.0,0.0,11.0,17.0,6.0,15.0,2.6666666666666665,17.0,0.0,1.0,1.0,0.3333333333333333,0.4444444444444445,0.0,0.0,1.0,1.0,0.6666666666666666,0.4444444444444445,1.0,0.0,0.0,0.0,0.0,0.0,0.0,0.0,0.0,0.0,0.0,0.0,0.0,1.0,1.0,0.0,1.0,0.0,1.0,11.07,43.015,31.945,32.36666666666667,14.197777777777778,43.015,0.0,1.062,1.062,0.7080000000000001,0.472,1.062,0.0,0.0,0.0,0.0,0.0,0.0,64.0,225.0,161.0,117.66666666666667,71.55555555555556,64.0
mp-1147670,CuF2,Cu,Tetragonal,I4/mmm,0.3599454,0.1199818,3,False,9.0,29.0,20.0,15.666666666666666,8.888888888888888,9.0,64.0,93.0,29.0,83.33333333333333,12.888888888888891,93.0,18.9984032,63.546,44.5475968,33.84760213333333,19.79893191111111,18.9984032,53.5,1357.77,1304.27,488.25666666666666,579.6755555555555,53.5,11.0,17.0,6.0,15.0,2.6666666666666665,17.0,2.0,4.0,2.0,2.6666666666666665,0.8888888888888888,2.0,57.0,132.0,75.0,82.0,33.333333333333336,57.0,1.9,3.98,2.08,3.2866666666666666,0.9244444444444445,3.98,1.0,2.0,1.0,1.6666666666666667,0.4444444444444444,2.0,0.0,5.0,5.0,3.3333333333333335,2.222222222222222,5.0,0.0,10.0,10.0,3.3333333333333335,4.444444444444444,0.0,0.0,0.0,0.0,0.0,0.0,0.0,7.0,11.0,4.0,8.333333333333334,1.777777777777778,7.0,0.0,1.0,1.0,0.3333333333333333,0.4444444444444445,0.0,0.0,1.0,1.0,0.6666666666666666,0.4444444444444445,1.0,0.0,0.0,0.0,0.0,0.0,0.0,0.0,0.0,0.0,0.0,0.0,0.0,1.0,1.0,0.0,1.0,0.0,1.0,9.7075,11.07,1.3625000000000007,10.161666666666667,0.6055555555555561,9.7075,0.0,1.97,1.97,1.3133333333333332,0.8755555555555556,1.97,0.0,0.0,0.0,0.0,0.0,0.0,15.0,225.0,210.0,85.0,93.33333333333333,15.0
mp-1147672,CuF2,Cu,Tetragonal,P4/mmm,0.2739017,0.0913005666666666,3,False,9.0,29.0,20.0,15.666666666666666,8.888888888888888,9.0,64.0,93.0,29.0,83.33333333333333,12.888888888888891,93.0,18.9984032,63.546,44.5475968,33.84760213333333,19.79893191111111,18.9984032,53.5,1357.77,1304.27,488.25666666666666,579.6755555555555,53.5,11.0,17.0,6.0,15.0,2.6666666666666665,17.0,2.0,4.0,2.0,2.6666666666666665,0.8888888888888888,2.0,57.0,132.0,75.0,82.0,33.333333333333336,57.0,1.9,3.98,2.08,3.2866666666666666,0.9244444444444445,3.98,1.0,2.0,1.0,1.6666666666666667,0.4444444444444444,2.0,0.0,5.0,5.0,3.3333333333333335,2.222222222222222,5.0,0.0,10.0,10.0,3.3333333333333335,4.444444444444444,0.0,0.0,0.0,0.0,0.0,0.0,0.0,7.0,11.0,4.0,8.333333333333334,1.777777777777778,7.0,0.0,1.0,1.0,0.3333333333333333,0.4444444444444445,0.0,0.0,1.0,1.0,0.6666666666666666,0.4444444444444445,1.0,0.0,0.0,0.0,0.0,0.0,0.0,0.0,0.0,0.0,0.0,0.0,0.0,1.0,1.0,0.0,1.0,0.0,1.0,9.7075,11.07,1.3625000000000007,10.161666666666667,0.6055555555555561,9.7075,0.0,1.97,1.97,1.3133333333333332,0.8755555555555556,1.97,0.0,0.0,0.0,0.0,0.0,0.0,15.0,225.0,210.0,85.0,93.33333333333333,15.0
mp-1147675,Rh3Cl4,Rh,Cubic,Pm-3n,0.0007537,5.383571428571429e-05,14,False,17.0,45.0,28.0,29.0,13.714285714285714,17.0,59.0,94.0,35.0,79.0,17.142857142857142,94.0,35.453,102.9055,67.4525,64.36121428571428,33.03795918367347,35.453,171.6,2237.0,2065.4,1056.7714285714285,1011.6244897959184,171.6,9.0,17.0,8.0,13.571428571428571,3.918367346938776,17.0,3.0,5.0,2.0,3.857142857142857,0.979591836734694,3.0,102.0,142.0,40.0,119.14285714285714,19.591836734693878,102.0,2.28,3.16,0.8800000000000003,2.782857142857143,0.4310204081632655,3.16,1.0,2.0,1.0,1.5714285714285714,0.489795918367347,2.0,0.0,5.0,5.0,2.857142857142857,2.4489795918367347,5.0,0.0,8.0,8.0,3.4285714285714284,3.9183673469387754,0.0,0.0,0.0,0.0,0.0,0.0,0.0,7.0,9.0,2.0,7.857142857142857,0.9795918367346939,7.0,0.0,1.0,1.0,0.42857142857142855,0.4897959183673469,0.0,0.0,1.0,1.0,0.5714285714285714,0.489795918367347,1.0,0.0,2.0,2.0,0.8571428571428571,0.9795918367346939,0.0,0.0,0.0,0.0,0.0,0.0,0.0,1.0,3.0,2.0,1.8571428571428572,0.979591836734694,1.0,13.64,24.4975,10.857499999999998,19.844285714285714,5.317959183673468,24.4975,0.0,2.493,2.493,1.4245714285714286,1.221061224489796,2.493,0.0,0.0,0.0,0.0,0.0,0.0,64.0,225.0,161.0,133.0,78.85714285714286,64.0
mp-1147756,CuCl2,Cu,Tetragonal,I4/mmm,0.0791647,0.0263882333333333,3,False,17.0,29.0,12.0,21.0,5.333333333333333,17.0,64.0,94.0,30.0,84.0,13.333333333333334,94.0,35.453,63.546,28.092999999999996,44.81733333333333,12.485777777777775,35.453,171.6,1357.77,1186.17,566.99,527.1866666666666,171.6,11.0,17.0,6.0,15.0,2.6666666666666665,17.0,3.0,4.0,1.0,3.3333333333333335,0.4444444444444445,3.0,102.0,132.0,30.0,112.0,13.333333333333334,102.0,1.9,3.16,1.2600000000000002,2.74,0.56,3.16,1.0,2.0,1.0,1.6666666666666667,0.4444444444444444,2.0,0.0,5.0,5.0,3.3333333333333335,2.222222222222222,5.0,0.0,10.0,10.0,3.3333333333333335,4.444444444444444,0.0,0.0,0.0,0.0,0.0,0.0,0.0,7.0,11.0,4.0,8.333333333333334,1.777777777777778,7.0,0.0,1.0,1.0,0.3333333333333333,0.4444444444444445,0.0,0.0,1.0,1.0,0.6666666666666666,0.4444444444444445,1.0,0.0,0.0,0.0,0.0,0.0,0.0,0.0,0.0,0.0,0.0,0.0,0.0,1.0,1.0,0.0,1.0,0.0,1.0,11.07,24.4975,13.427499999999998,20.021666666666665,5.967777777777777,24.4975,0.0,2.493,2.493,1.662,1.1079999999999999,2.493,0.0,0.0,0.0,0.0,0.0,0.0,64.0,225.0,161.0,117.66666666666667,71.55555555555556,64.0
mp-1147758,CuCl2,Cu,Tetragonal,P4/mmm,0.0005106,0.0001702,3,False,17.0,29.0,12.0,21.0,5.333333333333333,17.0,64.0,94.0,30.0,84.0,13.333333333333334,94.0,35.453,63.546,28.092999999999996,44.81733333333333,12.485777777777775,35.453,171.6,1357.77,1186.17,566.99,527.1866666666666,171.6,11.0,17.0,6.0,15.0,2.6666666666666665,17.0,3.0,4.0,1.0,3.3333333333333335,0.4444444444444445,3.0,102.0,132.0,30.0,112.0,13.333333333333334,102.0,1.9,3.16,1.2600000000000002,2.74,0.56,3.16,1.0,2.0,1.0,1.6666666666666667,0.4444444444444444,2.0,0.0,5.0,5.0,3.3333333333333335,2.222222222222222,5.0,0.0,10.0,10.0,3.3333333333333335,4.444444444444444,0.0,0.0,0.0,0.0,0.0,0.0,0.0,7.0,11.0,4.0,8.333333333333334,1.777777777777778,7.0,0.0,1.0,1.0,0.3333333333333333,0.4444444444444445,0.0,0.0,1.0,1.0,0.6666666666666666,0.4444444444444445,1.0,0.0,0.0,0.0,0.0,0.0,0.0,0.0,0.0,0.0,0.0,0.0,0.0,1.0,1.0,0.0,1.0,0.0,1.0,11.07,24.4975,13.427499999999998,20.021666666666665,5.967777777777777,24.4975,0.0,2.493,2.493,1.662,1.1079999999999999,2.493,0.0,0.0,0.0,0.0,0.0,0.0,64.0,225.0,161.0,117.66666666666667,71.55555555555556,64.0
mp-1160849,VF5,V,Monoclinic,P2_1/c,0.0,0.0,24,False,9.0,23.0,14.0,11.333333333333334,3.8888888888888893,9.0,46.0,93.0,47.0,85.16666666666667,13.055555555555552,93.0,18.9984032,50.9415,31.9430968,24.322252666666667,8.873082444444446,18.9984032,53.5,2183.0,2129.5,408.4166666666667,591.5277777777778,53.5,5.0,17.0,12.0,15.0,3.3333333333333335,17.0,2.0,4.0,2.0,2.3333333333333335,0.5555555555555557,2.0,57.0,153.0,96.0,73.0,26.666666666666668,57.0,1.63,3.98,2.35,3.588333333333333,0.652777777777778,3.98,2.0,2.0,0.0,2.0,0.0,2.0,0.0,5.0,5.0,4.166666666666667,1.3888888888888886,5.0,0.0,3.0,3.0,0.5,0.8333333333333334,0.0,0.0,0.0,0.0,0.0,0.0,0.0,5.0,7.0,2.0,6.666666666666667,0.5555555555555554,7.0,0.0,0.0,0.0,0.0,0.0,0.0,0.0,1.0,1.0,0.8333333333333334,0.27777777777777773,1.0,0.0,7.0,7.0,1.1666666666666667,1.9444444444444446,0.0,0.0,0.0,0.0,0.0,0.0,0.0,1.0,7.0,6.0,2.0,1.6666666666666667,1.0,9.7075,13.01,3.3025,10.257916666666665,0.9173611111111102,9.7075,0.0,1.97,1.97,1.6416666666666666,0.5472222222222222,1.97,0.0,0.0,0.0,0.0,0.0,0.0,15.0,229.0,214.0,50.666666666666664,59.444444444444436,15.0
mp-1173456,NiBr2,Ni,Trigonal,R-3m,2.0001122,0.6667040666666666,3,False,28.0,35.0,7.0,32.666666666666664,3.111111111111112,35.0,61.0,95.0,34.0,83.66666666666667,15.111111111111109,95.0,58.6934,79.904,21.2106,72.8338,9.426933333333332,79.904,265.8,1728.0,1462.2,753.1999999999999,649.8666666666667,265.8,10.0,17.0,7.0,14.666666666666666,3.111111111111111,17.0,4.0,4.0,0.0,4.0,0.0,4.0,120.0,124.0,4.0,121.33333333333333,1.7777777777777761,120.0,1.91,2.96,1.05,2.61,0.46666666666666673,2.96,2.0,2.0,0.0,2.0,0.0,2.0,0.0,5.0,5.0,3.3333333333333335,2.222222222222222,5.0,8.0,10.0,2.0,9.333333333333334,0.8888888888888887,10.0,0.0,0.0,0.0,0.0,0.0,0.0,10.0,17.0,7.0,14.666666666666666,3.111111111111111,17.0,0.0,0.0,0.0,0.0,0.0,0.0,0.0,1.0,1.0,0.6666666666666666,0.4444444444444445,1.0,0.0,2.0,2.0,0.6666666666666666,0.888888888888889,0.0,0.0,0.0,0.0,0.0,0.0,0.0,1.0,2.0,1.0,1.3333333333333333,0.4444444444444444,1.0,10.32,29.48,19.16,23.093333333333334,8.515555555555556,29.48,0.0,1.457,1.457,0.9713333333333334,0.6475555555555556,1.457,0.0,0.5953947,0.5953947,0.19846490000000003,0.26461986666666665,0.0,64.0,225.0,161.0,117.66666666666667,71.55555555555556,64.0
mp-1176433,MnF3,Mn,Monoclinic,P2_1/c,16.0015622,1.0000976375,16,False,9.0,25.0,16.0,13.0,6.0,9.0,52.0,93.0,41.0,82.75,15.375,93.0,18.9984032,54.938045,35.939641800000004,27.98331365,13.477365675000001,18.9984032,53.5,1519.0,1465.5,419.875,549.5625,53.5,7.0,17.0,10.0,14.5,3.75,17.0,2.0,4.0,2.0,2.5,0.75,2.0,57.0,139.0,82.0,77.5,30.75,57.0,1.55,3.98,2.4299999999999997,3.3725,0.9112499999999999,3.98,2.0,2.0,0.0,2.0,0.0,2.0,0.0,5.0,5.0,3.75,1.875,5.0,0.0,5.0,5.0,1.25,1.875,0.0,0.0,0.0,0.0,0.0,0.0,0.0,7.0,7.0,0.0,7.0,0.0,7.0,0.0,0.0,0.0,0.0,0.0,0.0,0.0,1.0,1.0,0.75,0.375,1.0,0.0,5.0,5.0,1.25,1.875,0.0,0.0,0.0,0.0,0.0,0.0,0.0,1.0,5.0,4.0,2.0,1.5,1.0,9.7075,10.4875862069,0.7800862069000001,9.902521551725,0.29253232758750025,9.7075,0.0,1.97,1.97,1.4775,0.73875,1.97,0.0,0.000310120689655,0.000310120689655,7.753017241375e-05,0.000116295258620625,0.0,15.0,217.0,202.0,65.5,75.75,15.0
mp-1176437,MnF3,Mn,Orthorhombic,Pnma,0.0006344,3.965e-05,16,False,9.0,25.0,16.0,13.0,6.0,9.0,52.0,93.0,41.0,82.75,15.375,93.0,18.9984032,54.938045,35.939641800000004,27.98331365,13.477365675000001,18.9984032,53.5,1519.0,1465.5,419.875,549.5625,53.5,7.0,17.0,10.0,14.5,3.75,17.0,2.0,4.0,2.0,2.5,0.75,2.0,57.0,139.0,82.0,77.5,30.75,57.0,1.55,3.98,2.4299999999999997,3.3725,0.9112499999999999,3.98,2.0,2.0,0.0,2.0,0.0,2.0,0.0,5.0,5.0,3.75,1.875,5.0,0.0,5.0,5.0,1.25,1.875,0.0,0.0,0.0,0.0,0.0,0.0,0.0,7.0,7.0,0.0,7.0,0.0,7.0,0.0,0.0,0.0,0.0,0.0,0.0,0.0,1.0,1.0,0.75,0.375,1.0,0.0,5.0,5.0,1.25,1.875,0.0,0.0,0.0,0.0,0.0,0.0,0.0,1.0,5.0,4.0,2.0,1.5,1.0,9.7075,10.4875862069,0.7800862069000001,9.902521551725,0.29253232758750025,9.7075,0.0,1.97,1.97,1.4775,0.73875,1.97,0.0,0.000310120689655,0.000310120689655,7.753017241375e-05,0.000116295258620625,0.0,15.0,217.0,202.0,65.5,75.75,15.0
mp-1176438,MnF3,Mn,Monoclinic,P2_1/m,16.0000001,1.00000000625,16,False,9.0,25.0,16.0,13.0,6.0,9.0,52.0,93.0,41.0,82.75,15.375,93.0,18.9984032,54.938045,35.939641800000004,27.98331365,13.477365675000001,18.9984032,53.5,1519.0,1465.5,419.875,549.5625,53.5,7.0,17.0,10.0,14.5,3.75,17.0,2.0,4.0,2.0,2.5,0.75,2.0,57.0,139.0,82.0,77.5,30.75,57.0,1.55,3.98,2.4299999999999997,3.3725,0.9112499999999999,3.98,2.0,2.0,0.0,2.0,0.0,2.0,0.0,5.0,5.0,3.75,1.875,5.0,0.0,5.0,5.0,1.25,1.875,0.0,0.0,0.0,0.0,0.0,0.0,0.0,7.0,7.0,0.0,7.0,0.0,7.0,0.0,0.0,0.0,0.0,0.0,0.0,0.0,1.0,1.0,0.75,0.375,1.0,0.0,5.0,5.0,1.25,1.875,0.0,0.0,0.0,0.0,0.0,0.0,0.0,1.0,5.0,4.0,2.0,1.5,1.0,9.7075,10.4875862069,0.7800862069000001,9.902521551725,0.29253232758750025,9.7075,0.0,1.97,1.97,1.4775,0.73875,1.97,0.0,0.000310120689655,0.000310120689655,7.753017241375e-05,0.000116295258620625,0.0,15.0,217.0,202.0,65.5,75.75,15.0
mp-1178425,CoF3,Co,Monoclinic,C2,12.0001511,1.000012591666667,12,False,9.0,27.0,18.0,13.5,6.75,9.0,58.0,93.0,35.0,84.25,13.125,93.0,18.9984032,58.933195,39.9347918,28.98210115,14.975546925,18.9984032,53.5,1768.0,1714.5,482.125,642.9375,53.5,9.0,17.0,8.0,15.0,3.0,17.0,2.0,4.0,2.0,2.5,0.75,2.0,57.0,126.0,69.0,74.25,25.875,57.0,1.88,3.98,2.1,3.455,0.7875,3.98,2.0,2.0,0.0,2.0,0.0,2.0,0.0,5.0,5.0,3.75,1.875,5.0,0.0,7.0,7.0,1.75,2.625,0.0,0.0,0.0,0.0,0.0,0.0,0.0,7.0,9.0,2.0,7.5,0.75,7.0,0.0,0.0,0.0,0.0,0.0,0.0,0.0,1.0,1.0,0.75,0.375,1.0,0.0,3.0,3.0,0.75,1.125,0.0,0.0,0.0,0.0,0.0,0.0,0.0,1.0,3.0,2.0,1.5,0.75,1.0,9.7075,10.245,0.5374999999999996,9.841875,0.2015625000000001,9.7075,0.0,1.97,1.97,1.4775,0.73875,1.97,0.0,1.5484712,1.5484712,0.3871178,0.5806767,0.0,15.0,194.0,179.0,59.75,67.125,15.0
mp-1178766,ZnBr2,Zn,Monoclinic,C2/m,0.0001846,6.153333333333333e-05,3,False,30.0,35.0,5.0,33.333333333333336,2.2222222222222214,35.0,69.0,95.0,26.0,86.33333333333333,11.555555555555557,95.0,65.38,79.904,14.524000000000001,75.06266666666666,6.455111111111113,79.904,265.8,692.68,426.87999999999994,408.0933333333333,189.7244444444444,265.8,12.0,17.0,5.0,15.333333333333334,2.222222222222222,17.0,4.0,4.0,0.0,4.0,0.0,4.0,120.0,122.0,2.0,120.66666666666667,0.8888888888888905,120.0,1.65,2.96,1.31,2.5233333333333334,0.5822222222222222,2.96,2.0,2.0,0.0,2.0,0.0,2.0,0.0,5.0,5.0,3.3333333333333335,2.222222222222222,5.0,10.0,10.0,0.0,10.0,0.0,10.0,0.0,0.0,0.0,0.0,0.0,0.0,12.0,17.0,5.0,15.333333333333334,2.222222222222222,17.0,0.0,0.0,0.0,0.0,0.0,0.0,0.0,1.0,1.0,0.6666666666666666,0.4444444444444445,1.0,0.0,0.0,0.0,0.0,0.0,0.0,0.0,0.0,0.0,0.0,0.0,0.0,0.0,1.0,1.0,0.6666666666666666,0.4444444444444445,1.0,13.96,29.48,15.52,24.30666666666667,6.897777777777777,29.48,0.0,1.457,1.457,0.9713333333333334,0.6475555555555556,1.457,0.0,0.0,0.0,0.0,0.0,0.0,64.0,194.0,130.0,107.33333333333333,57.77777777777777,64.0
mp-1178903,VF3,V,Monoclinic,C2/c,4.000001,0.500000125,8,False,9.0,23.0,14.0,12.5,5.25,9.0,46.0,93.0,47.0,81.25,17.625,93.0,18.9984032,50.9415,31.9430968,26.9841774,11.9786613,18.9984032,53.5,2183.0,2129.5,585.875,798.5625,53.5,5.0,17.0,12.0,14.0,4.5,17.0,2.0,4.0,2.0,2.5,0.75,2.0,57.0,153.0,96.0,81.0,36.0,57.0,1.63,3.98,2.35,3.3925,0.88125,3.98,2.0,2.0,0.0,2.0,0.0,2.0,0.0,5.0,5.0,3.75,1.875,5.0,0.0,3.0,3.0,0.75,1.125,0.0,0.0,0.0,0.0,0.0,0.0,0.0,5.0,7.0,2.0,6.5,0.75,7.0,0.0,0.0,0.0,0.0,0.0,0.0,0.0,1.0,1.0,0.75,0.375,1.0,0.0,7.0,7.0,1.75,2.625,0.0,0.0,0.0,0.0,0.0,0.0,0.0,1.0,7.0,6.0,2.5,2.25,1.0,9.7075,13.01,3.3025,10.533125,1.2384375000000003,9.7075,0.0,1.97,1.97,1.4775,0.73875,1.97,0.0,0.0,0.0,0.0,0.0,0.0,15.0,229.0,214.0,68.5,80.25,15.0
mp-1178963,TiF3,Ti,Trigonal,R-3m,0.9461433,0.236535825,4,False,9.0,22.0,13.0,12.25,4.875,9.0,43.0,93.0,50.0,80.5,18.75,93.0,18.9984032,47.867,28.8685968,26.2155524,10.8257238,18.9984032,53.5,1941.0,1887.5,525.375,707.8125,53.5,4.0,17.0,13.0,13.75,4.875,17.0,2.0,4.0,2.0,2.5,0.75,2.0,57.0,160.0,103.0,82.75,38.625,57.0,1.54,3.98,2.44,3.37,0.9149999999999999,3.98,2.0,2.0,0.0,2.0,0.0,2.0,0.0,5.0,5.0,3.75,1.875,5.0,0.0,2.0,2.0,0.5,0.75,0.0,0.0,0.0,0.0,0.0,0.0,0.0,4.0,7.0,3.0,6.25,1.125,7.0,0.0,0.0,0.0,0.0,0.0,0.0,0.0,1.0,1.0,0.75,0.375,1.0,0.0,8.0,8.0,2.0,3.0,0.0,0.0,0.0,0.0,0.0,0.0,0.0,1.0,8.0,7.0,2.75,2.625,1.0,9.7075,16.69,6.982500000000002,11.453125,2.6184375000000006,9.7075,0.0,1.97,1.97,1.4775,0.73875,1.97,0.0,2.25333333333e-05,2.25333333333e-05,5.633333333325e-06,8.4499999999875e-06,0.0,15.0,194.0,179.0,59.75,67.125,15.0
mp-1179375,TiF3,Ti,Monoclinic,C2/c,0.0003706,4.6325e-05,8,False,9.0,22.0,13.0,12.25,4.875,9.0,43.0,93.0,50.0,80.5,18.75,93.0,18.9984032,47.867,28.8685968,26.2155524,10.8257238,18.9984032,53.5,1941.0,1887.5,525.375,707.8125,53.5,4.0,17.0,13.0,13.75,4.875,17.0,2.0,4.0,2.0,2.5,0.75,2.0,57.0,160.0,103.0,82.75,38.625,57.0,1.54,3.98,2.44,3.37,0.9149999999999999,3.98,2.0,2.0,0.0,2.0,0.0,2.0,0.0,5.0,5.0,3.75,1.875,5.0,0.0,2.0,2.0,0.5,0.75,0.0,0.0,0.0,0.0,0.0,0.0,0.0,4.0,7.0,3.0,6.25,1.125,7.0,0.0,0.0,0.0,0.0,0.0,0.0,0.0,1.0,1.0,0.75,0.375,1.0,0.0,8.0,8.0,2.0,3.0,0.0,0.0,0.0,0.0,0.0,0.0,0.0,1.0,8.0,7.0,2.75,2.625,1.0,9.7075,16.69,6.982500000000002,11.453125,2.6184375000000006,9.7075,0.0,1.97,1.97,1.4775,0.73875,1.97,0.0,2.25333333333e-05,2.25333333333e-05,5.633333333325e-06,8.4499999999875e-06,0.0,15.0,194.0,179.0,59.75,67.125,15.0
mp-1179500,ScF3,Sc,Monoclinic,C2,8.74e-05,2.185e-05,4,False,9.0,21.0,12.0,12.0,4.5,9.0,11.0,93.0,82.0,72.5,30.75,93.0,18.9984032,44.955912,25.9575088,25.4877804,9.7340658,18.9984032,53.5,1814.0,1760.5,493.625,660.1875,53.5,3.0,17.0,14.0,13.5,5.25,17.0,2.0,4.0,2.0,2.5,0.75,2.0,57.0,170.0,113.0,85.25,42.375,57.0,1.36,3.98,2.62,3.3249999999999997,0.9825000000000002,3.98,2.0,2.0,0.0,2.0,0.0,2.0,0.0,5.0,5.0,3.75,1.875,5.0,0.0,1.0,1.0,0.25,0.375,0.0,0.0,0.0,0.0,0.0,0.0,0.0,3.0,7.0,4.0,6.0,1.5,7.0,0.0,0.0,0.0,0.0,0.0,0.0,0.0,1.0,1.0,0.75,0.375,1.0,0.0,9.0,9.0,2.25,3.375,0.0,0.0,0.0,0.0,0.0,0.0,0.0,1.0,9.0,8.0,3.0,3.0,1.0,9.7075,22.235,12.5275,12.839375,4.6978125,9.7075,0.0,1.97,1.97,1.4775,0.73875,1.97,0.0,6.35e-06,6.35e-06,1.5875e-06,2.3812500000000003e-06,0.0,15.0,194.0,179.0,59.75,67.125,15.0
mp-1179696,RuF3,Ru,Monoclinic,C2/c,6.0016917,0.7502114625,8,False,9.0,44.0,35.0,17.75,13.125,9.0,56.0,93.0,37.0,83.75,13.875,93.0,18.9984032,101.07,82.0715968,39.5163024,30.7768488,18.9984032,53.5,2607.0,2553.5,691.875,957.5625,53.5,8.0,17.0,9.0,14.75,3.375,17.0,2.0,5.0,3.0,2.75,1.125,2.0,57.0,146.0,89.0,79.25,33.375,57.0,2.2,3.98,1.7799999999999998,3.535,0.6674999999999999,3.98,1.0,2.0,1.0,1.75,0.375,2.0,0.0,5.0,5.0,3.75,1.875,5.0,0.0,7.0,7.0,1.75,2.625,0.0,0.0,0.0,0.0,0.0,0.0,0.0,7.0,8.0,1.0,7.25,0.375,7.0,0.0,1.0,1.0,0.25,0.375,0.0,0.0,1.0,1.0,0.75,0.375,1.0,0.0,3.0,3.0,0.75,1.125,0.0,0.0,0.0,0.0,0.0,0.0,0.0,1.0,4.0,3.0,1.75,1.125,1.0,9.7075,13.51,3.8025,10.658125,1.4259375000000003,9.7075,0.0,1.97,1.97,1.4775,0.73875,1.97,0.0,0.0,0.0,0.0,0.0,0.0,15.0,194.0,179.0,59.75,67.125,15.0
mp-1179720,RhF3,Rh,Monoclinic,C2/c,3.4730968,0.4341371,8,False,9.0,45.0,36.0,18.0,13.5,9.0,59.0,93.0,34.0,84.5,12.75,93.0,18.9984032,102.9055,83.9070968,39.9751774,31.465161300000002,18.9984032,53.5,2237.0,2183.5,599.375,818.8125,53.5,9.0,17.0,8.0,15.0,3.0,17.0,2.0,5.0,3.0,2.75,1.125,2.0,57.0,142.0,85.0,78.25,31.875,57.0,2.28,3.98,1.7000000000000002,3.5549999999999997,0.6375000000000002,3.98,1.0,2.0,1.0,1.75,0.375,2.0,0.0,5.0,5.0,3.75,1.875,5.0,0.0,8.0,8.0,2.0,3.0,0.0,0.0,0.0,0.0,0.0,0.0,0.0,7.0,9.0,2.0,7.5,0.75,7.0,0.0,1.0,1.0,0.25,0.375,0.0,0.0,1.0,1.0,0.75,0.375,1.0,0.0,2.0,2.0,0.5,0.75,0.0,0.0,0.0,0.0,0.0,0.0,0.0,1.0,3.0,2.0,1.5,0.75,1.0,9.7075,13.64,3.932500000000001,10.690625,1.4746875000000008,9.7075,0.0,1.97,1.97,1.4775,0.73875,1.97,0.0,0.0,0.0,0.0,0.0,0.0,15.0,225.0,210.0,67.5,78.75,15.0
mp-1179938,PtCl2,Pt,Monoclinic,C2/m,0.186098,0.0103387777777777,18,False,17.0,78.0,61.0,37.333333333333336,27.111111111111114,17.0,63.0,94.0,31.0,83.66666666666667,13.777777777777777,94.0,35.453,195.084,159.631,88.66333333333334,70.94711111111111,35.453,171.6,2041.4,1869.8000000000002,794.8666666666667,831.0222222222222,171.6,10.0,17.0,7.0,14.666666666666666,3.111111111111111,17.0,3.0,6.0,3.0,4.0,1.3333333333333333,3.0,102.0,136.0,34.0,113.33333333333333,15.111111111111109,102.0,2.28,3.16,0.8800000000000003,2.8666666666666667,0.39111111111111124,3.16,1.0,2.0,1.0,1.6666666666666667,0.4444444444444444,2.0,0.0,5.0,5.0,3.3333333333333335,2.222222222222222,5.0,0.0,9.0,9.0,3.0,4.0,0.0,0.0,14.0,14.0,4.666666666666667,6.222222222222221,0.0,7.0,24.0,17.0,12.666666666666666,7.5555555555555545,7.0,0.0,1.0,1.0,0.3333333333333333,0.4444444444444445,0.0,0.0,1.0,1.0,0.6666666666666666,0.4444444444444445,1.0,0.0,1.0,1.0,0.3333333333333333,0.4444444444444445,0.0,0.0,0.0,0.0,0.0,0.0,0.0,1.0,2.0,1.0,1.3333333333333333,0.4444444444444444,1.0,15.02,24.4975,9.4775,21.338333333333335,4.212222222222221,24.4975,0.0,2.493,2.493,1.662,1.1079999999999999,2.493,0.0,0.0,0.0,0.0,0.0,0.0,64.0,225.0,161.0,117.66666666666667,71.55555555555556,64.0
mp-1179948,PdF3,Pd,Monoclinic,C2/c,0.5610393,0.0701299125,8,False,9.0,46.0,37.0,18.25,13.875,9.0,62.0,93.0,31.0,85.25,11.625,93.0,18.9984032,106.42,87.4215968,40.8538024,32.783098800000005,18.9984032,53.5,1828.05,1774.55,497.1375,665.45625,53.5,10.0,17.0,7.0,15.25,2.625,17.0,2.0,5.0,3.0,2.75,1.125,2.0,57.0,139.0,82.0,77.5,30.75,57.0,2.2,3.98,1.7799999999999998,3.535,0.6674999999999999,3.98,0.0,2.0,2.0,1.5,0.75,2.0,0.0,5.0,5.0,3.75,1.875,5.0,0.0,10.0,10.0,2.5,3.75,0.0,0.0,0.0,0.0,0.0,0.0,0.0,7.0,10.0,3.0,7.75,1.125,7.0,0.0,0.0,0.0,0.0,0.0,0.0,0.0,1.0,1.0,0.75,0.375,1.0,0.0,0.0,0.0,0.0,0.0,0.0,0.0,0.0,0.0,0.0,0.0,0.0,0.0,1.0,1.0,0.75,0.375,1.0,9.7075,14.41,4.702500000000001,10.883125,1.7634375000000002,9.7075,0.0,1.97,1.97,1.4775,0.73875,1.97,0.0,0.0,0.0,0.0,0.0,0.0,15.0,225.0,210.0,67.5,78.75,15.0
mp-1180041,PdCl2,Pd,Triclinic,P-1,0.0145905,0.0008105833333333,18,False,17.0,46.0,29.0,26.666666666666668,12.888888888888891,17.0,62.0,94.0,32.0,83.33333333333333,14.222222222222223,94.0,35.453,106.42,70.967,59.10866666666667,31.54088888888889,35.453,171.6,1828.05,1656.45,723.75,736.1999999999999,171.6,10.0,17.0,7.0,14.666666666666666,3.111111111111111,17.0,3.0,5.0,2.0,3.6666666666666665,0.8888888888888888,3.0,102.0,139.0,37.0,114.33333333333333,16.444444444444443,102.0,2.2,3.16,0.96,2.84,0.42666666666666675,3.16,0.0,2.0,2.0,1.3333333333333333,0.888888888888889,2.0,0.0,5.0,5.0,3.3333333333333335,2.222222222222222,5.0,0.0,10.0,10.0,3.3333333333333335,4.444444444444444,0.0,0.0,0.0,0.0,0.0,0.0,0.0,7.0,10.0,3.0,8.0,1.3333333333333333,7.0,0.0,0.0,0.0,0.0,0.0,0.0,0.0,1.0,1.0,0.6666666666666666,0.4444444444444445,1.0,0.0,0.0,0.0,0.0,0.0,0.0,0.0,0.0,0.0,0.0,0.0,0.0,0.0,1.0,1.0,0.6666666666666666,0.4444444444444445,1.0,14.41,24.4975,10.087499999999999,21.135,4.483333333333332,24.4975,0.0,2.493,2.493,1.662,1.1079999999999999,2.493,0.0,0.0,0.0,0.0,0.0,0.0,64.0,225.0,161.0,117.66666666666667,71.55555555555556,64.0
mp-1180654,NiF3,Ni,Triclinic,P-1,4.0005836,0.50007295,8,False,9.0,28.0,19.0,13.75,7.125,9.0,61.0,93.0,32.0,85.0,12.0,93.0,18.9984032,58.6934,39.6949968,28.922152399999998,14.8856238,18.9984032,53.5,1728.0,1674.5,472.125,627.9375,53.5,10.0,17.0,7.0,15.25,2.625,17.0,2.0,4.0,2.0,2.5,0.75,2.0,57.0,124.0,67.0,73.75,25.125,57.0,1.91,3.98,2.0700000000000003,3.4625,0.7762500000000001,3.98,2.0,2.0,0.0,2.0,0.0,2.0,0.0,5.0,5.0,3.75,1.875,5.0,0.0,8.0,8.0,2.0,3.0,0.0,0.0,0.0,0.0,0.0,0.0,0.0,7.0,10.0,3.0,7.75,1.125,7.0,0.0,0.0,0.0,0.0,0.0,0.0,0.0,1.0,1.0,0.75,0.375,1.0,0.0,2.0,2.0,0.5,0.75,0.0,0.0,0.0,0.0,0.0,0.0,0.0,1.0,2.0,1.0,1.25,0.375,1.0,9.7075,10.32,0.6125000000000007,9.860624999999999,0.22968749999999982,9.7075,0.0,1.97,1.97,1.4775,0.73875,1.97,0.0,0.5953947,0.5953947,0.148848675,0.22327301250000003,0.0,15.0,225.0,210.0,67.5,78.75,15.0
mp-1181398,FeF3,Fe,Trigonal,P321,15.0004712,1.2500392666666666,12,False,9.0,26.0,17.0,13.25,6.375,9.0,55.0,93.0,38.0,83.5,14.25,93.0,18.9984032,55.845,36.8465968,28.2100524,13.8174738,18.9984032,53.5,1811.0,1757.5,492.875,659.0625,53.5,8.0,17.0,9.0,14.75,3.375,17.0,2.0,4.0,2.0,2.5,0.75,2.0,57.0,132.0,75.0,75.75,28.125,57.0,1.83,3.98,2.15,3.4425,0.80625,3.98,2.0,2.0,0.0,2.0,0.0,2.0,0.0,5.0,5.0,3.75,1.875,5.0,0.0,6.0,6.0,1.5,2.25,0.0,0.0,0.0,0.0,0.0,0.0,0.0,7.0,8.0,1.0,7.25,0.375,7.0,0.0,0.0,0.0,0.0,0.0,0.0,0.0,1.0,1.0,0.75,0.375,1.0,0.0,4.0,4.0,1.0,1.5,0.0,0.0,0.0,0.0,0.0,0.0,0.0,1.0,4.0,3.0,1.75,1.125,1.0,9.7075,10.73,1.0225000000000009,9.963125,0.3834375000000003,9.7075,0.0,1.97,1.97,1.4775,0.73875,1.97,0.0,2.1106628,2.1106628,0.5276657,0.79149855,0.0,15.0,229.0,214.0,68.5,80.25,15.0
mp-1181742,CrI2,Cr,Hexagonal,P6_3mc,8.0256143,1.3376023833333337,6,False,24.0,53.0,29.0,43.333333333333336,12.888888888888888,53.0,49.0,96.0,47.0,80.33333333333333,20.88888888888889,96.0,51.9961,126.90447,74.90837,101.93501333333334,33.292608888888886,126.90447,386.85,2180.0,1793.15,984.5666666666666,796.9555555555556,386.85,6.0,17.0,11.0,13.333333333333334,4.888888888888888,17.0,4.0,5.0,1.0,4.666666666666667,0.44444444444444436,5.0,139.0,139.0,0.0,139.0,0.0,139.0,1.66,2.66,1.0000000000000002,2.3266666666666667,0.4444444444444446,2.66,1.0,2.0,1.0,1.6666666666666667,0.4444444444444444,2.0,0.0,5.0,5.0,3.3333333333333335,2.222222222222222,5.0,5.0,10.0,5.0,8.333333333333334,2.222222222222222,10.0,0.0,0.0,0.0,0.0,0.0,0.0,6.0,17.0,11.0,13.333333333333334,4.888888888888888,17.0,0.0,1.0,1.0,0.3333333333333333,0.4444444444444445,0.0,0.0,1.0,1.0,0.6666666666666666,0.4444444444444445,1.0,0.0,5.0,5.0,1.6666666666666667,2.222222222222222,0.0,0.0,0.0,0.0,0.0,0.0,0.0,1.0,6.0,5.0,2.6666666666666665,2.222222222222222,1.0,11.19,43.015,31.825000000000003,32.406666666666666,14.144444444444446,43.015,0.0,1.062,1.062,0.7080000000000001,0.472,1.062,0.0,0.0,0.0,0.0,0.0,0.0,64.0,229.0,165.0,119.0,73.33333333333333,64.0
mp-1181783,FeF3,Fe,Monoclinic,C2/c,9.9999437,1.2499929625,8,False,9.0,26.0,17.0,13.25,6.375,9.0,55.0,93.0,38.0,83.5,14.25,93.0,18.9984032,55.845,36.8465968,28.2100524,13.8174738,18.9984032,53.5,1811.0,1757.5,492.875,659.0625,53.5,8.0,17.0,9.0,14.75,3.375,17.0,2.0,4.0,2.0,2.5,0.75,2.0,57.0,132.0,75.0,75.75,28.125,57.0,1.83,3.98,2.15,3.4425,0.80625,3.98,2.0,2.0,0.0,2.0,0.0,2.0,0.0,5.0,5.0,3.75,1.875,5.0,0.0,6.0,6.0,1.5,2.25,0.0,0.0,0.0,0.0,0.0,0.0,0.0,7.0,8.0,1.0,7.25,0.375,7.0,0.0,0.0,0.0,0.0,0.0,0.0,0.0,1.0,1.0,0.75,0.375,1.0,0.0,4.0,4.0,1.0,1.5,0.0,0.0,0.0,0.0,0.0,0.0,0.0,1.0,4.0,3.0,1.75,1.125,1.0,9.7075,10.73,1.0225000000000009,9.963125,0.3834375000000003,9.7075,0.0,1.97,1.97,1.4775,0.73875,1.97,0.0,2.1106628,2.1106628,0.5276657,0.79149855,0.0,15.0,229.0,214.0,68.5,80.25,15.0
mp-1181931,CrF3,Cr,Monoclinic,C2/c,6.0006112,0.7500764,8,False,9.0,24.0,15.0,12.75,5.625,9.0,49.0,93.0,44.0,82.0,16.5,93.0,18.9984032,51.9961,32.9976968,27.2478274,12.3741363,18.9984032,53.5,2180.0,2126.5,585.125,797.4375,53.5,6.0,17.0,11.0,14.25,4.125,17.0,2.0,4.0,2.0,2.5,0.75,2.0,57.0,139.0,82.0,77.5,30.75,57.0,1.66,3.98,2.3200000000000003,3.4,0.8700000000000001,3.98,1.0,2.0,1.0,1.75,0.375,2.0,0.0,5.0,5.0,3.75,1.875,5.0,0.0,5.0,5.0,1.25,1.875,0.0,0.0,0.0,0.0,0.0,0.0,0.0,6.0,7.0,1.0,6.75,0.375,7.0,0.0,1.0,1.0,0.25,0.375,0.0,0.0,1.0,1.0,0.75,0.375,1.0,0.0,5.0,5.0,1.25,1.875,0.0,0.0,0.0,0.0,0.0,0.0,0.0,1.0,6.0,5.0,2.25,1.875,1.0,9.7075,11.19,1.4825,10.078125,0.5559375000000002,9.7075,0.0,1.97,1.97,1.4775,0.73875,1.97,0.0,0.0,0.0,0.0,0.0,0.0,15.0,229.0,214.0,68.5,80.25,15.0
mp-1181940,CdCl2,Cd,Tetragonal,P-4m2,0.0,0.0,3,False,17.0,48.0,31.0,27.333333333333332,13.777777777777777,17.0,70.0,94.0,24.0,86.0,10.666666666666666,94.0,35.453,112.411,76.958,61.10566666666667,34.20355555555556,35.453,171.6,594.22,422.62,312.47333333333336,187.8311111111111,171.6,12.0,17.0,5.0,15.333333333333334,2.222222222222222,17.0,3.0,5.0,2.0,3.6666666666666665,0.8888888888888888,3.0,102.0,144.0,42.0,116.0,18.666666666666668,102.0,1.69,3.16,1.4700000000000002,2.67,0.6533333333333334,3.16,2.0,2.0,0.0,2.0,0.0,2.0,0.0,5.0,5.0,3.3333333333333335,2.222222222222222,5.0,0.0,10.0,10.0,3.3333333333333335,4.444444444444444,0.0,0.0,0.0,0.0,0.0,0.0,0.0,7.0,12.0,5.0,8.666666666666666,2.222222222222222,7.0,0.0,0.0,0.0,0.0,0.0,0.0,0.0,1.0,1.0,0.6666666666666666,0.4444444444444445,1.0,0.0,0.0,0.0,0.0,0.0,0.0,0.0,0.0,0.0,0.0,0.0,0.0,0.0,1.0,1.0,0.6666666666666666,0.4444444444444445,1.0,19.495,24.4975,5.002499999999998,22.83,2.2233333333333327,24.4975,0.0,2.493,2.493,1.662,1.1079999999999999,2.493,0.0,0.0,0.0,0.0,0.0,0.0,64.0,194.0,130.0,107.33333333333333,57.77777777777777,64.0
mp-1182416,CoF3,Co,Monoclinic,C2/c,3.9999603,0.4999950375,8,False,9.0,27.0,18.0,13.5,6.75,9.0,58.0,93.0,35.0,84.25,13.125,93.0,18.9984032,58.933195,39.9347918,28.98210115,14.975546925,18.9984032,53.5,1768.0,1714.5,482.125,642.9375,53.5,9.0,17.0,8.0,15.0,3.0,17.0,2.0,4.0,2.0,2.5,0.75,2.0,57.0,126.0,69.0,74.25,25.875,57.0,1.88,3.98,2.1,3.455,0.7875,3.98,2.0,2.0,0.0,2.0,0.0,2.0,0.0,5.0,5.0,3.75,1.875,5.0,0.0,7.0,7.0,1.75,2.625,0.0,0.0,0.0,0.0,0.0,0.0,0.0,7.0,9.0,2.0,7.5,0.75,7.0,0.0,0.0,0.0,0.0,0.0,0.0,0.0,1.0,1.0,0.75,0.375,1.0,0.0,3.0,3.0,0.75,1.125,0.0,0.0,0.0,0.0,0.0,0.0,0.0,1.0,3.0,2.0,1.5,0.75,1.0,9.7075,10.245,0.5374999999999996,9.841875,0.2015625000000001,9.7075,0.0,1.97,1.97,1.4775,0.73875,1.97,0.0,1.5484712,1.5484712,0.3871178,0.5806767,0.0,15.0,194.0,179.0,59.75,67.125,15.0
mp-1182789,FeCl3,Fe,Trigonal,P-3,120.5795802,1.25603729375,96,False,17.0,26.0,9.0,19.25,3.375,17.0,55.0,94.0,39.0,84.25,14.625,94.0,35.453,55.845,20.391999999999996,40.551,7.6469999999999985,35.453,171.6,1811.0,1639.4,581.45,614.7750000000001,171.6,8.0,17.0,9.0,14.75,3.375,17.0,3.0,4.0,1.0,3.25,0.375,3.0,102.0,132.0,30.0,109.5,11.25,102.0,1.83,3.16,1.33,2.8275,0.49875,3.16,2.0,2.0,0.0,2.0,0.0,2.0,0.0,5.0,5.0,3.75,1.875,5.0,0.0,6.0,6.0,1.5,2.25,0.0,0.0,0.0,0.0,0.0,0.0,0.0,7.0,8.0,1.0,7.25,0.375,7.0,0.0,0.0,0.0,0.0,0.0,0.0,0.0,1.0,1.0,0.75,0.375,1.0,0.0,4.0,4.0,1.0,1.5,0.0,0.0,0.0,0.0,0.0,0.0,0.0,1.0,4.0,3.0,1.75,1.125,1.0,10.73,24.4975,13.767499999999998,21.055625,5.162812499999999,24.4975,0.0,2.493,2.493,1.8697499999999998,0.934875,2.493,0.0,2.1106628,2.1106628,0.5276657,0.79149855,0.0,64.0,229.0,165.0,105.25,61.875,64.0
mp-1182980,AgI,Ag,Hexagonal,P6mm,2.62e-05,1.31e-05,2,False,47.0,53.0,6.0,50.0,3.0,47.0,65.0,96.0,31.0,80.5,15.5,65.0,107.8682,126.90447,19.036270000000002,117.386335,9.518135000000001,107.8682,386.85,1234.93,848.08,810.8900000000001,424.04,386.85,11.0,17.0,6.0,14.0,3.0,11.0,5.0,5.0,0.0,5.0,0.0,5.0,139.0,145.0,6.0,142.0,3.0,139.0,1.93,2.66,0.7300000000000002,2.295,0.3650000000000001,1.93,1.0,2.0,1.0,1.5,0.5,1.0,0.0,5.0,5.0,2.5,2.5,0.0,10.0,10.0,0.0,10.0,0.0,10.0,0.0,0.0,0.0,0.0,0.0,0.0,11.0,17.0,6.0,14.0,3.0,11.0,0.0,1.0,1.0,0.5,0.5,0.0,0.0,1.0,1.0,0.5,0.5,0.0,0.0,0.0,0.0,0.0,0.0,0.0,0.0,0.0,0.0,0.0,0.0,0.0,1.0,1.0,0.0,1.0,0.0,1.0,16.33,43.015,26.685000000000002,29.6725,13.342500000000001,16.33,0.0,1.062,1.062,0.531,0.531,0.0,0.0,0.0,0.0,0.0,0.0,0.0,64.0,225.0,161.0,144.5,80.5,64.0
mp-1183171,AuCl,Au,Hexagonal,P6_3mc,0.0,0.0,4,False,17.0,79.0,62.0,48.0,31.0,17.0,66.0,94.0,28.0,80.0,14.0,66.0,35.453,196.966569,161.513569,116.2097845,80.7567845,35.453,171.6,1337.33,1165.73,754.4649999999999,582.865,171.6,11.0,17.0,6.0,14.0,3.0,11.0,3.0,6.0,3.0,4.5,1.5,3.0,102.0,136.0,34.0,119.0,17.0,102.0,2.54,3.16,0.6200000000000001,2.85,0.31000000000000005,2.54,1.0,2.0,1.0,1.5,0.5,1.0,0.0,5.0,5.0,2.5,2.5,0.0,0.0,10.0,10.0,5.0,5.0,0.0,0.0,14.0,14.0,7.0,7.0,0.0,7.0,25.0,18.0,16.0,9.0,7.0,0.0,1.0,1.0,0.5,0.5,0.0,0.0,1.0,1.0,0.5,0.5,0.0,0.0,0.0,0.0,0.0,0.0,0.0,0.0,0.0,0.0,0.0,0.0,0.0,1.0,1.0,0.0,1.0,0.0,1.0,16.7,24.4975,7.797499999999999,20.59875,3.8987499999999997,16.7,0.0,2.493,2.493,1.2465,1.2465,0.0,0.0,0.0,0.0,0.0,0.0,0.0,64.0,225.0,161.0,144.5,80.5,64.0
mp-1183201,Au3Cl,Au,Tetragonal,I4/mmm,0.0001962,4.905e-05,4,False,17.0,79.0,62.0,63.5,23.25,79.0,66.0,94.0,28.0,73.0,10.5,66.0,35.453,196.966569,161.513569,156.58817675,60.56758837499999,196.966569,171.6,1337.33,1165.73,1045.8975,437.14874999999995,1337.33,11.0,17.0,6.0,12.5,2.25,11.0,3.0,6.0,3.0,5.25,1.125,6.0,102.0,136.0,34.0,127.5,12.75,136.0,2.54,3.16,0.6200000000000001,2.6950000000000003,0.23250000000000015,2.54,1.0,2.0,1.0,1.25,0.375,1.0,0.0,5.0,5.0,1.25,1.875,0.0,0.0,10.0,10.0,7.5,3.75,10.0,0.0,14.0,14.0,10.5,5.25,14.0,7.0,25.0,18.0,20.5,6.75,25.0,0.0,1.0,1.0,0.75,0.375,1.0,0.0,1.0,1.0,0.25,0.375,0.0,0.0,0.0,0.0,0.0,0.0,0.0,0.0,0.0,0.0,0.0,0.0,0.0,1.0,1.0,0.0,1.0,0.0,1.0,16.7,24.4975,7.797499999999999,18.649375,2.9240625,16.7,0.0,2.493,2.493,0.62325,0.9348749999999999,0.0,0.0,0.0,0.0,0.0,0.0,0.0,64.0,225.0,161.0,184.75,60.375,225.0
mp-1183244,Ag3F,Ag,Hexagonal,P6_3/mmc,8.5e-05,1.0625e-05,8,False,9.0,47.0,38.0,37.5,14.25,47.0,65.0,93.0,28.0,72.0,10.5,65.0,18.9984032,107.8682,88.8697968,85.6507508,33.32617380000001,107.8682,53.5,1234.93,1181.43,939.5725,443.03625000000005,1234.93,11.0,17.0,6.0,12.5,2.25,11.0,2.0,5.0,3.0,4.25,1.125,5.0,57.0,145.0,88.0,123.0,33.0,145.0,1.93,3.98,2.05,2.4425,0.76875,1.93,1.0,2.0,1.0,1.25,0.375,1.0,0.0,5.0,5.0,1.25,1.875,0.0,0.0,10.0,10.0,7.5,3.75,10.0,0.0,0.0,0.0,0.0,0.0,0.0,7.0,11.0,4.0,10.0,1.5,11.0,0.0,1.0,1.0,0.75,0.375,1.0,0.0,1.0,1.0,0.25,0.375,0.0,0.0,0.0,0.0,0.0,0.0,0.0,0.0,0.0,0.0,0.0,0.0,0.0,1.0,1.0,0.0,1.0,0.0,1.0,9.7075,16.33,6.622499999999999,14.674374999999998,2.4834375,16.33,0.0,1.97,1.97,0.4925,0.73875,0.0,0.0,0.0,0.0,0.0,0.0,0.0,15.0,225.0,210.0,172.5,78.75,225.0
mp-1183265,Ag3Cl,Ag,Hexagonal,P6_3/mmc,5.22e-05,6.525e-06,8,False,17.0,47.0,30.0,39.5,11.25,47.0,65.0,94.0,29.0,72.25,10.875,65.0,35.453,107.8682,72.4152,89.7644,27.155700000000003,107.8682,171.6,1234.93,1063.3300000000002,969.0975,398.7487500000001,1234.93,11.0,17.0,6.0,12.5,2.25,11.0,3.0,5.0,2.0,4.5,0.75,5.0,102.0,145.0,43.0,134.25,16.125,145.0,1.93,3.16,1.2300000000000002,2.2375,0.46125,1.93,1.0,2.0,1.0,1.25,0.375,1.0,0.0,5.0,5.0,1.25,1.875,0.0,0.0,10.0,10.0,7.5,3.75,10.0,0.0,0.0,0.0,0.0,0.0,0.0,7.0,11.0,4.0,10.0,1.5,11.0,0.0,1.0,1.0,0.75,0.375,1.0,0.0,1.0,1.0,0.25,0.375,0.0,0.0,0.0,0.0,0.0,0.0,0.0,0.0,0.0,0.0,0.0,0.0,0.0,1.0,1.0,0.0,1.0,0.0,1.0,16.33,24.4975,8.1675,18.371875,3.0628125000000006,16.33,0.0,2.493,2.493,0.62325,0.9348749999999999,0.0,0.0,0.0,0.0,0.0,0.0,0.0,64.0,225.0,161.0,184.75,60.375,225.0
mp-1183272,Ag3Br,Ag,Hexagonal,P6_3/mmc,0.000318,3.975e-05,8,False,35.0,47.0,12.0,44.0,4.5,47.0,65.0,95.0,30.0,72.5,11.25,65.0,79.904,107.8682,27.964200000000005,100.87715,10.486575000000002,107.8682,265.8,1234.93,969.1300000000001,992.6475,363.42375000000004,1234.93,11.0,17.0,6.0,12.5,2.25,11.0,4.0,5.0,1.0,4.75,0.375,5.0,120.0,145.0,25.0,138.75,9.375,145.0,1.93,2.96,1.03,2.1875,0.38625000000000004,1.93,1.0,2.0,1.0,1.25,0.375,1.0,0.0,5.0,5.0,1.25,1.875,0.0,10.0,10.0,0.0,10.0,0.0,10.0,0.0,0.0,0.0,0.0,0.0,0.0,11.0,17.0,6.0,12.5,2.25,11.0,0.0,1.0,1.0,0.75,0.375,1.0,0.0,1.0,1.0,0.25,0.375,0.0,0.0,0.0,0.0,0.0,0.0,0.0,0.0,0.0,0.0,0.0,0.0,0.0,1.0,1.0,0.0,1.0,0.0,1.0,16.33,29.48,13.150000000000002,19.6175,4.931250000000001,16.33,0.0,1.457,1.457,0.36425,0.546375,0.0,0.0,0.0,0.0,0.0,0.0,0.0,64.0,225.0,161.0,184.75,60.375,225.0
mp-1183348,Au3Br,Au,Hexagonal,P6_3/mmc,0.0002427,3.03375e-05,8,False,35.0,79.0,44.0,68.0,16.5,79.0,66.0,95.0,29.0,73.25,10.875,66.0,79.904,196.966569,117.062569,167.70092675,43.89846337499999,196.966569,265.8,1337.33,1071.53,1069.4475,401.82374999999996,1337.33,11.0,17.0,6.0,12.5,2.25,11.0,4.0,6.0,2.0,5.5,0.75,6.0,120.0,136.0,16.0,132.0,6.0,136.0,2.54,2.96,0.41999999999999993,2.645,0.15749999999999997,2.54,1.0,2.0,1.0,1.25,0.375,1.0,0.0,5.0,5.0,1.25,1.875,0.0,10.0,10.0,0.0,10.0,0.0,10.0,0.0,14.0,14.0,10.5,5.25,14.0,17.0,25.0,8.0,23.0,3.0,25.0,0.0,1.0,1.0,0.75,0.375,1.0,0.0,1.0,1.0,0.25,0.375,0.0,0.0,0.0,0.0,0.0,0.0,0.0,0.0,0.0,0.0,0.0,0.0,0.0,1.0,1.0,0.0,1.0,0.0,1.0,16.7,29.48,12.780000000000001,19.895,4.7925,16.7,0.0,1.457,1.457,0.36425,0.546375,0.0,0.0,0.0,0.0,0.0,0.0,0.0,64.0,225.0,161.0,184.75,60.375,225.0
mp-1183689,Co3Cl,Co,Cubic,Fm-3m,5.0801818,1.27004545,4,False,17.0,27.0,10.0,24.5,3.75,27.0,58.0,94.0,36.0,67.0,13.5,58.0,35.453,58.933195,23.480194999999995,53.063146249999996,8.805073125,58.933195,171.6,1768.0,1596.4,1368.9,598.65,1768.0,9.0,17.0,8.0,11.0,3.0,9.0,3.0,4.0,1.0,3.75,0.375,4.0,102.0,126.0,24.0,120.0,9.0,126.0,1.88,3.16,1.2800000000000002,2.2,0.4800000000000002,1.88,2.0,2.0,0.0,2.0,0.0,2.0,0.0,5.0,5.0,1.25,1.875,0.0,0.0,7.0,7.0,5.25,2.625,7.0,0.0,0.0,0.0,0.0,0.0,0.0,7.0,9.0,2.0,8.5,0.75,9.0,0.0,0.0,0.0,0.0,0.0,0.0,0.0,1.0,1.0,0.25,0.375,0.0,0.0,3.0,3.0,2.25,1.125,3.0,0.0,0.0,0.0,0.0,0.0,0.0,1.0,3.0,2.0,2.5,0.75,3.0,10.245,24.4975,14.2525,13.808125,5.344687500000001,10.245,0.0,2.493,2.493,0.62325,0.9348749999999999,0.0,0.0,1.5484712,1.5484712,1.1613534,0.5806766999999999,1.5484712,64.0,194.0,130.0,161.5,48.75,194.0
mp-1183702,CrCl,Cr,Hexagonal,P6_3mc,9.9967211,2.499180275,4,False,17.0,24.0,7.0,20.5,3.5,17.0,49.0,94.0,45.0,71.5,22.5,49.0,35.453,51.9961,16.543099999999995,43.72455,8.271549999999998,35.453,171.6,2180.0,2008.4,1175.8,1004.2,171.6,6.0,17.0,11.0,11.5,5.5,6.0,3.0,4.0,1.0,3.5,0.5,3.0,102.0,139.0,37.0,120.5,18.5,102.0,1.66,3.16,1.5000000000000002,2.41,0.7500000000000001,1.66,1.0,2.0,1.0,1.5,0.5,1.0,0.0,5.0,5.0,2.5,2.5,0.0,0.0,5.0,5.0,2.5,2.5,0.0,0.0,0.0,0.0,0.0,0.0,0.0,6.0,7.0,1.0,6.5,0.5,6.0,0.0,1.0,1.0,0.5,0.5,0.0,0.0,1.0,1.0,0.5,0.5,0.0,0.0,5.0,5.0,2.5,2.5,0.0,0.0,0.0,0.0,0.0,0.0,0.0,1.0,6.0,5.0,3.5,2.5,1.0,11.19,24.4975,13.3075,17.84375,6.65375,11.19,0.0,2.493,2.493,1.2465,1.2465,0.0,0.0,0.0,0.0,0.0,0.0,0.0,64.0,229.0,165.0,146.5,82.5,64.0
mp-1183714,Co3I,Co,Tetragonal,I4/mmm,3.8324478,0.95811195,4,False,27.0,53.0,26.0,33.5,9.75,27.0,58.0,96.0,38.0,67.5,14.25,58.0,58.933195,126.90447,67.971275,75.92601375,25.489228125,58.933195,386.85,1768.0,1381.15,1422.7125,517.93125,1768.0,9.0,17.0,8.0,11.0,3.0,9.0,4.0,5.0,1.0,4.25,0.375,4.0,126.0,139.0,13.0,129.25,4.875,126.0,1.88,2.66,0.7800000000000002,2.075,0.2925000000000002,1.88,2.0,2.0,0.0,2.0,0.0,2.0,0.0,5.0,5.0,1.25,1.875,0.0,7.0,10.0,3.0,7.75,1.125,7.0,0.0,0.0,0.0,0.0,0.0,0.0,9.0,17.0,8.0,11.0,3.0,9.0,0.0,0.0,0.0,0.0,0.0,0.0,0.0,1.0,1.0,0.25,0.375,0.0,0.0,3.0,3.0,2.25,1.125,3.0,0.0,0.0,0.0,0.0,0.0,0.0,1.0,3.0,2.0,2.5,0.75,3.0,10.245,43.015,32.77,18.4375,12.28875,10.245,0.0,1.062,1.062,0.2655,0.39825,0.0,0.0,1.5484712,1.5484712,1.1613534,0.5806766999999999,1.5484712,64.0,194.0,130.0,161.5,48.75,194.0
mp-1183756,Co3I,Co,Hexagonal,P6_3/mmc,10.5853557,1.3231694625,8,False,27.0,53.0,26.0,33.5,9.75,27.0,58.0,96.0,38.0,67.5,14.25,58.0,58.933195,126.90447,67.971275,75.92601375,25.489228125,58.933195,386.85,1768.0,1381.15,1422.7125,517.93125,1768.0,9.0,17.0,8.0,11.0,3.0,9.0,4.0,5.0,1.0,4.25,0.375,4.0,126.0,139.0,13.0,129.25,4.875,126.0,1.88,2.66,0.7800000000000002,2.075,0.2925000000000002,1.88,2.0,2.0,0.0,2.0,0.0,2.0,0.0,5.0,5.0,1.25,1.875,0.0,7.0,10.0,3.0,7.75,1.125,7.0,0.0,0.0,0.0,0.0,0.0,0.0,9.0,17.0,8.0,11.0,3.0,9.0,0.0,0.0,0.0,0.0,0.0,0.0,0.0,1.0,1.0,0.25,0.375,0.0,0.0,3.0,3.0,2.25,1.125,3.0,0.0,0.0,0.0,0.0,0.0,0.0,1.0,3.0,2.0,2.5,0.75,3.0,10.245,43.015,32.77,18.4375,12.28875,10.245,0.0,1.062,1.062,0.2655,0.39825,0.0,0.0,1.5484712,1.5484712,1.1613534,0.5806766999999999,1.5484712,64.0,194.0,130.0,161.5,48.75,194.0
mp-1183765,CrBr2,Cr,Tetragonal,P4_2/mnm,7.9998267,1.33330445,6,False,24.0,35.0,11.0,31.333333333333332,4.888888888888889,35.0,49.0,95.0,46.0,79.66666666666667,20.444444444444443,95.0,51.9961,79.904,27.907899999999998,70.60136666666666,12.40351111111111,79.904,265.8,2180.0,1914.2,903.8666666666667,850.7555555555555,265.8,6.0,17.0,11.0,13.333333333333334,4.888888888888888,17.0,4.0,4.0,0.0,4.0,0.0,4.0,120.0,139.0,19.0,126.33333333333333,8.444444444444443,120.0,1.66,2.96,1.3,2.526666666666667,0.5777777777777777,2.96,1.0,2.0,1.0,1.6666666666666667,0.4444444444444444,2.0,0.0,5.0,5.0,3.3333333333333335,2.222222222222222,5.0,5.0,10.0,5.0,8.333333333333334,2.222222222222222,10.0,0.0,0.0,0.0,0.0,0.0,0.0,6.0,17.0,11.0,13.333333333333334,4.888888888888888,17.0,0.0,1.0,1.0,0.3333333333333333,0.4444444444444445,0.0,0.0,1.0,1.0,0.6666666666666666,0.4444444444444445,1.0,0.0,5.0,5.0,1.6666666666666667,2.222222222222222,0.0,0.0,0.0,0.0,0.0,0.0,0.0,1.0,6.0,5.0,2.6666666666666665,2.222222222222222,1.0,11.19,29.48,18.29,23.383333333333336,8.128888888888888,29.48,0.0,1.457,1.457,0.9713333333333334,0.6475555555555556,1.457,0.0,0.0,0.0,0.0,0.0,0.0,64.0,229.0,165.0,119.0,73.33333333333333,64.0
mp-1183968,Cu3Cl,Cu,Cubic,Pm-3m,4.11e-05,1.0275e-05,4,False,17.0,29.0,12.0,26.0,4.5,29.0,64.0,94.0,30.0,71.5,11.25,64.0,35.453,63.546,28.092999999999996,56.52275,10.534874999999998,63.546,171.6,1357.77,1186.17,1061.2275,444.81375,1357.77,11.0,17.0,6.0,12.5,2.25,11.0,3.0,4.0,1.0,3.75,0.375,4.0,102.0,132.0,30.0,124.5,11.25,132.0,1.9,3.16,1.2600000000000002,2.215,0.47250000000000003,1.9,1.0,2.0,1.0,1.25,0.375,1.0,0.0,5.0,5.0,1.25,1.875,0.0,0.0,10.0,10.0,7.5,3.75,10.0,0.0,0.0,0.0,0.0,0.0,0.0,7.0,11.0,4.0,10.0,1.5,11.0,0.0,1.0,1.0,0.75,0.375,1.0,0.0,1.0,1.0,0.25,0.375,0.0,0.0,0.0,0.0,0.0,0.0,0.0,0.0,0.0,0.0,0.0,0.0,0.0,1.0,1.0,0.0,1.0,0.0,1.0,11.07,24.4975,13.427499999999998,14.426874999999999,5.035312499999999,11.07,0.0,2.493,2.493,0.62325,0.9348749999999999,0.0,0.0,0.0,0.0,0.0,0.0,0.0,64.0,225.0,161.0,184.75,60.375,225.0
mp-1183996,Cu3F,Cu,Hexagonal,P6_3/mmc,0.0386716,0.00483395,8,False,9.0,29.0,20.0,24.0,7.5,29.0,64.0,93.0,29.0,71.25,10.875,64.0,18.9984032,63.546,44.5475968,52.409100800000004,16.705348799999996,63.546,53.5,1357.77,1304.27,1031.7024999999999,489.10125000000005,1357.77,11.0,17.0,6.0,12.5,2.25,11.0,2.0,4.0,2.0,3.5,0.75,4.0,57.0,132.0,75.0,113.25,28.125,132.0,1.9,3.98,2.08,2.42,0.78,1.9,1.0,2.0,1.0,1.25,0.375,1.0,0.0,5.0,5.0,1.25,1.875,0.0,0.0,10.0,10.0,7.5,3.75,10.0,0.0,0.0,0.0,0.0,0.0,0.0,7.0,11.0,4.0,10.0,1.5,11.0,0.0,1.0,1.0,0.75,0.375,1.0,0.0,1.0,1.0,0.25,0.375,0.0,0.0,0.0,0.0,0.0,0.0,0.0,0.0,0.0,0.0,0.0,0.0,0.0,1.0,1.0,0.0,1.0,0.0,1.0,9.7075,11.07,1.3625000000000007,10.729375000000001,0.5109374999999998,11.07,0.0,1.97,1.97,0.4925,0.73875,0.0,0.0,0.0,0.0,0.0,0.0,0.0,15.0,225.0,210.0,172.5,78.75,225.0
mp-1184046,CuCl,Cu,Hexagonal,P6_3mc,0.0,0.0,4,False,17.0,29.0,12.0,23.0,6.0,17.0,64.0,94.0,30.0,79.0,15.0,64.0,35.453,63.546,28.092999999999996,49.4995,14.046499999999998,35.453,171.6,1357.77,1186.17,764.685,593.085,171.6,11.0,17.0,6.0,14.0,3.0,11.0,3.0,4.0,1.0,3.5,0.5,3.0,102.0,132.0,30.0,117.0,15.0,102.0,1.9,3.16,1.2600000000000002,2.5300000000000002,0.6300000000000001,1.9,1.0,2.0,1.0,1.5,0.5,1.0,0.0,5.0,5.0,2.5,2.5,0.0,0.0,10.0,10.0,5.0,5.0,0.0,0.0,0.0,0.0,0.0,0.0,0.0,7.0,11.0,4.0,9.0,2.0,7.0,0.0,1.0,1.0,0.5,0.5,0.0,0.0,1.0,1.0,0.5,0.5,0.0,0.0,0.0,0.0,0.0,0.0,0.0,0.0,0.0,0.0,0.0,0.0,0.0,1.0,1.0,0.0,1.0,0.0,1.0,11.07,24.4975,13.427499999999998,17.783749999999998,6.713749999999999,11.07,0.0,2.493,2.493,1.2465,1.2465,0.0,0.0,0.0,0.0,0.0,0.0,0.0,64.0,225.0,161.0,144.5,80.5,64.0
mp-1184279,Fe3F,Fe,Cubic,Pm-3m,9.7974433,2.449360825,4,False,9.0,26.0,17.0,21.75,6.375,26.0,55.0,93.0,38.0,64.5,14.25,55.0,18.9984032,55.845,36.8465968,46.6333508,13.817473799999998,55.845,53.5,1811.0,1757.5,1371.625,659.0625,1811.0,8.0,17.0,9.0,10.25,3.375,8.0,2.0,4.0,2.0,3.5,0.75,4.0,57.0,132.0,75.0,113.25,28.125,132.0,1.83,3.98,2.15,2.3675,0.80625,1.83,2.0,2.0,0.0,2.0,0.0,2.0,0.0,5.0,5.0,1.25,1.875,0.0,0.0,6.0,6.0,4.5,2.25,6.0,0.0,0.0,0.0,0.0,0.0,0.0,7.0,8.0,1.0,7.75,0.375,8.0,0.0,0.0,0.0,0.0,0.0,0.0,0.0,1.0,1.0,0.25,0.375,0.0,0.0,4.0,4.0,3.0,1.5,4.0,0.0,0.0,0.0,0.0,0.0,0.0,1.0,4.0,3.0,3.25,1.125,4.0,9.7075,10.73,1.0225000000000009,10.474374999999998,0.3834375000000012,10.73,0.0,1.97,1.97,0.4925,0.73875,0.0,0.0,2.1106628,2.1106628,1.5829971,0.79149855,2.1106628,15.0,229.0,214.0,175.5,80.25,229.0
mp-1184605,Hg3Cl,Hg,Cubic,Fm-3m,9.19e-05,2.2975e-05,4,False,17.0,80.0,63.0,64.25,23.625,80.0,71.0,94.0,23.0,76.75,8.625,71.0,35.453,200.59,165.137,159.30575,61.92637500000001,200.59,171.6,234.32,62.72,218.64000000000001,23.51999999999999,234.32,12.0,17.0,5.0,13.25,1.875,12.0,3.0,6.0,3.0,5.25,1.125,6.0,102.0,132.0,30.0,124.5,11.25,132.0,2.0,3.16,1.1600000000000001,2.29,0.43500000000000005,2.0,2.0,2.0,0.0,2.0,0.0,2.0,0.0,5.0,5.0,1.25,1.875,0.0,0.0,10.0,10.0,7.5,3.75,10.0,0.0,14.0,14.0,10.5,5.25,14.0,7.0,26.0,19.0,21.25,7.125,26.0,0.0,0.0,0.0,0.0,0.0,0.0,0.0,1.0,1.0,0.25,0.375,0.0,0.0,0.0,0.0,0.0,0.0,0.0,0.0,0.0,0.0,0.0,0.0,0.0,0.0,1.0,1.0,0.25,0.375,0.0,24.4975,25.2375862069,0.7400862069000027,25.052564655175,0.277532327587501,25.2375862069,0.0,2.493,2.493,0.62325,0.9348749999999999,0.0,0.0,0.0,0.0,0.0,0.0,0.0,64.0,166.0,102.0,140.5,38.25,166.0
mp-1184655,HgF3,Hg,Cubic,Fm-3m,0.9973082,0.24932705,4,False,9.0,80.0,71.0,26.75,26.625,9.0,71.0,93.0,22.0,87.5,8.25,93.0,18.9984032,200.59,181.5915968,64.3963024,68.0968488,18.9984032,53.5,234.32,180.82,98.705,67.8075,53.5,12.0,17.0,5.0,15.75,1.875,17.0,2.0,6.0,4.0,3.0,1.5,2.0,57.0,132.0,75.0,75.75,28.125,57.0,2.0,3.98,1.98,3.485,0.7425,3.98,2.0,2.0,0.0,2.0,0.0,2.0,0.0,5.0,5.0,3.75,1.875,5.0,0.0,10.0,10.0,2.5,3.75,0.0,0.0,14.0,14.0,3.5,5.25,0.0,7.0,26.0,19.0,11.75,7.125,7.0,0.0,0.0,0.0,0.0,0.0,0.0,0.0,1.0,1.0,0.75,0.375,1.0,0.0,0.0,0.0,0.0,0.0,0.0,0.0,0.0,0.0,0.0,0.0,0.0,0.0,1.0,1.0,0.75,0.375,1.0,9.7075,25.2375862069,15.530086206900002,13.590021551725,5.823782327587501,9.7075,0.0,1.97,1.97,1.4775,0.73875,1.97,0.0,0.0,0.0,0.0,0.0,0.0,15.0,166.0,151.0,52.75,56.625,15.0
mp-1184661,Hf3I,Hf,Hexagonal,P6_3/mmc,0.0007671,9.58875e-05,8,False,53.0,72.0,19.0,67.25,7.125,72.0,45.0,96.0,51.0,57.75,19.125,45.0,126.90447,178.49,51.585530000000006,165.5936175,19.34457375000001,178.49,386.85,2506.0,2119.15,1976.2125,794.68125,2506.0,4.0,17.0,13.0,7.25,4.875,4.0,5.0,6.0,1.0,5.75,0.375,6.0,139.0,175.0,36.0,166.0,13.5,175.0,1.3,2.66,1.36,1.6400000000000001,0.51,1.3,2.0,2.0,0.0,2.0,0.0,2.0,0.0,5.0,5.0,1.25,1.875,0.0,2.0,10.0,8.0,4.0,3.0,2.0,0.0,14.0,14.0,10.5,5.25,14.0,17.0,18.0,1.0,17.75,0.375,18.0,0.0,0.0,0.0,0.0,0.0,0.0,0.0,1.0,1.0,0.25,0.375,0.0,0.0,8.0,8.0,6.0,3.0,8.0,0.0,0.0,0.0,0.0,0.0,0.0,1.0,8.0,7.0,6.25,2.625,8.0,22.2,43.015,20.815,27.40375,7.805625,22.2,0.0,1.062,1.062,0.2655,0.39825,0.0,0.0,0.0,0.0,0.0,0.0,0.0,64.0,194.0,130.0,161.5,48.75,194.0
mp-1184720,HgBr3,Hg,Hexagonal,P6_3/mmc,0.3104181,0.0388022625,8,False,35.0,80.0,45.0,46.25,16.875,35.0,71.0,95.0,24.0,89.0,9.0,95.0,79.904,200.59,120.686,110.0755,45.257250000000006,79.904,234.32,265.8,31.480000000000018,257.93,11.805000000000007,265.8,12.0,17.0,5.0,15.75,1.875,17.0,4.0,6.0,2.0,4.5,0.75,4.0,120.0,132.0,12.0,123.0,4.5,120.0,2.0,2.96,0.96,2.7199999999999998,0.3600000000000001,2.96,2.0,2.0,0.0,2.0,0.0,2.0,0.0,5.0,5.0,3.75,1.875,5.0,10.0,10.0,0.0,10.0,0.0,10.0,0.0,14.0,14.0,3.5,5.25,0.0,17.0,26.0,9.0,19.25,3.375,17.0,0.0,0.0,0.0,0.0,0.0,0.0,0.0,1.0,1.0,0.75,0.375,1.0,0.0,0.0,0.0,0.0,0.0,0.0,0.0,0.0,0.0,0.0,0.0,0.0,0.0,1.0,1.0,0.75,0.375,1.0,25.2375862069,29.48,4.242413793099999,28.419396551725,1.5909051724124996,29.48,0.0,1.457,1.457,1.09275,0.546375,1.457,0.0,0.0,0.0,0.0,0.0,0.0,64.0,166.0,102.0,89.5,38.25,64.0
mp-1184748,Ir3F,Ir,Cubic,Fm-3m,0.4765867,0.119146675,4,False,9.0,77.0,68.0,60.0,25.5,77.0,60.0,93.0,33.0,68.25,12.375,60.0,18.9984032,192.217,173.2185968,148.9123508,64.95697380000001,192.217,53.5,2739.0,2685.5,2067.625,1007.0625,2739.0,9.0,17.0,8.0,11.0,3.0,9.0,2.0,6.0,4.0,5.0,1.5,6.0,57.0,141.0,84.0,120.0,31.5,141.0,2.2,3.98,1.7799999999999998,2.645,0.6674999999999999,2.2,2.0,2.0,0.0,2.0,0.0,2.0,0.0,5.0,5.0,1.25,1.875,0.0,0.0,7.0,7.0,5.25,2.625,7.0,0.0,14.0,14.0,10.5,5.25,14.0,7.0,23.0,16.0,19.0,6.0,23.0,0.0,0.0,0.0,0.0,0.0,0.0,0.0,1.0,1.0,0.25,0.375,0.0,0.0,3.0,3.0,2.25,1.125,3.0,0.0,0.0,0.0,0.0,0.0,0.0,1.0,3.0,2.0,2.5,0.75,3.0,9.7075,14.21,4.502500000000001,13.084375000000001,1.6884375,14.21,0.0,1.97,1.97,0.4925,0.73875,0.0,0.0,0.0,0.0,0.0,0.0,0.0,15.0,225.0,210.0,172.5,78.75,225.0
mp-1184756,IrI,Ir,Hexagonal,P6_3mc,0.000159,3.975e-05,4,False,53.0,77.0,24.0,65.0,12.0,53.0,60.0,96.0,36.0,78.0,18.0,60.0,126.90447,192.217,65.31253000000001,159.56073500000002,32.656265000000005,126.90447,386.85,2739.0,2352.15,1562.925,1176.0749999999998,386.85,9.0,17.0,8.0,13.0,4.0,9.0,5.0,6.0,1.0,5.5,0.5,5.0,139.0,141.0,2.0,140.0,1.0,139.0,2.2,2.66,0.45999999999999996,2.43,0.22999999999999998,2.2,2.0,2.0,0.0,2.0,0.0,2.0,0.0,5.0,5.0,2.5,2.5,0.0,7.0,10.0,3.0,8.5,1.5,7.0,0.0,14.0,14.0,7.0,7.0,0.0,17.0,23.0,6.0,20.0,3.0,17.0,0.0,0.0,0.0,0.0,0.0,0.0,0.0,1.0,1.0,0.5,0.5,0.0,0.0,3.0,3.0,1.5,1.5,0.0,0.0,0.0,0.0,0.0,0.0,0.0,1.0,3.0,2.0,2.0,1.0,1.0,14.21,43.015,28.805,28.6125,14.4025,14.21,0.0,1.062,1.062,0.531,0.531,0.0,0.0,0.0,0.0,0.0,0.0,0.0,64.0,225.0,161.0,144.5,80.5,64.0
mp-1185487,LuF3,Lu,Cubic,Fm-3m,8e-06,2e-06,4,False,9.0,71.0,62.0,24.5,23.25,9.0,41.0,93.0,52.0,80.0,19.5,93.0,18.9984032,174.9668,155.9683968,57.9905024,58.488148800000005,18.9984032,53.5,1936.0,1882.5,524.125,705.9375,53.5,3.0,17.0,14.0,13.5,5.25,17.0,2.0,6.0,4.0,3.0,1.5,2.0,57.0,187.0,130.0,89.5,48.75,57.0,1.27,3.98,2.71,3.3024999999999998,1.01625,3.98,2.0,2.0,0.0,2.0,0.0,2.0,0.0,5.0,5.0,3.75,1.875,5.0,0.0,1.0,1.0,0.25,0.375,0.0,0.0,14.0,14.0,3.5,5.25,0.0,7.0,17.0,10.0,9.5,3.75,7.0,0.0,0.0,0.0,0.0,0.0,0.0,0.0,1.0,1.0,0.75,0.375,1.0,0.0,9.0,9.0,2.25,3.375,0.0,0.0,0.0,0.0,0.0,0.0,0.0,1.0,9.0,8.0,3.0,3.0,1.0,9.7075,28.865,19.1575,14.496875,7.1840625,9.7075,0.0,1.97,1.97,1.4775,0.73875,1.97,0.0,0.0022471,0.0022471,0.000561775,0.0008426625,0.0,15.0,194.0,179.0,59.75,67.125,15.0
mp-1185925,Mn3I,Mn,Cubic,Pm-3m,9.3712338,2.34280845,4,False,25.0,53.0,28.0,32.0,10.5,25.0,52.0,96.0,44.0,63.0,16.5,52.0,54.938045,126.90447,71.966425,72.92965125,26.987409375000002,54.938045,386.85,1519.0,1132.15,1235.9625,424.55625,1519.0,7.0,17.0,10.0,9.5,3.75,7.0,4.0,5.0,1.0,4.25,0.375,4.0,139.0,139.0,0.0,139.0,0.0,139.0,1.55,2.66,1.11,1.8275000000000001,0.41625000000000006,1.55,2.0,2.0,0.0,2.0,0.0,2.0,0.0,5.0,5.0,1.25,1.875,0.0,5.0,10.0,5.0,6.25,1.875,5.0,0.0,0.0,0.0,0.0,0.0,0.0,7.0,17.0,10.0,9.5,3.75,7.0,0.0,0.0,0.0,0.0,0.0,0.0,0.0,1.0,1.0,0.25,0.375,0.0,0.0,5.0,5.0,3.75,1.875,5.0,0.0,0.0,0.0,0.0,0.0,0.0,1.0,5.0,4.0,4.0,1.5,5.0,10.4875862069,43.015,32.5274137931,18.619439655175,12.1977801724125,10.4875862069,0.0,1.062,1.062,0.2655,0.39825,0.0,0.0,0.000310120689655,0.000310120689655,0.00023259051724125,0.000116295258620625,0.000310120689655,64.0,217.0,153.0,178.75,57.375,217.0
mp-1185951,Mn3Br,Mn,Tetragonal,I4/mmm,12.3995707,3.099892675,4,False,25.0,35.0,10.0,27.5,3.75,25.0,52.0,95.0,43.0,62.75,16.125,52.0,54.938045,79.904,24.965954999999994,61.179533750000004,9.362233125,54.938045,265.8,1519.0,1253.2,1205.7,469.95,1519.0,7.0,17.0,10.0,9.5,3.75,7.0,4.0,4.0,0.0,4.0,0.0,4.0,120.0,139.0,19.0,134.25,7.125,139.0,1.55,2.96,1.41,1.9025,0.52875,1.55,2.0,2.0,0.0,2.0,0.0,2.0,0.0,5.0,5.0,1.25,1.875,0.0,5.0,10.0,5.0,6.25,1.875,5.0,0.0,0.0,0.0,0.0,0.0,0.0,7.0,17.0,10.0,9.5,3.75,7.0,0.0,0.0,0.0,0.0,0.0,0.0,0.0,1.0,1.0,0.25,0.375,0.0,0.0,5.0,5.0,3.75,1.875,5.0,0.0,0.0,0.0,0.0,0.0,0.0,1.0,5.0,4.0,4.0,1.5,5.0,10.4875862069,29.48,18.9924137931,15.235689655175001,7.122155172412501,10.4875862069,0.0,1.457,1.457,0.36425,0.546375,0.0,0.0,0.000310120689655,0.000310120689655,0.00023259051724125,0.000116295258620625,0.000310120689655,64.0,217.0,153.0,178.75,57.375,217.0
mp-1186215,Nb3I,Nb,Hexagonal,P6_3/mmc,0.0007135,8.91875e-05,8,False,41.0,53.0,12.0,44.0,4.5,41.0,47.0,96.0,49.0,59.25,18.375,47.0,92.90638,126.90447,33.998090000000005,101.4059025,12.74928375,92.90638,386.85,2750.0,2363.15,2159.2125,886.18125,2750.0,5.0,17.0,12.0,8.0,4.5,5.0,5.0,5.0,0.0,5.0,0.0,5.0,139.0,164.0,25.0,157.75,9.375,164.0,1.6,2.66,1.06,1.8650000000000002,0.3975000000000001,1.6,1.0,2.0,1.0,1.25,0.375,1.0,0.0,5.0,5.0,1.25,1.875,0.0,4.0,10.0,6.0,5.5,2.25,4.0,0.0,0.0,0.0,0.0,0.0,0.0,5.0,17.0,12.0,8.0,4.5,5.0,0.0,1.0,1.0,0.75,0.375,1.0,0.0,1.0,1.0,0.25,0.375,0.0,0.0,6.0,6.0,4.5,2.25,6.0,0.0,0.0,0.0,0.0,0.0,0.0,1.0,7.0,6.0,5.5,2.25,7.0,18.18,43.015,24.835,24.38875,9.313125000000001,18.18,0.0,1.062,1.062,0.2655,0.39825,0.0,0.0,0.0,0.0,0.0,0.0,0.0,64.0,229.0,165.0,187.75,61.875,229.0
mp-1186248,NbF5,Nb,Monoclinic,C2/m,0.0021443,8.934583333333333e-05,24,False,9.0,41.0,32.0,14.333333333333334,8.88888888888889,9.0,47.0,93.0,46.0,85.33333333333333,12.77777777777778,93.0,18.9984032,92.90638,73.9079768,31.316399333333333,20.529993555555556,18.9984032,53.5,2750.0,2696.5,502.9166666666667,749.0277777777778,53.5,5.0,17.0,12.0,15.0,3.3333333333333335,17.0,2.0,5.0,3.0,2.5,0.8333333333333334,2.0,57.0,164.0,107.0,74.83333333333333,29.722222222222218,57.0,1.6,3.98,2.38,3.5833333333333335,0.661111111111111,3.98,1.0,2.0,1.0,1.8333333333333333,0.27777777777777785,2.0,0.0,5.0,5.0,4.166666666666667,1.3888888888888886,5.0,0.0,4.0,4.0,0.6666666666666666,1.111111111111111,0.0,0.0,0.0,0.0,0.0,0.0,0.0,5.0,7.0,2.0,6.666666666666667,0.5555555555555554,7.0,0.0,1.0,1.0,0.16666666666666666,0.27777777777777773,0.0,0.0,1.0,1.0,0.8333333333333334,0.27777777777777773,1.0,0.0,6.0,6.0,1.0,1.6666666666666667,0.0,0.0,0.0,0.0,0.0,0.0,0.0,1.0,7.0,6.0,2.0,1.6666666666666667,1.0,9.7075,18.18,8.4725,11.119583333333333,2.3534722222222224,9.7075,0.0,1.97,1.97,1.6416666666666666,0.5472222222222222,1.97,0.0,0.0,0.0,0.0,0.0,0.0,15.0,229.0,214.0,50.666666666666664,59.444444444444436,15.0
mp-1186339,NiCl,Ni,Hexagonal,P6_3mc,1.9956203,0.498905075,4,False,17.0,28.0,11.0,22.5,5.5,17.0,61.0,94.0,33.0,77.5,16.5,61.0,35.453,58.6934,23.240399999999994,47.0732,11.620199999999997,35.453,171.6,1728.0,1556.4,949.8,778.2,171.6,10.0,17.0,7.0,13.5,3.5,10.0,3.0,4.0,1.0,3.5,0.5,3.0,102.0,124.0,22.0,113.0,11.0,102.0,1.91,3.16,1.2500000000000002,2.535,0.6250000000000001,1.91,2.0,2.0,0.0,2.0,0.0,2.0,0.0,5.0,5.0,2.5,2.5,0.0,0.0,8.0,8.0,4.0,4.0,0.0,0.0,0.0,0.0,0.0,0.0,0.0,7.0,10.0,3.0,8.5,1.5,7.0,0.0,0.0,0.0,0.0,0.0,0.0,0.0,1.0,1.0,0.5,0.5,0.0,0.0,2.0,2.0,1.0,1.0,0.0,0.0,0.0,0.0,0.0,0.0,0.0,1.0,2.0,1.0,1.5,0.5,1.0,10.32,24.4975,14.177499999999998,17.408749999999998,7.088749999999999,10.32,0.0,2.493,2.493,1.2465,1.2465,0.0,0.0,0.5953947,0.5953947,0.29769735,0.29769735,0.0,64.0,225.0,161.0,144.5,80.5,64.0
mp-1186354,Os3F,Os,Cubic,Fm-3m,0.0006038,0.00015095,4,False,9.0,76.0,67.0,59.25,25.125,76.0,57.0,93.0,36.0,66.0,13.5,57.0,18.9984032,190.23,171.23159679999998,147.42210079999998,64.2118488,190.23,53.5,3306.0,3252.5,2492.875,1219.6875,3306.0,8.0,17.0,9.0,10.25,3.375,8.0,2.0,6.0,4.0,5.0,1.5,6.0,57.0,144.0,87.0,122.25,32.625,144.0,2.2,3.98,1.7799999999999998,2.645,0.6674999999999999,2.2,2.0,2.0,0.0,2.0,0.0,2.0,0.0,5.0,5.0,1.25,1.875,0.0,0.0,6.0,6.0,4.5,2.25,6.0,0.0,14.0,14.0,10.5,5.25,14.0,7.0,22.0,15.0,18.25,5.625,22.0,0.0,0.0,0.0,0.0,0.0,0.0,0.0,1.0,1.0,0.25,0.375,0.0,0.0,4.0,4.0,3.0,1.5,4.0,0.0,0.0,0.0,0.0,0.0,0.0,1.0,4.0,3.0,3.25,1.125,4.0,9.7075,14.09,4.3825,12.994374999999998,1.643437500000001,14.09,0.0,1.97,1.97,0.4925,0.73875,0.0,0.0,0.0,0.0,0.0,0.0,0.0,15.0,194.0,179.0,149.25,67.125,194.0
mp-1186356,Os3Cl,Os,Cubic,Fm-3m,6.61e-05,1.6525e-05,4,False,17.0,76.0,59.0,61.25,22.125,76.0,57.0,94.0,37.0,66.25,13.875,57.0,35.453,190.23,154.777,151.53574999999998,58.041375,190.23,171.6,3306.0,3134.4,2522.4,1175.4,3306.0,8.0,17.0,9.0,10.25,3.375,8.0,3.0,6.0,3.0,5.25,1.125,6.0,102.0,144.0,42.0,133.5,15.75,144.0,2.2,3.16,0.96,2.4400000000000004,0.3600000000000001,2.2,2.0,2.0,0.0,2.0,0.0,2.0,0.0,5.0,5.0,1.25,1.875,0.0,0.0,6.0,6.0,4.5,2.25,6.0,0.0,14.0,14.0,10.5,5.25,14.0,7.0,22.0,15.0,18.25,5.625,22.0,0.0,0.0,0.0,0.0,0.0,0.0,0.0,1.0,1.0,0.25,0.375,0.0,0.0,4.0,4.0,3.0,1.5,4.0,0.0,0.0,0.0,0.0,0.0,0.0,1.0,4.0,3.0,3.25,1.125,4.0,14.09,24.4975,10.407499999999999,16.691875,3.9028124999999996,14.09,0.0,2.493,2.493,0.62325,0.9348749999999999,0.0,0.0,0.0,0.0,0.0,0.0,0.0,64.0,194.0,130.0,161.5,48.75,194.0
mp-1186424,Pd3F,Pd,Cubic,Fm-3m,1.763566,0.4408915,4,False,9.0,46.0,37.0,36.75,13.875,46.0,62.0,93.0,31.0,69.75,11.625,62.0,18.9984032,106.42,87.4215968,84.5646008,32.783098800000005,106.42,53.5,1828.05,1774.55,1384.4125,665.45625,1828.05,10.0,17.0,7.0,11.75,2.625,10.0,2.0,5.0,3.0,4.25,1.125,5.0,57.0,139.0,82.0,118.5,30.75,139.0,2.2,3.98,1.7799999999999998,2.645,0.6674999999999999,2.2,0.0,2.0,2.0,0.5,0.75,0.0,0.0,5.0,5.0,1.25,1.875,0.0,0.0,10.0,10.0,7.5,3.75,10.0,0.0,0.0,0.0,0.0,0.0,0.0,7.0,10.0,3.0,9.25,1.125,10.0,0.0,0.0,0.0,0.0,0.0,0.0,0.0,1.0,1.0,0.25,0.375,0.0,0.0,0.0,0.0,0.0,0.0,0.0,0.0,0.0,0.0,0.0,0.0,0.0,0.0,1.0,1.0,0.25,0.375,0.0,9.7075,14.41,4.702500000000001,13.234375,1.7634375000000002,14.41,0.0,1.97,1.97,0.4925,0.73875,0.0,0.0,0.0,0.0,0.0,0.0,0.0,15.0,225.0,210.0,172.5,78.75,225.0
mp-1186445,Pd3I,Pd,Tetragonal,I4/mmm,0.0008837,0.000220925,4,False,46.0,53.0,7.0,47.75,2.625,46.0,62.0,96.0,34.0,70.5,12.75,62.0,106.42,126.90447,20.48447,111.5411175,7.681676249999999,106.42,386.85,1828.05,1441.1999999999998,1467.75,540.45,1828.05,10.0,17.0,7.0,11.75,2.625,10.0,5.0,5.0,0.0,5.0,0.0,5.0,139.0,139.0,0.0,139.0,0.0,139.0,2.2,2.66,0.45999999999999996,2.3150000000000004,0.1725000000000001,2.2,0.0,2.0,2.0,0.5,0.75,0.0,0.0,5.0,5.0,1.25,1.875,0.0,10.0,10.0,0.0,10.0,0.0,10.0,0.0,0.0,0.0,0.0,0.0,0.0,10.0,17.0,7.0,11.75,2.625,10.0,0.0,0.0,0.0,0.0,0.0,0.0,0.0,1.0,1.0,0.25,0.375,0.0,0.0,0.0,0.0,0.0,0.0,0.0,0.0,0.0,0.0,0.0,0.0,0.0,0.0,1.0,1.0,0.25,0.375,0.0,14.41,43.015,28.605,21.56125,10.726875,14.41,0.0,1.062,1.062,0.2655,0.39825,0.0,0.0,0.0,0.0,0.0,0.0,0.0,64.0,225.0,161.0,184.75,60.375,225.0
mp-1186783,Pt3Cl,Pt,Cubic,Fm-3m,0.5304359,0.132608975,4,False,17.0,78.0,61.0,62.75,22.875,78.0,63.0,94.0,31.0,70.75,11.625,63.0,35.453,195.084,159.631,155.17624999999998,59.86162500000001,195.084,171.6,2041.4,1869.8000000000002,1573.9500000000003,701.175,2041.4,10.0,17.0,7.0,11.75,2.625,10.0,3.0,6.0,3.0,5.25,1.125,6.0,102.0,136.0,34.0,127.5,12.75,136.0,2.28,3.16,0.8800000000000003,2.5,0.3300000000000002,2.28,1.0,2.0,1.0,1.25,0.375,1.0,0.0,5.0,5.0,1.25,1.875,0.0,0.0,9.0,9.0,6.75,3.375,9.0,0.0,14.0,14.0,10.5,5.25,14.0,7.0,24.0,17.0,19.75,6.375,24.0,0.0,1.0,1.0,0.75,0.375,1.0,0.0,1.0,1.0,0.25,0.375,0.0,0.0,1.0,1.0,0.75,0.375,1.0,0.0,0.0,0.0,0.0,0.0,0.0,1.0,2.0,1.0,1.75,0.375,2.0,15.02,24.4975,9.4775,17.389375,3.5540625000000006,15.02,0.0,2.493,2.493,0.62325,0.9348749999999999,0.0,0.0,0.0,0.0,0.0,0.0,0.0,64.0,225.0,161.0,184.75,60.375,225.0
mp-1186908,RhBr,Rh,Hexagonal,P6_3mc,0.0003647,9.1175e-05,4,False,35.0,45.0,10.0,40.0,5.0,35.0,59.0,95.0,36.0,77.0,18.0,59.0,79.904,102.9055,23.001500000000007,91.40475,11.500750000000004,79.904,265.8,2237.0,1971.2,1251.4,985.6,265.8,9.0,17.0,8.0,13.0,4.0,9.0,4.0,5.0,1.0,4.5,0.5,4.0,120.0,142.0,22.0,131.0,11.0,120.0,2.28,2.96,0.6800000000000002,2.62,0.3400000000000001,2.28,1.0,2.0,1.0,1.5,0.5,1.0,0.0,5.0,5.0,2.5,2.5,0.0,8.0,10.0,2.0,9.0,1.0,8.0,0.0,0.0,0.0,0.0,0.0,0.0,9.0,17.0,8.0,13.0,4.0,9.0,0.0,1.0,1.0,0.5,0.5,0.0,0.0,1.0,1.0,0.5,0.5,0.0,0.0,2.0,2.0,1.0,1.0,0.0,0.0,0.0,0.0,0.0,0.0,0.0,1.0,3.0,2.0,2.0,1.0,1.0,13.64,29.48,15.84,21.560000000000002,7.92,13.64,0.0,1.457,1.457,0.7285,0.7285,0.0,0.0,0.0,0.0,0.0,0.0,0.0,64.0,225.0,161.0,144.5,80.5,64.0
mp-1186909,Ru3F,Ru,Cubic,Fm-3m,0.0003155,7.8875e-05,4,False,9.0,44.0,35.0,35.25,13.125,44.0,56.0,93.0,37.0,65.25,13.875,56.0,18.9984032,101.07,82.0715968,80.55210079999999,30.7768488,101.07,53.5,2607.0,2553.5,1968.625,957.5625,2607.0,8.0,17.0,9.0,10.25,3.375,8.0,2.0,5.0,3.0,4.25,1.125,5.0,57.0,146.0,89.0,123.75,33.375,146.0,2.2,3.98,1.7799999999999998,2.645,0.6674999999999999,2.2,1.0,2.0,1.0,1.25,0.375,1.0,0.0,5.0,5.0,1.25,1.875,0.0,0.0,7.0,7.0,5.25,2.625,7.0,0.0,0.0,0.0,0.0,0.0,0.0,7.0,8.0,1.0,7.75,0.375,8.0,0.0,1.0,1.0,0.75,0.375,1.0,0.0,1.0,1.0,0.25,0.375,0.0,0.0,3.0,3.0,2.25,1.125,3.0,0.0,0.0,0.0,0.0,0.0,0.0,1.0,4.0,3.0,3.25,1.125,4.0,9.7075,13.51,3.8025,12.559375,1.4259375000000003,13.51,0.0,1.97,1.97,0.4925,0.73875,0.0,0.0,0.0,0.0,0.0,0.0,0.0,15.0,194.0,179.0,149.25,67.125,194.0
mp-1186984,ScBr3,Sc,Hexagonal,P6_3/mmc,0.0,0.0,8,True,21.0,35.0,14.0,31.5,5.25,35.0,11.0,95.0,84.0,74.0,31.5,95.0,44.955912,79.904,34.948088,71.166978,13.105532999999998,79.904,265.8,1814.0,1548.2,652.85,580.575,265.8,3.0,17.0,14.0,13.5,5.25,17.0,4.0,4.0,0.0,4.0,0.0,4.0,120.0,170.0,50.0,132.5,18.75,120.0,1.36,2.96,1.5999999999999999,2.5599999999999996,0.6000000000000001,2.96,2.0,2.0,0.0,2.0,0.0,2.0,0.0,5.0,5.0,3.75,1.875,5.0,1.0,10.0,9.0,7.75,3.375,10.0,0.0,0.0,0.0,0.0,0.0,0.0,3.0,17.0,14.0,13.5,5.25,17.0,0.0,0.0,0.0,0.0,0.0,0.0,0.0,1.0,1.0,0.75,0.375,1.0,0.0,9.0,9.0,2.25,3.375,0.0,0.0,0.0,0.0,0.0,0.0,0.0,1.0,9.0,8.0,3.0,3.0,1.0,22.235,29.48,7.245000000000001,27.66875,2.716875000000001,29.48,0.0,1.457,1.457,1.09275,0.546375,1.457,0.0,6.35e-06,6.35e-06,1.5875e-06,2.3812500000000003e-06,0.0,64.0,194.0,130.0,96.5,48.75,64.0
mp-1186991,ScI3,Sc,Hexagonal,P6_3/mmc,0.0,0.0,8,True,21.0,53.0,32.0,45.0,12.0,53.0,11.0,96.0,85.0,74.75,31.875,96.0,44.955912,126.90447,81.948558,106.4173305,30.73070925,126.90447,386.85,1814.0,1427.15,743.6375,535.1812500000001,386.85,3.0,17.0,14.0,13.5,5.25,17.0,4.0,5.0,1.0,4.75,0.375,5.0,139.0,170.0,31.0,146.75,11.625,139.0,1.36,2.66,1.3,2.335,0.4875000000000001,2.66,2.0,2.0,0.0,2.0,0.0,2.0,0.0,5.0,5.0,3.75,1.875,5.0,1.0,10.0,9.0,7.75,3.375,10.0,0.0,0.0,0.0,0.0,0.0,0.0,3.0,17.0,14.0,13.5,5.25,17.0,0.0,0.0,0.0,0.0,0.0,0.0,0.0,1.0,1.0,0.75,0.375,1.0,0.0,9.0,9.0,2.25,3.375,0.0,0.0,0.0,0.0,0.0,0.0,0.0,1.0,9.0,8.0,3.0,3.0,1.0,22.235,43.015,20.78,37.82000000000001,7.792499999999997,43.015,0.0,1.062,1.062,0.7965,0.39825000000000005,1.062,0.0,6.35e-06,6.35e-06,1.5875e-06,2.3812500000000003e-06,0.0,64.0,194.0,130.0,96.5,48.75,64.0
mp-1187728,VI,V,Hexagonal,P6_3mc,8.0007384,2.0001846,4,False,23.0,53.0,30.0,38.0,15.0,23.0,46.0,96.0,50.0,71.0,25.0,46.0,50.9415,126.90447,75.96297000000001,88.922985,37.981485000000006,50.9415,386.85,2183.0,1796.15,1284.925,898.075,386.85,5.0,17.0,12.0,11.0,6.0,5.0,4.0,5.0,1.0,4.5,0.5,4.0,139.0,153.0,14.0,146.0,7.0,139.0,1.63,2.66,1.0300000000000002,2.145,0.5150000000000001,1.63,2.0,2.0,0.0,2.0,0.0,2.0,0.0,5.0,5.0,2.5,2.5,0.0,3.0,10.0,7.0,6.5,3.5,3.0,0.0,0.0,0.0,0.0,0.0,0.0,5.0,17.0,12.0,11.0,6.0,5.0,0.0,0.0,0.0,0.0,0.0,0.0,0.0,1.0,1.0,0.5,0.5,0.0,0.0,7.0,7.0,3.5,3.5,0.0,0.0,0.0,0.0,0.0,0.0,0.0,1.0,7.0,6.0,4.0,3.0,1.0,13.01,43.015,30.005000000000003,28.0125,15.002500000000001,13.01,0.0,1.062,1.062,0.531,0.531,0.0,0.0,0.0,0.0,0.0,0.0,0.0,64.0,229.0,165.0,146.5,82.5,64.0
mp-1187734,V3Br,V,Tetragonal,I4/mmm,0.0019679,0.000491975,4,False,23.0,35.0,12.0,26.0,4.5,23.0,46.0,95.0,49.0,58.25,18.375,46.0,50.9415,79.904,28.9625,58.182125,10.8609375,50.9415,265.8,2183.0,1917.2,1703.7,718.95,2183.0,5.0,17.0,12.0,8.0,4.5,5.0,4.0,4.0,0.0,4.0,0.0,4.0,120.0,153.0,33.0,144.75,12.375,153.0,1.63,2.96,1.33,1.9625,0.49875,1.63,2.0,2.0,0.0,2.0,0.0,2.0,0.0,5.0,5.0,1.25,1.875,0.0,3.0,10.0,7.0,4.75,2.625,3.0,0.0,0.0,0.0,0.0,0.0,0.0,5.0,17.0,12.0,8.0,4.5,5.0,0.0,0.0,0.0,0.0,0.0,0.0,0.0,1.0,1.0,0.25,0.375,0.0,0.0,7.0,7.0,5.25,2.625,7.0,0.0,0.0,0.0,0.0,0.0,0.0,1.0,7.0,6.0,5.5,2.25,7.0,13.01,29.48,16.47,17.1275,6.176250000000001,13.01,0.0,1.457,1.457,0.36425,0.546375,0.0,0.0,0.0,0.0,0.0,0.0,0.0,64.0,229.0,165.0,187.75,61.875,229.0
mp-1187787,V3F,V,Tetragonal,I4/mmm,3.4224965,0.855624125,4,False,9.0,23.0,14.0,19.5,5.25,23.0,46.0,93.0,47.0,57.75,17.625,46.0,18.9984032,50.9415,31.9430968,42.955725799999996,11.9786613,50.9415,53.5,2183.0,2129.5,1650.625,798.5625,2183.0,5.0,17.0,12.0,8.0,4.5,5.0,2.0,4.0,2.0,3.5,0.75,4.0,57.0,153.0,96.0,129.0,36.0,153.0,1.63,3.98,2.35,2.2175,0.88125,1.63,2.0,2.0,0.0,2.0,0.0,2.0,0.0,5.0,5.0,1.25,1.875,0.0,0.0,3.0,3.0,2.25,1.125,3.0,0.0,0.0,0.0,0.0,0.0,0.0,5.0,7.0,2.0,5.5,0.75,5.0,0.0,0.0,0.0,0.0,0.0,0.0,0.0,1.0,1.0,0.25,0.375,0.0,0.0,7.0,7.0,5.25,2.625,7.0,0.0,0.0,0.0,0.0,0.0,0.0,1.0,7.0,6.0,5.5,2.25,7.0,9.7075,13.01,3.3025,12.184375,1.2384375000000003,13.01,0.0,1.97,1.97,0.4925,0.73875,0.0,0.0,0.0,0.0,0.0,0.0,0.0,15.0,229.0,214.0,175.5,80.25,229.0
mp-1188012,Zr3I,Zr,Cubic,Pm-3m,0.0058001,0.001450025,4,False,40.0,53.0,13.0,43.25,4.875,40.0,44.0,96.0,52.0,57.0,19.5,44.0,91.224,126.90447,35.68047,100.14411750000001,13.380176250000002,91.224,386.85,2128.0,1741.15,1692.7125,652.93125,2128.0,4.0,17.0,13.0,7.25,4.875,4.0,5.0,5.0,0.0,5.0,0.0,5.0,139.0,175.0,36.0,166.0,13.5,175.0,1.33,2.66,1.33,1.6625,0.49875,1.33,2.0,2.0,0.0,2.0,0.0,2.0,0.0,5.0,5.0,1.25,1.875,0.0,2.0,10.0,8.0,4.0,3.0,2.0,0.0,0.0,0.0,0.0,0.0,0.0,4.0,17.0,13.0,7.25,4.875,4.0,0.0,0.0,0.0,0.0,0.0,0.0,0.0,1.0,1.0,0.25,0.375,0.0,0.0,8.0,8.0,6.0,3.0,8.0,0.0,0.0,0.0,0.0,0.0,0.0,1.0,8.0,7.0,6.25,2.625,8.0,23.195,43.015,19.82,28.150000000000002,7.432500000000001,23.195,0.0,1.062,1.062,0.2655,0.39825,0.0,0.0,0.0,0.0,0.0,0.0,0.0,64.0,194.0,130.0,161.5,48.75,194.0
mp-1188032,Zr3Cl,Zr,Hexagonal,P6_3/mmc,0.0039795,0.0004974375,8,False,17.0,40.0,23.0,34.25,8.625,40.0,44.0,94.0,50.0,56.5,18.75,44.0,35.453,91.224,55.771,77.28125,20.914125000000002,91.224,171.6,2128.0,1956.4,1638.9,733.65,2128.0,4.0,17.0,13.0,7.25,4.875,4.0,3.0,5.0,2.0,4.5,0.75,5.0,102.0,175.0,73.0,156.75,27.375,175.0,1.33,3.16,1.83,1.7875,0.68625,1.33,2.0,2.0,0.0,2.0,0.0,2.0,0.0,5.0,5.0,1.25,1.875,0.0,0.0,2.0,2.0,1.5,0.75,2.0,0.0,0.0,0.0,0.0,0.0,0.0,4.0,7.0,3.0,4.75,1.125,4.0,0.0,0.0,0.0,0.0,0.0,0.0,0.0,1.0,1.0,0.25,0.375,0.0,0.0,8.0,8.0,6.0,3.0,8.0,0.0,0.0,0.0,0.0,0.0,0.0,1.0,8.0,7.0,6.25,2.625,8.0,23.195,24.4975,1.3024999999999984,23.520625000000003,0.48843750000000075,23.195,0.0,2.493,2.493,0.62325,0.9348749999999999,0.0,0.0,0.0,0.0,0.0,0.0,0.0,64.0,194.0,130.0,161.5,48.75,194.0
mp-1188037,Zr3Br,Zr,Hexagonal,P6_3/mmc,0.0124771,0.0015596375,8,False,35.0,40.0,5.0,38.75,1.875,40.0,44.0,95.0,51.0,56.75,19.125,44.0,79.904,91.224,11.320000000000007,88.394,4.245000000000001,91.224,265.8,2128.0,1862.2,1662.45,698.325,2128.0,4.0,17.0,13.0,7.25,4.875,4.0,4.0,5.0,1.0,4.75,0.375,5.0,120.0,175.0,55.0,161.25,20.625,175.0,1.33,2.96,1.63,1.7375,0.61125,1.33,2.0,2.0,0.0,2.0,0.0,2.0,0.0,5.0,5.0,1.25,1.875,0.0,2.0,10.0,8.0,4.0,3.0,2.0,0.0,0.0,0.0,0.0,0.0,0.0,4.0,17.0,13.0,7.25,4.875,4.0,0.0,0.0,0.0,0.0,0.0,0.0,0.0,1.0,1.0,0.25,0.375,0.0,0.0,8.0,8.0,6.0,3.0,8.0,0.0,0.0,0.0,0.0,0.0,0.0,1.0,8.0,7.0,6.25,2.625,8.0,23.195,29.48,6.285,24.766250000000003,2.3568750000000014,23.195,0.0,1.457,1.457,0.36425,0.546375,0.0,0.0,0.0,0.0,0.0,0.0,0.0,64.0,194.0,130.0,161.5,48.75,194.0
mp-1188071,ZrI4,Zr,Triclinic,P-1,2.66e-05,1.33e-06,20,False,40.0,53.0,13.0,50.4,4.160000000000001,53.0,44.0,96.0,52.0,85.6,16.640000000000004,96.0,91.224,126.90447,35.68047,119.76837600000002,11.417750399999992,126.90447,386.85,2128.0,1741.15,735.08,557.168,386.85,4.0,17.0,13.0,14.4,4.159999999999999,17.0,5.0,5.0,0.0,5.0,0.0,5.0,139.0,175.0,36.0,146.2,11.519999999999992,139.0,1.33,2.66,1.33,2.394,0.42560000000000003,2.66,2.0,2.0,0.0,2.0,0.0,2.0,0.0,5.0,5.0,4.0,1.6,5.0,2.0,10.0,8.0,8.4,2.5599999999999996,10.0,0.0,0.0,0.0,0.0,0.0,0.0,4.0,17.0,13.0,14.4,4.159999999999999,17.0,0.0,0.0,0.0,0.0,0.0,0.0,0.0,1.0,1.0,0.8,0.31999999999999995,1.0,0.0,8.0,8.0,1.6,2.56,0.0,0.0,0.0,0.0,0.0,0.0,0.0,1.0,8.0,7.0,2.4,2.2399999999999998,1.0,23.195,43.015,19.82,39.051,6.3424,43.015,0.0,1.062,1.062,0.8496,0.33984000000000003,1.062,0.0,0.0,0.0,0.0,0.0,0.0,64.0,194.0,130.0,90.0,41.6,64.0
mp-1188728,CdI2,Cd,Trigonal,R3m,0.0,0.0,18,False,48.0,53.0,5.0,51.333333333333336,2.2222222222222214,53.0,70.0,96.0,26.0,87.33333333333333,11.555555555555557,96.0,112.411,126.90447,14.493470000000002,122.07331333333333,6.441542222222225,126.90447,386.85,594.22,207.37,455.97333333333336,92.16444444444444,386.85,12.0,17.0,5.0,15.333333333333334,2.222222222222222,17.0,5.0,5.0,0.0,5.0,0.0,5.0,139.0,144.0,5.0,140.66666666666666,2.222222222222219,139.0,1.69,2.66,0.9700000000000002,2.3366666666666664,0.4311111111111113,2.66,2.0,2.0,0.0,2.0,0.0,2.0,0.0,5.0,5.0,3.3333333333333335,2.222222222222222,5.0,10.0,10.0,0.0,10.0,0.0,10.0,0.0,0.0,0.0,0.0,0.0,0.0,12.0,17.0,5.0,15.333333333333334,2.222222222222222,17.0,0.0,0.0,0.0,0.0,0.0,0.0,0.0,1.0,1.0,0.6666666666666666,0.4444444444444445,1.0,0.0,0.0,0.0,0.0,0.0,0.0,0.0,0.0,0.0,0.0,0.0,0.0,0.0,1.0,1.0,0.6666666666666666,0.4444444444444445,1.0,19.495,43.015,23.52,35.175000000000004,10.453333333333331,43.015,0.0,1.062,1.062,0.7080000000000001,0.472,1.062,0.0,0.0,0.0,0.0,0.0,0.0,64.0,194.0,130.0,107.33333333333333,57.77777777777777,64.0
mp-1190915,TcCl3,Tc,Trigonal,R-3m,0.0,0.0,24,True,17.0,43.0,26.0,23.5,9.75,17.0,53.0,94.0,41.0,83.75,15.375,94.0,35.453,98.0,62.547,51.08975,23.455125,35.453,171.6,2430.0,2258.4,736.2,846.9000000000001,171.6,7.0,17.0,10.0,14.5,3.75,17.0,3.0,5.0,2.0,3.5,0.75,3.0,102.0,147.0,45.0,113.25,16.875,102.0,1.9,3.16,1.2600000000000002,2.845,0.47250000000000003,3.16,2.0,2.0,0.0,2.0,0.0,2.0,0.0,5.0,5.0,3.75,1.875,5.0,0.0,5.0,5.0,1.25,1.875,0.0,0.0,0.0,0.0,0.0,0.0,0.0,7.0,7.0,0.0,7.0,0.0,7.0,0.0,0.0,0.0,0.0,0.0,0.0,0.0,1.0,1.0,0.75,0.375,1.0,0.0,5.0,5.0,1.25,1.875,0.0,0.0,0.0,0.0,0.0,0.0,0.0,1.0,5.0,4.0,2.0,1.5,1.0,14.285,24.4975,10.212499999999999,21.944374999999997,3.8296875000000004,24.4975,0.0,2.493,2.493,1.8697499999999998,0.934875,2.493,0.0,0.0,0.0,0.0,0.0,0.0,64.0,194.0,130.0,96.5,48.75,64.0
mp-1191736,YF3,Y,Trigonal,P-3c1,0.0,0.0,24,False,9.0,39.0,30.0,16.5,11.25,9.0,12.0,93.0,81.0,72.75,30.375,93.0,18.9984032,88.90585,69.9074468,36.4752649,26.21529255,18.9984032,53.5,1799.0,1745.5,489.875,654.5625,53.5,3.0,17.0,14.0,13.5,5.25,17.0,2.0,5.0,3.0,2.75,1.125,2.0,57.0,190.0,133.0,90.25,49.875,57.0,1.22,3.98,2.76,3.29,1.0350000000000001,3.98,2.0,2.0,0.0,2.0,0.0,2.0,0.0,5.0,5.0,3.75,1.875,5.0,0.0,1.0,1.0,0.25,0.375,0.0,0.0,0.0,0.0,0.0,0.0,0.0,3.0,7.0,4.0,6.0,1.5,7.0,0.0,0.0,0.0,0.0,0.0,0.0,0.0,1.0,1.0,0.75,0.375,1.0,0.0,9.0,9.0,2.25,3.375,0.0,0.0,0.0,0.0,0.0,0.0,0.0,1.0,9.0,8.0,3.0,3.0,1.0,9.7075,32.365,22.657500000000002,15.371875,8.4965625,9.7075,0.0,1.97,1.97,1.4775,0.73875,1.97,0.0,0.0,0.0,0.0,0.0,0.0,15.0,194.0,179.0,59.75,67.125,15.0
mp-1192044,ZrCl3,Zr,Monoclinic,C2/m,1.9992817,0.0833034041666666,24,False,17.0,40.0,23.0,22.75,8.625,17.0,44.0,94.0,50.0,81.5,18.75,94.0,35.453,91.224,55.771,49.39575000000001,20.914125000000002,35.453,171.6,2128.0,1956.4,660.7,733.6500000000001,171.6,4.0,17.0,13.0,13.75,4.875,17.0,3.0,5.0,2.0,3.5,0.75,3.0,102.0,175.0,73.0,120.25,27.375,102.0,1.33,3.16,1.83,2.7025,0.68625,3.16,2.0,2.0,0.0,2.0,0.0,2.0,0.0,5.0,5.0,3.75,1.875,5.0,0.0,2.0,2.0,0.5,0.75,0.0,0.0,0.0,0.0,0.0,0.0,0.0,4.0,7.0,3.0,6.25,1.125,7.0,0.0,0.0,0.0,0.0,0.0,0.0,0.0,1.0,1.0,0.75,0.375,1.0,0.0,8.0,8.0,2.0,3.0,0.0,0.0,0.0,0.0,0.0,0.0,0.0,1.0,8.0,7.0,2.75,2.625,1.0,23.195,24.4975,1.3024999999999984,24.171875,0.48843749999999897,24.4975,0.0,2.493,2.493,1.8697499999999998,0.934875,2.493,0.0,0.0,0.0,0.0,0.0,0.0,64.0,194.0,130.0,96.5,48.75,64.0
mp-1192095,CrCl3,Cr,Monoclinic,C2/m,18.0022505,0.7500937708333333,24,False,17.0,24.0,7.0,18.75,2.625,17.0,49.0,94.0,45.0,82.75,16.875,94.0,35.453,51.9961,16.543099999999995,39.588775,6.2036624999999965,35.453,171.6,2180.0,2008.4,673.7,753.1500000000001,171.6,6.0,17.0,11.0,14.25,4.125,17.0,3.0,4.0,1.0,3.25,0.375,3.0,102.0,139.0,37.0,111.25,13.875,102.0,1.66,3.16,1.5000000000000002,2.785,0.5625,3.16,1.0,2.0,1.0,1.75,0.375,2.0,0.0,5.0,5.0,3.75,1.875,5.0,0.0,5.0,5.0,1.25,1.875,0.0,0.0,0.0,0.0,0.0,0.0,0.0,6.0,7.0,1.0,6.75,0.375,7.0,0.0,1.0,1.0,0.25,0.375,0.0,0.0,1.0,1.0,0.75,0.375,1.0,0.0,5.0,5.0,1.25,1.875,0.0,0.0,0.0,0.0,0.0,0.0,0.0,1.0,6.0,5.0,2.25,1.875,1.0,11.19,24.4975,13.3075,21.170624999999998,4.9903125,24.4975,0.0,2.493,2.493,1.8697499999999998,0.934875,2.493,0.0,0.0,0.0,0.0,0.0,0.0,64.0,229.0,165.0,105.25,61.875,64.0
mp-1193047,CrCl3,Cr,Monoclinic,C2/m,17.9999663,0.7499985958333334,24,False,17.0,24.0,7.0,18.75,2.625,17.0,49.0,94.0,45.0,82.75,16.875,94.0,35.453,51.9961,16.543099999999995,39.588775,6.2036624999999965,35.453,171.6,2180.0,2008.4,673.7,753.1500000000001,171.6,6.0,17.0,11.0,14.25,4.125,17.0,3.0,4.0,1.0,3.25,0.375,3.0,102.0,139.0,37.0,111.25,13.875,102.0,1.66,3.16,1.5000000000000002,2.785,0.5625,3.16,1.0,2.0,1.0,1.75,0.375,2.0,0.0,5.0,5.0,3.75,1.875,5.0,0.0,5.0,5.0,1.25,1.875,0.0,0.0,0.0,0.0,0.0,0.0,0.0,6.0,7.0,1.0,6.75,0.375,7.0,0.0,1.0,1.0,0.25,0.375,0.0,0.0,1.0,1.0,0.75,0.375,1.0,0.0,5.0,5.0,1.25,1.875,0.0,0.0,0.0,0.0,0.0,0.0,0.0,1.0,6.0,5.0,2.25,1.875,1.0,11.19,24.4975,13.3075,21.170624999999998,4.9903125,24.4975,0.0,2.493,2.493,1.8697499999999998,0.934875,2.493,0.0,0.0,0.0,0.0,0.0,0.0,64.0,229.0,165.0,105.25,61.875,64.0
mp-1194272,ZrF4,Zr,Monoclinic,C2/c,0.0,0.0,30,False,9.0,40.0,31.0,15.2,9.919999999999998,9.0,44.0,93.0,49.0,83.2,15.679999999999998,93.0,18.9984032,91.224,72.2255968,33.44352256,23.112190976,18.9984032,53.5,2128.0,2074.5,468.4,663.8399999999999,53.5,4.0,17.0,13.0,14.4,4.159999999999999,17.0,2.0,5.0,3.0,2.6,0.9600000000000002,2.0,57.0,175.0,118.0,80.6,37.76,57.0,1.33,3.98,2.65,3.45,0.8479999999999999,3.98,2.0,2.0,0.0,2.0,0.0,2.0,0.0,5.0,5.0,4.0,1.6,5.0,0.0,2.0,2.0,0.4,0.64,0.0,0.0,0.0,0.0,0.0,0.0,0.0,4.0,7.0,3.0,6.4,0.9599999999999997,7.0,0.0,0.0,0.0,0.0,0.0,0.0,0.0,1.0,1.0,0.8,0.31999999999999995,1.0,0.0,8.0,8.0,1.6,2.56,0.0,0.0,0.0,0.0,0.0,0.0,0.0,1.0,8.0,7.0,2.4,2.2399999999999998,1.0,9.7075,23.195,13.4875,12.405,4.316,9.7075,0.0,1.97,1.97,1.576,0.6304,1.97,0.0,0.0,0.0,0.0,0.0,0.0,15.0,194.0,179.0,50.8,57.279999999999994,15.0
mp-1194880,W5I16,W,Orthorhombic,Pna2_1,0.039806,0.0004738809523809,84,True,53.0,74.0,21.0,58.0,7.619047619047619,53.0,51.0,96.0,45.0,85.28571428571429,16.326530612244895,96.0,126.90447,183.84,56.93553,140.46054857142857,20.65688163265306,126.90447,386.85,3695.0,3308.15,1174.5047619047618,1200.235827664399,386.85,6.0,17.0,11.0,14.380952380952381,3.990929705215419,17.0,5.0,6.0,1.0,5.238095238095238,0.36281179138321995,5.0,139.0,162.0,23.0,144.47619047619048,8.344671201814062,139.0,2.36,2.66,0.30000000000000027,2.5885714285714285,0.10884353741496615,2.66,2.0,2.0,0.0,2.0,0.0,2.0,0.0,5.0,5.0,3.8095238095238093,1.8140589569161,5.0,4.0,10.0,6.0,8.571428571428571,2.17687074829932,10.0,0.0,14.0,14.0,3.3333333333333335,5.079365079365079,0.0,17.0,20.0,3.0,17.714285714285715,1.0884353741496604,17.0,0.0,0.0,0.0,0.0,0.0,0.0,0.0,1.0,1.0,0.7619047619047619,0.36281179138321995,1.0,0.0,6.0,6.0,1.4285714285714286,2.1768707482993195,0.0,0.0,0.0,0.0,0.0,0.0,0.0,1.0,6.0,5.0,2.1904761904761907,1.8140589569161,1.0,16.05,43.015,26.965,36.5947619047619,9.783219954648526,43.015,0.0,1.062,1.062,0.8091428571428572,0.38530612244897966,1.062,0.0,0.0,0.0,0.0,0.0,0.0,64.0,229.0,165.0,103.28571428571429,59.8639455782313,64.0
mp-1195045,WI4,W,Orthorhombic,Pbcn,0.0041072,3.422666666666667e-05,120,True,53.0,74.0,21.0,57.2,6.7200000000000015,53.0,51.0,96.0,45.0,87.0,14.4,96.0,126.90447,183.84,56.93553,138.29157600000002,18.21936960000001,126.90447,386.85,3695.0,3308.15,1048.48,1058.608,386.85,6.0,17.0,11.0,14.8,3.5199999999999996,17.0,5.0,6.0,1.0,5.2,0.3200000000000001,5.0,139.0,162.0,23.0,143.6,7.359999999999997,139.0,2.36,2.66,0.30000000000000027,2.6,0.09600000000000009,2.66,2.0,2.0,0.0,2.0,0.0,2.0,0.0,5.0,5.0,4.0,1.6,5.0,4.0,10.0,6.0,8.8,1.9199999999999995,10.0,0.0,14.0,14.0,2.8,4.4799999999999995,0.0,17.0,20.0,3.0,17.6,0.9600000000000009,17.0,0.0,0.0,0.0,0.0,0.0,0.0,0.0,1.0,1.0,0.8,0.31999999999999995,1.0,0.0,6.0,6.0,1.2,1.92,0.0,0.0,0.0,0.0,0.0,0.0,0.0,1.0,6.0,5.0,2.0,1.6,1.0,16.05,43.015,26.965,37.622,8.628800000000002,43.015,0.0,1.062,1.062,0.8496,0.33984000000000003,1.062,0.0,0.0,0.0,0.0,0.0,0.0,64.0,229.0,165.0,97.0,52.8,64.0
mp-1196036,WI3,W,Tetragonal,P4_12_12,0.0104554,0.0001089104166666,96,False,53.0,74.0,21.0,58.25,7.875,53.0,51.0,96.0,45.0,84.75,16.875,96.0,126.90447,183.84,56.93553,141.1383525,21.350823749999996,126.90447,386.85,3695.0,3308.15,1213.8875,1240.55625,386.85,6.0,17.0,11.0,14.25,4.125,17.0,5.0,6.0,1.0,5.25,0.375,5.0,139.0,162.0,23.0,144.75,8.625,139.0,2.36,2.66,0.30000000000000027,2.585,0.11250000000000016,2.66,2.0,2.0,0.0,2.0,0.0,2.0,0.0,5.0,5.0,3.75,1.875,5.0,4.0,10.0,6.0,8.5,2.25,10.0,0.0,14.0,14.0,3.5,5.25,0.0,17.0,20.0,3.0,17.75,1.125,17.0,0.0,0.0,0.0,0.0,0.0,0.0,0.0,1.0,1.0,0.75,0.375,1.0,0.0,6.0,6.0,1.5,2.25,0.0,0.0,0.0,0.0,0.0,0.0,0.0,1.0,6.0,5.0,2.25,1.875,1.0,16.05,43.015,26.965,36.27375000000001,10.111874999999998,43.015,0.0,1.062,1.062,0.7965,0.39825000000000005,1.062,0.0,0.0,0.0,0.0,0.0,0.0,64.0,229.0,165.0,105.25,61.875,64.0
mp-1196387,W3I8,W,Monoclinic,P2_1/c,0.0226043,0.0002568670454545,88,False,53.0,74.0,21.0,58.72727272727273,8.330578512396693,53.0,51.0,96.0,45.0,83.72727272727273,17.851239669421485,96.0,126.90447,183.84,56.93553,142.4323418181818,22.58599537190082,126.90447,386.85,3695.0,3308.15,1289.0727272727272,1312.323966942149,386.85,6.0,17.0,11.0,14.0,4.363636363636363,17.0,5.0,6.0,1.0,5.2727272727272725,0.39669421487603296,5.0,139.0,162.0,23.0,145.27272727272728,9.123966942148764,139.0,2.36,2.66,0.30000000000000027,2.578181818181818,0.11900826446281008,2.66,2.0,2.0,0.0,2.0,0.0,2.0,0.0,5.0,5.0,3.6363636363636362,1.9834710743801656,5.0,4.0,10.0,6.0,8.363636363636363,2.3801652892561984,10.0,0.0,14.0,14.0,3.8181818181818183,5.553719008264463,0.0,17.0,20.0,3.0,17.818181818181817,1.1900826446280985,17.0,0.0,0.0,0.0,0.0,0.0,0.0,0.0,1.0,1.0,0.7272727272727273,0.396694214876033,1.0,0.0,6.0,6.0,1.6363636363636365,2.380165289256198,0.0,0.0,0.0,0.0,0.0,0.0,0.0,1.0,6.0,5.0,2.3636363636363638,1.9834710743801656,1.0,16.05,43.015,26.965,35.66090909090909,10.696859504132233,43.015,0.0,1.062,1.062,0.7723636363636364,0.4212892561983472,1.062,0.0,0.0,0.0,0.0,0.0,0.0,64.0,229.0,165.0,109.0,65.45454545454545,64.0
mp-1196526,Nb6I11,Nb,Orthorhombic,Pna2_1,11.31232,0.1663576470588235,68,False,41.0,53.0,12.0,48.76470588235294,5.4809688581314875,53.0,47.0,96.0,49.0,78.70588235294117,22.380622837370243,96.0,92.90638,126.90447,33.998090000000005,114.90514411764707,15.528539377162629,126.90447,386.85,2750.0,2363.15,1220.9029411764704,1079.3626297577853,386.85,5.0,17.0,12.0,12.764705882352942,5.4809688581314875,17.0,5.0,5.0,0.0,5.0,0.0,5.0,139.0,164.0,25.0,147.8235294117647,11.418685121107263,139.0,1.6,2.66,1.06,2.2858823529411763,0.4841522491349482,2.66,1.0,2.0,1.0,1.6470588235294117,0.4567474048442907,2.0,0.0,5.0,5.0,3.235294117647059,2.2837370242214536,5.0,4.0,10.0,6.0,7.882352941176471,2.7404844290657437,10.0,0.0,0.0,0.0,0.0,0.0,0.0,5.0,17.0,12.0,12.764705882352942,5.4809688581314875,17.0,0.0,1.0,1.0,0.35294117647058826,0.45674740484429066,0.0,0.0,1.0,1.0,0.6470588235294118,0.45674740484429066,1.0,0.0,6.0,6.0,2.1176470588235294,2.7404844290657437,0.0,0.0,0.0,0.0,0.0,0.0,0.0,1.0,7.0,6.0,3.1176470588235294,2.7404844290657437,1.0,18.18,43.015,24.835,34.24970588235294,11.343321799307958,43.015,0.0,1.062,1.062,0.6871764705882353,0.4850657439446367,1.062,0.0,0.0,0.0,0.0,0.0,0.0,64.0,229.0,165.0,122.23529411764706,75.36332179930797,64.0
mp-1197907,W2Br5,W,Monoclinic,P2_1/c,0.0006291,1.1233928571428571e-05,56,False,35.0,74.0,39.0,46.142857142857146,15.918367346938778,35.0,51.0,95.0,44.0,82.42857142857143,17.959183673469386,95.0,79.904,183.84,103.936,109.60000000000001,42.42285714285715,79.904,265.8,3695.0,3429.2,1245.5714285714287,1399.6734693877552,265.8,6.0,17.0,11.0,13.857142857142858,4.489795918367347,17.0,4.0,6.0,2.0,4.571428571428571,0.8163265306122448,4.0,120.0,162.0,42.0,132.0,17.142857142857142,120.0,2.36,2.96,0.6000000000000001,2.7885714285714287,0.24489795918367344,2.96,2.0,2.0,0.0,2.0,0.0,2.0,0.0,5.0,5.0,3.5714285714285716,2.0408163265306123,5.0,4.0,10.0,6.0,8.285714285714286,2.4489795918367343,10.0,0.0,14.0,14.0,4.0,5.714285714285714,0.0,17.0,20.0,3.0,17.857142857142858,1.2244897959183676,17.0,0.0,0.0,0.0,0.0,0.0,0.0,0.0,1.0,1.0,0.7142857142857143,0.4081632653061224,1.0,0.0,6.0,6.0,1.7142857142857142,2.4489795918367347,0.0,0.0,0.0,0.0,0.0,0.0,0.0,1.0,6.0,5.0,2.4285714285714284,2.0408163265306123,1.0,16.05,29.48,13.43,25.642857142857142,5.481632653061225,29.48,0.0,1.457,1.457,1.0407142857142857,0.5946938775510205,1.457,0.0,0.0,0.0,0.0,0.0,0.0,64.0,229.0,165.0,111.14285714285714,67.34693877551021,64.0
mp-1198538,Ta3Br7,Ta,Orthorhombic,Cmce,0.0023986,5.9965e-05,40,False,35.0,73.0,38.0,46.4,15.959999999999999,35.0,48.0,95.0,47.0,80.9,19.74,95.0,79.904,180.94788,101.04388,110.217164,42.4384296,79.904,265.8,3290.0,3024.2,1173.06,1270.164,265.8,5.0,17.0,12.0,13.4,5.04,17.0,4.0,6.0,2.0,4.6,0.8399999999999999,4.0,120.0,170.0,50.0,135.0,21.0,120.0,1.5,2.96,1.46,2.522,0.6132000000000001,2.96,2.0,2.0,0.0,2.0,0.0,2.0,0.0,5.0,5.0,3.5,2.1,5.0,3.0,10.0,7.0,7.9,2.94,10.0,0.0,14.0,14.0,4.2,5.880000000000001,0.0,17.0,19.0,2.0,17.6,0.8400000000000005,17.0,0.0,0.0,0.0,0.0,0.0,0.0,0.0,1.0,1.0,0.7,0.42000000000000004,1.0,0.0,7.0,7.0,2.1,2.9400000000000004,0.0,0.0,0.0,0.0,0.0,0.0,0.0,1.0,7.0,6.0,2.8,2.52,1.0,18.12,29.48,11.36,26.072000000000003,4.7711999999999986,29.48,0.0,1.457,1.457,1.0199,0.61194,1.457,0.0,0.0,0.0,0.0,0.0,0.0,64.0,229.0,165.0,113.5,69.3,64.0
mp-1198690,MoI2,Mo,Orthorhombic,Cmce,0.0,0.0,36,True,42.0,53.0,11.0,49.333333333333336,4.888888888888888,53.0,50.0,96.0,46.0,80.66666666666667,20.444444444444443,96.0,95.96,126.90447,30.94447000000001,116.58964666666667,13.753097777777782,126.90447,386.85,2896.0,2509.15,1223.2333333333333,1115.1777777777777,386.85,6.0,17.0,11.0,13.333333333333334,4.888888888888888,17.0,5.0,5.0,0.0,5.0,0.0,5.0,139.0,154.0,15.0,144.0,6.666666666666667,139.0,2.16,2.66,0.5,2.4933333333333336,0.22222222222222218,2.66,1.0,2.0,1.0,1.6666666666666667,0.4444444444444444,2.0,0.0,5.0,5.0,3.3333333333333335,2.222222222222222,5.0,5.0,10.0,5.0,8.333333333333334,2.222222222222222,10.0,0.0,0.0,0.0,0.0,0.0,0.0,6.0,17.0,11.0,13.333333333333334,4.888888888888888,17.0,0.0,1.0,1.0,0.3333333333333333,0.4444444444444445,0.0,0.0,1.0,1.0,0.6666666666666666,0.4444444444444445,1.0,0.0,5.0,5.0,1.6666666666666667,2.222222222222222,0.0,0.0,0.0,0.0,0.0,0.0,0.0,1.0,6.0,5.0,2.6666666666666665,2.222222222222222,1.0,15.69,43.015,27.325000000000003,33.906666666666666,12.144444444444446,43.015,0.0,1.062,1.062,0.7080000000000001,0.472,1.062,0.0,0.0,0.0,0.0,0.0,0.0,64.0,229.0,165.0,119.0,73.33333333333333,64.0
mp-1203015,TaBr5,Ta,Monoclinic,C2/m,0.0,0.0,36,False,35.0,73.0,38.0,41.333333333333336,10.555555555555557,35.0,48.0,95.0,47.0,87.16666666666667,13.055555555555552,95.0,79.904,180.94788,101.04388,96.74464666666665,28.06774444444444,79.904,265.8,3290.0,3024.2,769.8333333333334,840.0555555555557,265.8,5.0,17.0,12.0,15.0,3.3333333333333335,17.0,4.0,6.0,2.0,4.333333333333333,0.5555555555555554,4.0,120.0,170.0,50.0,128.33333333333334,13.888888888888895,120.0,1.5,2.96,1.46,2.716666666666667,0.40555555555555545,2.96,2.0,2.0,0.0,2.0,0.0,2.0,0.0,5.0,5.0,4.166666666666667,1.3888888888888886,5.0,3.0,10.0,7.0,8.833333333333334,1.944444444444444,10.0,0.0,14.0,14.0,2.3333333333333335,3.8888888888888893,0.0,17.0,19.0,2.0,17.333333333333332,0.5555555555555548,17.0,0.0,0.0,0.0,0.0,0.0,0.0,0.0,1.0,1.0,0.8333333333333334,0.27777777777777773,1.0,0.0,7.0,7.0,1.1666666666666667,1.9444444444444446,0.0,0.0,0.0,0.0,0.0,0.0,0.0,1.0,7.0,6.0,2.0,1.6666666666666667,1.0,18.12,29.48,11.36,27.58666666666667,3.1555555555555537,29.48,0.0,1.457,1.457,1.2141666666666666,0.40472222222222226,1.457,0.0,0.0,0.0,0.0,0.0,0.0,64.0,229.0,165.0,91.5,45.833333333333336,64.0
mp-1203061,TcF4,Tc,Orthorhombic,Pbca,24.0000008,0.60000002,40,True,9.0,43.0,34.0,15.8,10.88,9.0,53.0,93.0,40.0,85.0,12.8,93.0,18.9984032,98.0,79.0015968,34.79872256,25.280510976000002,18.9984032,53.5,2430.0,2376.5,528.8,760.4799999999999,53.5,7.0,17.0,10.0,15.0,3.2,17.0,2.0,5.0,3.0,2.6,0.9600000000000002,2.0,57.0,147.0,90.0,75.0,28.8,57.0,1.9,3.98,2.08,3.564,0.6656,3.98,2.0,2.0,0.0,2.0,0.0,2.0,0.0,5.0,5.0,4.0,1.6,5.0,0.0,5.0,5.0,1.0,1.6,0.0,0.0,0.0,0.0,0.0,0.0,0.0,7.0,7.0,0.0,7.0,0.0,7.0,0.0,0.0,0.0,0.0,0.0,0.0,0.0,1.0,1.0,0.8,0.31999999999999995,1.0,0.0,5.0,5.0,1.0,1.6,0.0,0.0,0.0,0.0,0.0,0.0,0.0,1.0,5.0,4.0,1.8,1.28,1.0,9.7075,14.285,4.577500000000001,10.623,1.4647999999999999,9.7075,0.0,1.97,1.97,1.576,0.6304,1.97,0.0,0.0,0.0,0.0,0.0,0.0,15.0,194.0,179.0,50.8,57.279999999999994,15.0
mp-1203591,TcI4,Tc,Monoclinic,P2_1/c,0.0085558,0.000213895,40,True,43.0,53.0,10.0,51.0,3.2,53.0,53.0,96.0,43.0,87.4,13.759999999999996,96.0,98.0,126.90447,28.904470000000003,121.123576,9.249430400000003,126.90447,386.85,2430.0,2043.15,795.48,653.808,386.85,7.0,17.0,10.0,15.0,3.2,17.0,5.0,5.0,0.0,5.0,0.0,5.0,139.0,147.0,8.0,140.6,2.5599999999999965,139.0,1.9,2.66,0.7600000000000002,2.508,0.24320000000000014,2.66,2.0,2.0,0.0,2.0,0.0,2.0,0.0,5.0,5.0,4.0,1.6,5.0,5.0,10.0,5.0,9.0,1.6,10.0,0.0,0.0,0.0,0.0,0.0,0.0,7.0,17.0,10.0,15.0,3.2,17.0,0.0,0.0,0.0,0.0,0.0,0.0,0.0,1.0,1.0,0.8,0.31999999999999995,1.0,0.0,5.0,5.0,1.0,1.6,0.0,0.0,0.0,0.0,0.0,0.0,0.0,1.0,5.0,4.0,1.8,1.28,1.0,14.285,43.015,28.73,37.269,9.1936,43.015,0.0,1.062,1.062,0.8496,0.33984000000000003,1.062,0.0,0.0,0.0,0.0,0.0,0.0,64.0,194.0,130.0,90.0,41.6,64.0
mp-1204035,W15I47,W,Monoclinic,C2,0.9549159,0.0154018693548387,62,False,53.0,74.0,21.0,58.08064516129032,7.702913631633714,53.0,51.0,96.0,45.0,85.11290322580645,16.50624349635796,96.0,126.90447,183.84,56.93553,140.679195,20.884260483870964,126.90447,386.85,3695.0,3308.15,1187.2088709677419,1213.4473204994795,386.85,6.0,17.0,11.0,14.338709677419354,4.0348595213319465,17.0,5.0,6.0,1.0,5.241935483870968,0.366805411030177,5.0,139.0,162.0,23.0,144.56451612903226,8.436524453694068,139.0,2.36,2.66,0.30000000000000027,2.58741935483871,0.11004162330905298,2.66,2.0,2.0,0.0,2.0,0.0,2.0,0.0,5.0,5.0,3.7903225806451615,1.8340270551508844,5.0,4.0,10.0,6.0,8.548387096774194,2.200832466181061,10.0,0.0,14.0,14.0,3.3870967741935485,5.1352757544224765,0.0,17.0,20.0,3.0,17.725806451612904,1.1004162330905312,17.0,0.0,0.0,0.0,0.0,0.0,0.0,0.0,1.0,1.0,0.7580645161290323,0.3668054110301769,1.0,0.0,6.0,6.0,1.4516129032258065,2.2008324661810614,0.0,0.0,0.0,0.0,0.0,0.0,0.0,1.0,6.0,5.0,2.2096774193548385,1.8340270551508844,1.0,16.05,43.015,26.965,36.491209677419356,9.890907908428721,43.015,0.0,1.062,1.062,0.8050645161290323,0.3895473465140479,1.062,0.0,0.0,0.0,0.0,0.0,0.0,64.0,229.0,165.0,103.91935483870968,60.52289281997919,64.0
mp-1205299,TcBr3,Tc,Hexagonal,P6_3/mcm,3.9999343,0.4999917875,8,False,35.0,43.0,8.0,37.0,3.0,35.0,53.0,95.0,42.0,84.5,15.75,95.0,79.904,98.0,18.096000000000004,84.428,6.786000000000001,79.904,265.8,2430.0,2164.2,806.85,811.575,265.8,7.0,17.0,10.0,14.5,3.75,17.0,4.0,5.0,1.0,4.25,0.375,4.0,120.0,147.0,27.0,126.75,10.125,120.0,1.9,2.96,1.06,2.695,0.3975000000000001,2.96,2.0,2.0,0.0,2.0,0.0,2.0,0.0,5.0,5.0,3.75,1.875,5.0,5.0,10.0,5.0,8.75,1.875,10.0,0.0,0.0,0.0,0.0,0.0,0.0,7.0,17.0,10.0,14.5,3.75,17.0,0.0,0.0,0.0,0.0,0.0,0.0,0.0,1.0,1.0,0.75,0.375,1.0,0.0,5.0,5.0,1.25,1.875,0.0,0.0,0.0,0.0,0.0,0.0,0.0,1.0,5.0,4.0,2.0,1.5,1.0,14.285,29.48,15.195,25.68125,5.698125000000001,29.48,0.0,1.457,1.457,1.09275,0.546375,1.457,0.0,0.0,0.0,0.0,0.0,0.0,64.0,194.0,130.0,96.5,48.75,64.0
mp-1205355,MoBr3,Mo,Hexagonal,P6_3/mcm,3.9990259,0.4998782375,8,False,35.0,42.0,7.0,36.75,2.625,35.0,50.0,95.0,45.0,83.75,16.875,95.0,79.904,95.96,16.055999999999997,83.91799999999999,6.020999999999997,79.904,265.8,2896.0,2630.2,923.35,986.325,265.8,6.0,17.0,11.0,14.25,4.125,17.0,4.0,5.0,1.0,4.25,0.375,4.0,120.0,154.0,34.0,128.5,12.75,120.0,2.16,2.96,0.7999999999999998,2.76,0.30000000000000004,2.96,1.0,2.0,1.0,1.75,0.375,2.0,0.0,5.0,5.0,3.75,1.875,5.0,5.0,10.0,5.0,8.75,1.875,10.0,0.0,0.0,0.0,0.0,0.0,0.0,6.0,17.0,11.0,14.25,4.125,17.0,0.0,1.0,1.0,0.25,0.375,0.0,0.0,1.0,1.0,0.75,0.375,1.0,0.0,5.0,5.0,1.25,1.875,0.0,0.0,0.0,0.0,0.0,0.0,0.0,1.0,6.0,5.0,2.25,1.875,1.0,15.69,29.48,13.790000000000001,26.0325,5.171250000000001,29.48,0.0,1.457,1.457,1.09275,0.546375,1.457,0.0,0.0,0.0,0.0,0.0,0.0,64.0,229.0,165.0,105.25,61.875,64.0
mp-1205372,VCl4,V,Monoclinic,P2_1/c,4.0000001,0.200000005,20,True,17.0,23.0,6.0,18.2,1.9199999999999995,17.0,46.0,94.0,48.0,84.4,15.359999999999996,94.0,35.453,50.9415,15.488499999999995,38.5507,4.956319999999996,35.453,171.6,2183.0,2011.4,573.88,643.6479999999999,171.6,5.0,17.0,12.0,14.6,3.8400000000000007,17.0,3.0,4.0,1.0,3.2,0.3200000000000001,3.0,102.0,153.0,51.0,112.2,16.32,102.0,1.63,3.16,1.5300000000000002,2.854,0.4896000000000001,3.16,2.0,2.0,0.0,2.0,0.0,2.0,0.0,5.0,5.0,4.0,1.6,5.0,0.0,3.0,3.0,0.6,0.96,0.0,0.0,0.0,0.0,0.0,0.0,0.0,5.0,7.0,2.0,6.6,0.6400000000000002,7.0,0.0,0.0,0.0,0.0,0.0,0.0,0.0,1.0,1.0,0.8,0.31999999999999995,1.0,0.0,7.0,7.0,1.4,2.2399999999999998,0.0,0.0,0.0,0.0,0.0,0.0,0.0,1.0,7.0,6.0,2.2,1.9200000000000004,1.0,13.01,24.4975,11.487499999999999,22.2,3.6759999999999993,24.4975,0.0,2.493,2.493,1.9944,0.7977599999999999,2.493,0.0,0.0,0.0,0.0,0.0,0.0,64.0,229.0,165.0,97.0,52.8,64.0
mp-1205567,Y2Br3,Y,Monoclinic,C2/m,0.0,0.0,10,False,35.0,39.0,4.0,36.6,1.9200000000000004,35.0,12.0,95.0,83.0,61.8,39.839999999999996,95.0,79.904,88.90585,9.001850000000005,83.50474,4.320888000000002,79.904,265.8,1799.0,1533.2,879.0799999999999,735.936,265.8,3.0,17.0,14.0,11.4,6.719999999999999,17.0,4.0,5.0,1.0,4.4,0.4800000000000001,4.0,120.0,190.0,70.0,148.0,33.6,120.0,1.22,2.96,1.74,2.264,0.8352,2.96,2.0,2.0,0.0,2.0,0.0,2.0,0.0,5.0,5.0,3.0,2.4,5.0,1.0,10.0,9.0,6.4,4.32,10.0,0.0,0.0,0.0,0.0,0.0,0.0,3.0,17.0,14.0,11.4,6.719999999999999,17.0,0.0,0.0,0.0,0.0,0.0,0.0,0.0,1.0,1.0,0.6,0.4800000000000001,1.0,0.0,9.0,9.0,3.6,4.32,0.0,0.0,0.0,0.0,0.0,0.0,0.0,1.0,9.0,8.0,4.2,3.8400000000000007,1.0,29.48,32.365,2.8850000000000016,30.634000000000004,1.3848000000000014,29.48,0.0,1.457,1.457,0.8742000000000001,0.6993600000000001,1.457,0.0,0.0,0.0,0.0,0.0,0.0,64.0,194.0,130.0,116.0,62.4,64.0
mp-1206190,ZnI6,Zn,Orthorhombic,Cmmm,3.8648009,0.5521144142857143,7,False,30.0,53.0,23.0,49.714285714285715,5.632653061224489,53.0,69.0,96.0,27.0,92.14285714285714,6.612244897959187,96.0,65.38,126.90447,61.52447000000001,118.11526,15.067217142857142,126.90447,386.85,692.68,305.8299999999999,430.54,74.89714285714285,386.85,12.0,17.0,5.0,16.285714285714285,1.224489795918368,17.0,4.0,5.0,1.0,4.857142857142857,0.24489795918367374,5.0,122.0,139.0,17.0,136.57142857142858,4.16326530612244,139.0,1.65,2.66,1.0100000000000002,2.5157142857142856,0.24734693877551045,2.66,2.0,2.0,0.0,2.0,0.0,2.0,0.0,5.0,5.0,4.285714285714286,1.2244897959183676,5.0,10.0,10.0,0.0,10.0,0.0,10.0,0.0,0.0,0.0,0.0,0.0,0.0,12.0,17.0,5.0,16.285714285714285,1.224489795918368,17.0,0.0,0.0,0.0,0.0,0.0,0.0,0.0,1.0,1.0,0.8571428571428571,0.2448979591836735,1.0,0.0,0.0,0.0,0.0,0.0,0.0,0.0,0.0,0.0,0.0,0.0,0.0,0.0,1.0,1.0,0.8571428571428571,0.2448979591836735,1.0,13.96,43.015,29.055,38.864285714285714,7.115510204081633,43.015,0.0,1.062,1.062,0.9102857142857143,0.26008163265306133,1.062,0.0,0.0,0.0,0.0,0.0,0.0,64.0,194.0,130.0,82.57142857142857,31.83673469387755,64.0
mp-1206305,ZnBr6,Zn,Orthorhombic,Cmmm,3.77316,0.5390228571428571,7,False,30.0,35.0,5.0,34.285714285714285,1.224489795918368,35.0,69.0,95.0,26.0,91.28571428571429,6.367346938775506,95.0,65.38,79.904,14.524000000000001,77.82914285714286,3.5568979591836722,79.904,265.8,692.68,426.87999999999994,326.78285714285715,104.54204081632653,265.8,12.0,17.0,5.0,16.285714285714285,1.224489795918368,17.0,4.0,4.0,0.0,4.0,0.0,4.0,120.0,122.0,2.0,120.28571428571429,0.4897959183673513,120.0,1.65,2.96,1.31,2.7728571428571422,0.32081632653061265,2.96,2.0,2.0,0.0,2.0,0.0,2.0,0.0,5.0,5.0,4.285714285714286,1.2244897959183676,5.0,10.0,10.0,0.0,10.0,0.0,10.0,0.0,0.0,0.0,0.0,0.0,0.0,12.0,17.0,5.0,16.285714285714285,1.224489795918368,17.0,0.0,0.0,0.0,0.0,0.0,0.0,0.0,1.0,1.0,0.8571428571428571,0.2448979591836735,1.0,0.0,0.0,0.0,0.0,0.0,0.0,0.0,0.0,0.0,0.0,0.0,0.0,0.0,1.0,1.0,0.8571428571428571,0.2448979591836735,1.0,13.96,29.48,15.52,27.262857142857143,3.800816326530612,29.48,0.0,1.457,1.457,1.2488571428571429,0.3568163265306123,1.457,0.0,0.0,0.0,0.0,0.0,0.0,64.0,194.0,130.0,82.57142857142857,31.83673469387755,64.0
mp-1206433,CdCl6,Cd,Orthorhombic,Cmmm,3.9719953,0.5674279,7,False,17.0,48.0,31.0,21.428571428571427,7.591836734693877,17.0,70.0,94.0,24.0,90.57142857142857,5.8775510204081645,94.0,35.453,112.411,76.958,46.447,18.846857142857143,35.453,171.6,594.22,422.62,231.9742857142857,103.49877551020408,171.6,12.0,17.0,5.0,16.285714285714285,1.224489795918368,17.0,3.0,5.0,2.0,3.2857142857142856,0.48979591836734687,3.0,102.0,144.0,42.0,108.0,10.285714285714286,102.0,1.69,3.16,1.4700000000000002,2.95,0.36,3.16,2.0,2.0,0.0,2.0,0.0,2.0,0.0,5.0,5.0,4.285714285714286,1.2244897959183676,5.0,0.0,10.0,10.0,1.4285714285714286,2.4489795918367347,0.0,0.0,0.0,0.0,0.0,0.0,0.0,7.0,12.0,5.0,7.714285714285714,1.2244897959183676,7.0,0.0,0.0,0.0,0.0,0.0,0.0,0.0,1.0,1.0,0.8571428571428571,0.2448979591836735,1.0,0.0,0.0,0.0,0.0,0.0,0.0,0.0,0.0,0.0,0.0,0.0,0.0,0.0,1.0,1.0,0.8571428571428571,0.2448979591836735,1.0,19.495,24.4975,5.002499999999998,23.782857142857143,1.2251020408163253,24.4975,0.0,2.493,2.493,2.1368571428571426,0.610530612244898,2.493,0.0,0.0,0.0,0.0,0.0,0.0,64.0,194.0,130.0,82.57142857142857,31.83673469387755,64.0
mp-1206633,CoCl6,Co,Orthorhombic,Cmmm,5.0649422,0.7235631714285714,7,False,17.0,27.0,10.0,18.428571428571427,2.4489795918367334,17.0,58.0,94.0,36.0,88.85714285714286,8.816326530612242,94.0,35.453,58.933195,23.480194999999995,38.80731357142857,5.750251836734692,35.453,171.6,1768.0,1596.4,399.65714285714284,390.9551020408163,171.6,9.0,17.0,8.0,15.857142857142858,1.9591836734693875,17.0,3.0,4.0,1.0,3.142857142857143,0.24489795918367344,3.0,102.0,126.0,24.0,105.42857142857143,5.8775510204081645,102.0,1.88,3.16,1.2800000000000002,2.9771428571428573,0.3134693877551021,3.16,2.0,2.0,0.0,2.0,0.0,2.0,0.0,5.0,5.0,4.285714285714286,1.2244897959183676,5.0,0.0,7.0,7.0,1.0,1.7142857142857142,0.0,0.0,0.0,0.0,0.0,0.0,0.0,7.0,9.0,2.0,7.285714285714286,0.48979591836734687,7.0,0.0,0.0,0.0,0.0,0.0,0.0,0.0,1.0,1.0,0.8571428571428571,0.2448979591836735,1.0,0.0,3.0,3.0,0.42857142857142855,0.7346938775510203,0.0,0.0,0.0,0.0,0.0,0.0,0.0,1.0,3.0,2.0,1.2857142857142858,0.489795918367347,1.0,10.245,24.4975,14.2525,22.46142857142857,3.4904081632653066,24.4975,0.0,2.493,2.493,2.1368571428571426,0.610530612244898,2.493,0.0,1.5484712,1.5484712,0.22121017142857144,0.3792174367346939,0.0,64.0,194.0,130.0,82.57142857142857,31.83673469387755,64.0
mp-1206891,RhI3,Rh,Monoclinic,C2/m,0.0,0.0,8,True,45.0,53.0,8.0,51.0,3.0,53.0,59.0,96.0,37.0,86.75,13.875,96.0,102.9055,126.90447,23.99897,120.9047275,8.999613749999998,126.90447,386.85,2237.0,1850.15,849.3875,693.8062500000001,386.85,9.0,17.0,8.0,15.0,3.0,17.0,5.0,5.0,0.0,5.0,0.0,5.0,139.0,142.0,3.0,139.75,1.125,139.0,2.28,2.66,0.38000000000000034,2.565,0.14250000000000018,2.66,1.0,2.0,1.0,1.75,0.375,2.0,0.0,5.0,5.0,3.75,1.875,5.0,8.0,10.0,2.0,9.5,0.75,10.0,0.0,0.0,0.0,0.0,0.0,0.0,9.0,17.0,8.0,15.0,3.0,17.0,0.0,1.0,1.0,0.25,0.375,0.0,0.0,1.0,1.0,0.75,0.375,1.0,0.0,2.0,2.0,0.5,0.75,0.0,0.0,0.0,0.0,0.0,0.0,0.0,1.0,3.0,2.0,1.5,0.75,1.0,13.64,43.015,29.375,35.67125,11.015625,43.015,0.0,1.062,1.062,0.7965,0.39825000000000005,1.062,0.0,0.0,0.0,0.0,0.0,0.0,64.0,225.0,161.0,104.25,60.375,64.0
mp-1207060,TiI2,Ti,Trigonal,P-3m1,0.2415966,0.0805322,3,False,22.0,53.0,31.0,42.666666666666664,13.777777777777779,53.0,43.0,96.0,53.0,78.33333333333333,23.555555555555557,96.0,47.867,126.90447,79.03747000000001,100.55864666666668,35.127764444444445,126.90447,386.85,1941.0,1554.15,904.9,690.7333333333332,386.85,4.0,17.0,13.0,12.666666666666666,5.777777777777779,17.0,4.0,5.0,1.0,4.666666666666667,0.44444444444444436,5.0,139.0,160.0,21.0,146.0,9.333333333333334,139.0,1.54,2.66,1.12,2.2866666666666666,0.4977777777777779,2.66,2.0,2.0,0.0,2.0,0.0,2.0,0.0,5.0,5.0,3.3333333333333335,2.222222222222222,5.0,2.0,10.0,8.0,7.333333333333333,3.555555555555556,10.0,0.0,0.0,0.0,0.0,0.0,0.0,4.0,17.0,13.0,12.666666666666666,5.777777777777779,17.0,0.0,0.0,0.0,0.0,0.0,0.0,0.0,1.0,1.0,0.6666666666666666,0.4444444444444445,1.0,0.0,8.0,8.0,2.6666666666666665,3.555555555555556,0.0,0.0,0.0,0.0,0.0,0.0,0.0,1.0,8.0,7.0,3.3333333333333335,3.1111111111111107,1.0,16.69,43.015,26.325,34.24,11.699999999999998,43.015,0.0,1.062,1.062,0.7080000000000001,0.472,1.062,0.0,2.25333333333e-05,2.25333333333e-05,7.5111111111e-06,1.00148148148e-05,0.0,64.0,194.0,130.0,107.33333333333333,57.77777777777777,64.0
mp-1207204,LuF3,Lu,Trigonal,P-3m1,0.0,0.0,4,False,9.0,71.0,62.0,24.5,23.25,9.0,41.0,93.0,52.0,80.0,19.5,93.0,18.9984032,174.9668,155.9683968,57.9905024,58.488148800000005,18.9984032,53.5,1936.0,1882.5,524.125,705.9375,53.5,3.0,17.0,14.0,13.5,5.25,17.0,2.0,6.0,4.0,3.0,1.5,2.0,57.0,187.0,130.0,89.5,48.75,57.0,1.27,3.98,2.71,3.3024999999999998,1.01625,3.98,2.0,2.0,0.0,2.0,0.0,2.0,0.0,5.0,5.0,3.75,1.875,5.0,0.0,1.0,1.0,0.25,0.375,0.0,0.0,14.0,14.0,3.5,5.25,0.0,7.0,17.0,10.0,9.5,3.75,7.0,0.0,0.0,0.0,0.0,0.0,0.0,0.0,1.0,1.0,0.75,0.375,1.0,0.0,9.0,9.0,2.25,3.375,0.0,0.0,0.0,0.0,0.0,0.0,0.0,1.0,9.0,8.0,3.0,3.0,1.0,9.7075,28.865,19.1575,14.496875,7.1840625,9.7075,0.0,1.97,1.97,1.4775,0.73875,1.97,0.0,0.0022471,0.0022471,0.000561775,0.0008426625,0.0,15.0,194.0,179.0,59.75,67.125,15.0
mp-1207348,NiCl6,Ni,Orthorhombic,Cmmm,4.0,0.5714285714285714,7,False,17.0,28.0,11.0,18.571428571428573,2.6938775510204094,17.0,61.0,94.0,33.0,89.28571428571429,8.08163265306122,94.0,35.453,58.6934,23.240399999999994,38.77305714285715,5.691526530612245,35.453,171.6,1728.0,1556.4,393.9428571428571,381.1591836734694,171.6,10.0,17.0,7.0,16.0,1.7142857142857142,17.0,3.0,4.0,1.0,3.142857142857143,0.24489795918367344,3.0,102.0,124.0,22.0,105.14285714285714,5.387755102040813,102.0,1.91,3.16,1.2500000000000002,2.9814285714285718,0.3061224489795918,3.16,2.0,2.0,0.0,2.0,0.0,2.0,0.0,5.0,5.0,4.285714285714286,1.2244897959183676,5.0,0.0,8.0,8.0,1.1428571428571428,1.959183673469388,0.0,0.0,0.0,0.0,0.0,0.0,0.0,7.0,10.0,3.0,7.428571428571429,0.7346938775510206,7.0,0.0,0.0,0.0,0.0,0.0,0.0,0.0,1.0,1.0,0.8571428571428571,0.2448979591836735,1.0,0.0,2.0,2.0,0.2857142857142857,0.489795918367347,0.0,0.0,0.0,0.0,0.0,0.0,0.0,1.0,2.0,1.0,1.1428571428571428,0.24489795918367344,1.0,10.32,24.4975,14.177499999999998,22.472142857142853,3.472040816326533,24.4975,0.0,2.493,2.493,2.1368571428571426,0.610530612244898,2.493,0.0,0.5953947,0.5953947,0.08505638571428573,0.14581094693877553,0.0,64.0,225.0,161.0,87.0,39.42857142857143,64.0
mp-1207367,FeCl6,Fe,Orthorhombic,Cmmm,6.0001475,0.8571639285714285,7,False,17.0,26.0,9.0,18.285714285714285,2.2040816326530606,17.0,55.0,94.0,39.0,88.42857142857143,9.551020408163264,94.0,35.453,55.845,20.391999999999996,38.366142857142854,4.993959183673465,35.453,171.6,1811.0,1639.4,405.8,401.4857142857143,171.6,8.0,17.0,9.0,15.714285714285714,2.204081632653062,17.0,3.0,4.0,1.0,3.142857142857143,0.24489795918367344,3.0,102.0,132.0,30.0,106.28571428571429,7.346938775510209,102.0,1.83,3.16,1.33,2.9699999999999998,0.325714285714286,3.16,2.0,2.0,0.0,2.0,0.0,2.0,0.0,5.0,5.0,4.285714285714286,1.2244897959183676,5.0,0.0,6.0,6.0,0.8571428571428571,1.4693877551020407,0.0,0.0,0.0,0.0,0.0,0.0,0.0,7.0,8.0,1.0,7.142857142857143,0.24489795918367374,7.0,0.0,0.0,0.0,0.0,0.0,0.0,0.0,1.0,1.0,0.8571428571428571,0.2448979591836735,1.0,0.0,4.0,4.0,0.5714285714285714,0.979591836734694,0.0,0.0,0.0,0.0,0.0,0.0,0.0,1.0,4.0,3.0,1.4285714285714286,0.7346938775510203,1.0,10.73,24.4975,13.767499999999998,22.530714285714282,3.371632653061226,24.4975,0.0,2.493,2.493,2.1368571428571426,0.610530612244898,2.493,0.0,2.1106628,2.1106628,0.30152325714285716,0.5168970122448979,0.0,64.0,229.0,165.0,87.57142857142857,40.40816326530613,64.0
mp-1207486,ZrBr4,Zr,Cubic,Pa-3,0.0,0.0,40,True,35.0,40.0,5.0,36.0,1.6,35.0,44.0,95.0,51.0,84.8,16.32,95.0,79.904,91.224,11.320000000000007,82.16799999999999,3.622399999999999,79.904,265.8,2128.0,1862.2,638.24,595.904,265.8,4.0,17.0,13.0,14.4,4.159999999999999,17.0,4.0,5.0,1.0,4.2,0.3200000000000001,4.0,120.0,175.0,55.0,131.0,17.6,120.0,1.33,2.96,1.63,2.634,0.5216000000000001,2.96,2.0,2.0,0.0,2.0,0.0,2.0,0.0,5.0,5.0,4.0,1.6,5.0,2.0,10.0,8.0,8.4,2.5599999999999996,10.0,0.0,0.0,0.0,0.0,0.0,0.0,4.0,17.0,13.0,14.4,4.159999999999999,17.0,0.0,0.0,0.0,0.0,0.0,0.0,0.0,1.0,1.0,0.8,0.31999999999999995,1.0,0.0,8.0,8.0,1.6,2.56,0.0,0.0,0.0,0.0,0.0,0.0,0.0,1.0,8.0,7.0,2.4,2.2399999999999998,1.0,23.195,29.48,6.285,28.223000000000003,2.0111999999999988,29.48,0.0,1.457,1.457,1.1656,0.4662400000000001,1.457,0.0,0.0,0.0,0.0,0.0,0.0,64.0,194.0,130.0,90.0,41.6,64.0
mp-1207828,WCl2,W,Orthorhombic,Cmce,0.0,0.0,36,True,17.0,74.0,57.0,36.0,25.333333333333332,17.0,51.0,94.0,43.0,79.66666666666667,19.11111111111111,94.0,35.453,183.84,148.387,84.91533333333334,65.94977777777778,35.453,171.6,3695.0,3523.4,1346.0666666666666,1565.9555555555555,171.6,6.0,17.0,11.0,13.333333333333334,4.888888888888888,17.0,3.0,6.0,3.0,4.0,1.3333333333333333,3.0,102.0,162.0,60.0,122.0,26.666666666666668,102.0,2.36,3.16,0.8000000000000003,2.893333333333333,0.3555555555555558,3.16,2.0,2.0,0.0,2.0,0.0,2.0,0.0,5.0,5.0,3.3333333333333335,2.222222222222222,5.0,0.0,4.0,4.0,1.3333333333333333,1.777777777777778,0.0,0.0,14.0,14.0,4.666666666666667,6.222222222222221,0.0,7.0,20.0,13.0,11.333333333333334,5.777777777777779,7.0,0.0,0.0,0.0,0.0,0.0,0.0,0.0,1.0,1.0,0.6666666666666666,0.4444444444444445,1.0,0.0,6.0,6.0,2.0,2.6666666666666665,0.0,0.0,0.0,0.0,0.0,0.0,0.0,1.0,6.0,5.0,2.6666666666666665,2.222222222222222,1.0,16.05,24.4975,8.447499999999998,21.68166666666667,3.754444444444443,24.4975,0.0,2.493,2.493,1.662,1.1079999999999999,2.493,0.0,0.0,0.0,0.0,0.0,0.0,64.0,229.0,165.0,119.0,73.33333333333333,64.0
mp-1207889,WI2,W,Orthorhombic,Cmce,0.0,0.0,36,True,53.0,74.0,21.0,60.0,9.333333333333334,53.0,51.0,96.0,45.0,81.0,20.0,96.0,126.90447,183.84,56.93553,145.88298,25.30468,126.90447,386.85,3695.0,3308.15,1489.5666666666666,1470.288888888889,386.85,6.0,17.0,11.0,13.333333333333334,4.888888888888888,17.0,5.0,6.0,1.0,5.333333333333333,0.44444444444444436,5.0,139.0,162.0,23.0,146.66666666666666,10.22222222222222,139.0,2.36,2.66,0.30000000000000027,2.56,0.13333333333333344,2.66,2.0,2.0,0.0,2.0,0.0,2.0,0.0,5.0,5.0,3.3333333333333335,2.222222222222222,5.0,4.0,10.0,6.0,8.0,2.6666666666666665,10.0,0.0,14.0,14.0,4.666666666666667,6.222222222222221,0.0,17.0,20.0,3.0,18.0,1.3333333333333333,17.0,0.0,0.0,0.0,0.0,0.0,0.0,0.0,1.0,1.0,0.6666666666666666,0.4444444444444445,1.0,0.0,6.0,6.0,2.0,2.6666666666666665,0.0,0.0,0.0,0.0,0.0,0.0,0.0,1.0,6.0,5.0,2.6666666666666665,2.222222222222222,1.0,16.05,43.015,26.965,34.026666666666664,11.984444444444444,43.015,0.0,1.062,1.062,0.7080000000000001,0.472,1.062,0.0,0.0,0.0,0.0,0.0,0.0,64.0,229.0,165.0,119.0,73.33333333333333,64.0
mp-1208328,TcF6,Tc,Orthorhombic,Pnma,3.9999999,0.1428571392857142,28,True,9.0,43.0,34.0,13.857142857142858,8.326530612244898,9.0,53.0,93.0,40.0,87.28571428571429,9.795918367346934,93.0,18.9984032,98.0,79.0015968,30.284345599999998,19.34732982857143,18.9984032,53.5,2430.0,2376.5,393.0,582.0,53.5,7.0,17.0,10.0,15.571428571428571,2.448979591836735,17.0,2.0,5.0,3.0,2.4285714285714284,0.7346938775510203,2.0,57.0,147.0,90.0,69.85714285714286,22.040816326530614,57.0,1.9,3.98,2.08,3.6828571428571424,0.5093877551020412,3.98,2.0,2.0,0.0,2.0,0.0,2.0,0.0,5.0,5.0,4.285714285714286,1.2244897959183676,5.0,0.0,5.0,5.0,0.7142857142857143,1.2244897959183674,0.0,0.0,0.0,0.0,0.0,0.0,0.0,7.0,7.0,0.0,7.0,0.0,7.0,0.0,0.0,0.0,0.0,0.0,0.0,0.0,1.0,1.0,0.8571428571428571,0.2448979591836735,1.0,0.0,5.0,5.0,0.7142857142857143,1.2244897959183674,0.0,0.0,0.0,0.0,0.0,0.0,0.0,1.0,5.0,4.0,1.5714285714285714,0.979591836734694,1.0,9.7075,14.285,4.577500000000001,10.361428571428572,1.1210204081632662,9.7075,0.0,1.97,1.97,1.6885714285714286,0.4824489795918367,1.97,0.0,0.0,0.0,0.0,0.0,0.0,15.0,194.0,179.0,40.57142857142857,43.83673469387755,15.0
mp-1209109,RhF6,Rh,Orthorhombic,Pnma,12.0000001,0.4285714321428571,28,True,9.0,45.0,36.0,14.142857142857142,8.816326530612244,9.0,59.0,93.0,34.0,88.14285714285714,8.3265306122449,93.0,18.9984032,102.9055,83.9070968,30.985131314285713,20.54867676734694,18.9984032,53.5,2237.0,2183.5,365.42857142857144,534.734693877551,53.5,9.0,17.0,8.0,15.857142857142858,1.9591836734693875,17.0,2.0,5.0,3.0,2.4285714285714284,0.7346938775510203,2.0,57.0,142.0,85.0,69.14285714285714,20.81632653061224,57.0,2.28,3.98,1.7000000000000002,3.737142857142857,0.41632653061224495,3.98,1.0,2.0,1.0,1.8571428571428572,0.24489795918367344,2.0,0.0,5.0,5.0,4.285714285714286,1.2244897959183676,5.0,0.0,8.0,8.0,1.1428571428571428,1.959183673469388,0.0,0.0,0.0,0.0,0.0,0.0,0.0,7.0,9.0,2.0,7.285714285714286,0.48979591836734687,7.0,0.0,1.0,1.0,0.14285714285714285,0.2448979591836735,0.0,0.0,1.0,1.0,0.8571428571428571,0.2448979591836735,1.0,0.0,2.0,2.0,0.2857142857142857,0.489795918367347,0.0,0.0,0.0,0.0,0.0,0.0,0.0,1.0,3.0,2.0,1.2857142857142858,0.489795918367347,1.0,9.7075,13.64,3.932500000000001,10.269285714285713,0.9630612244897956,9.7075,0.0,1.97,1.97,1.6885714285714286,0.4824489795918367,1.97,0.0,0.0,0.0,0.0,0.0,0.0,15.0,225.0,210.0,45.0,51.42857142857143,15.0
mp-1209121,RuF6,Ru,Orthorhombic,Pnma,8.0,0.2857142857142857,28,True,9.0,44.0,35.0,14.0,8.571428571428571,9.0,56.0,93.0,37.0,87.71428571428571,9.061224489795922,93.0,18.9984032,101.07,82.0715968,30.722917028571427,20.099166563265303,18.9984032,53.5,2607.0,2553.5,418.2857142857143,625.3469387755102,53.5,8.0,17.0,9.0,15.714285714285714,2.204081632653062,17.0,2.0,5.0,3.0,2.4285714285714284,0.7346938775510203,2.0,57.0,146.0,89.0,69.71428571428571,21.795918367346935,57.0,2.2,3.98,1.7799999999999998,3.7257142857142855,0.43591836734693884,3.98,1.0,2.0,1.0,1.8571428571428572,0.24489795918367344,2.0,0.0,5.0,5.0,4.285714285714286,1.2244897959183676,5.0,0.0,7.0,7.0,1.0,1.7142857142857142,0.0,0.0,0.0,0.0,0.0,0.0,0.0,7.0,8.0,1.0,7.142857142857143,0.24489795918367374,7.0,0.0,1.0,1.0,0.14285714285714285,0.2448979591836735,0.0,0.0,1.0,1.0,0.8571428571428571,0.2448979591836735,1.0,0.0,3.0,3.0,0.42857142857142855,0.7346938775510203,0.0,0.0,0.0,0.0,0.0,0.0,0.0,1.0,4.0,3.0,1.4285714285714286,0.7346938775510203,1.0,9.7075,13.51,3.8025,10.250714285714285,0.9312244897959179,9.7075,0.0,1.97,1.97,1.6885714285714286,0.4824489795918367,1.97,0.0,0.0,0.0,0.0,0.0,0.0,15.0,194.0,179.0,40.57142857142857,43.83673469387755,15.0
mp-1209252,ReF6,Re,Orthorhombic,Pnma,3.9634731,0.1415526107142857,28,False,9.0,75.0,66.0,18.428571428571427,16.163265306122447,9.0,54.0,93.0,39.0,87.42857142857143,9.551020408163264,93.0,18.9984032,186.207,167.2085968,42.8853456,40.94904411428571,18.9984032,53.5,3459.0,3405.5,540.0,834.0,53.5,7.0,17.0,10.0,15.571428571428571,2.448979591836735,17.0,2.0,6.0,4.0,2.5714285714285716,0.979591836734694,2.0,57.0,151.0,94.0,70.42857142857143,23.02040816326531,57.0,1.9,3.98,2.08,3.6828571428571424,0.5093877551020412,3.98,2.0,2.0,0.0,2.0,0.0,2.0,0.0,5.0,5.0,4.285714285714286,1.2244897959183676,5.0,0.0,5.0,5.0,0.7142857142857143,1.2244897959183674,0.0,0.0,14.0,14.0,2.0,3.4285714285714284,0.0,7.0,21.0,14.0,9.0,3.4285714285714284,7.0,0.0,0.0,0.0,0.0,0.0,0.0,0.0,1.0,1.0,0.8571428571428571,0.2448979591836735,1.0,0.0,5.0,5.0,0.7142857142857143,1.2244897959183674,0.0,0.0,0.0,0.0,0.0,0.0,0.0,1.0,5.0,4.0,1.5714285714285714,0.979591836734694,1.0,9.7075,14.655,4.9475,10.414285714285713,1.2116326530612238,9.7075,0.0,1.97,1.97,1.6885714285714286,0.4824489795918367,1.97,0.0,0.0,0.0,0.0,0.0,0.0,15.0,194.0,179.0,40.57142857142857,43.83673469387755,15.0
mp-1209717,TiF6,Ti,Monoclinic,C2/c,0.0005705,4.075e-05,14,False,9.0,22.0,13.0,10.857142857142858,3.1836734693877555,9.0,43.0,93.0,50.0,85.85714285714286,12.244897959183671,93.0,18.9984032,47.867,28.8685968,23.122488457142854,7.069860440816326,18.9984032,53.5,1941.0,1887.5,323.14285714285717,462.24489795918373,53.5,4.0,17.0,13.0,15.142857142857142,3.1836734693877555,17.0,2.0,4.0,2.0,2.2857142857142856,0.48979591836734687,2.0,57.0,160.0,103.0,71.71428571428571,25.224489795918366,57.0,1.54,3.98,2.44,3.6314285714285712,0.5975510204081633,3.98,2.0,2.0,0.0,2.0,0.0,2.0,0.0,5.0,5.0,4.285714285714286,1.2244897959183676,5.0,0.0,2.0,2.0,0.2857142857142857,0.489795918367347,0.0,0.0,0.0,0.0,0.0,0.0,0.0,4.0,7.0,3.0,6.571428571428571,0.7346938775510206,7.0,0.0,0.0,0.0,0.0,0.0,0.0,0.0,1.0,1.0,0.8571428571428571,0.2448979591836735,1.0,0.0,8.0,8.0,1.1428571428571428,1.959183673469388,0.0,0.0,0.0,0.0,0.0,0.0,0.0,1.0,8.0,7.0,2.0,1.7142857142857142,1.0,9.7075,16.69,6.982500000000002,10.705,1.7100000000000006,9.7075,0.0,1.97,1.97,1.6885714285714286,0.4824489795918367,1.97,0.0,2.25333333333e-05,2.25333333333e-05,3.2190476190428574e-06,5.5183673469306125e-06,0.0,15.0,194.0,179.0,40.57142857142857,43.83673469387755,15.0
mp-1209757,RhF6,Rh,Monoclinic,C2/c,5.9949074,0.4282076714285714,14,False,9.0,45.0,36.0,14.142857142857142,8.816326530612244,9.0,59.0,93.0,34.0,88.14285714285714,8.3265306122449,93.0,18.9984032,102.9055,83.9070968,30.985131314285713,20.54867676734694,18.9984032,53.5,2237.0,2183.5,365.42857142857144,534.734693877551,53.5,9.0,17.0,8.0,15.857142857142858,1.9591836734693875,17.0,2.0,5.0,3.0,2.4285714285714284,0.7346938775510203,2.0,57.0,142.0,85.0,69.14285714285714,20.81632653061224,57.0,2.28,3.98,1.7000000000000002,3.737142857142857,0.41632653061224495,3.98,1.0,2.0,1.0,1.8571428571428572,0.24489795918367344,2.0,0.0,5.0,5.0,4.285714285714286,1.2244897959183676,5.0,0.0,8.0,8.0,1.1428571428571428,1.959183673469388,0.0,0.0,0.0,0.0,0.0,0.0,0.0,7.0,9.0,2.0,7.285714285714286,0.48979591836734687,7.0,0.0,1.0,1.0,0.14285714285714285,0.2448979591836735,0.0,0.0,1.0,1.0,0.8571428571428571,0.2448979591836735,1.0,0.0,2.0,2.0,0.2857142857142857,0.489795918367347,0.0,0.0,0.0,0.0,0.0,0.0,0.0,1.0,3.0,2.0,1.2857142857142858,0.489795918367347,1.0,9.7075,13.64,3.932500000000001,10.269285714285713,0.9630612244897956,9.7075,0.0,1.97,1.97,1.6885714285714286,0.4824489795918367,1.97,0.0,0.0,0.0,0.0,0.0,0.0,15.0,225.0,210.0,45.0,51.42857142857143,15.0
mp-1210365,Re3Br7,Re,Triclinic,P-1,0.0001038,2.595e-06,40,True,35.0,75.0,40.0,47.0,16.8,35.0,54.0,95.0,41.0,82.7,17.22,95.0,79.904,186.207,106.303,111.79490000000001,44.64726,79.904,265.8,3459.0,3193.2,1223.76,1341.1439999999998,265.8,7.0,17.0,10.0,14.0,4.2,17.0,4.0,6.0,2.0,4.6,0.8399999999999999,4.0,120.0,151.0,31.0,129.3,13.020000000000005,120.0,1.9,2.96,1.06,2.642,0.4452,2.96,2.0,2.0,0.0,2.0,0.0,2.0,0.0,5.0,5.0,3.5,2.1,5.0,5.0,10.0,5.0,8.5,2.1,10.0,0.0,14.0,14.0,4.2,5.880000000000001,0.0,17.0,21.0,4.0,18.2,1.6799999999999997,17.0,0.0,0.0,0.0,0.0,0.0,0.0,0.0,1.0,1.0,0.7,0.42000000000000004,1.0,0.0,5.0,5.0,1.5,2.1,0.0,0.0,0.0,0.0,0.0,0.0,0.0,1.0,5.0,4.0,2.2,1.6800000000000002,1.0,14.655,29.48,14.825000000000001,25.032500000000002,6.2265,29.48,0.0,1.457,1.457,1.0199,0.61194,1.457,0.0,0.0,0.0,0.0,0.0,0.0,64.0,194.0,130.0,103.0,54.6,64.0
mp-1210818,LuF3,Lu,Trigonal,P-3c1,0.0,0.0,24,True,9.0,71.0,62.0,24.5,23.25,9.0,41.0,93.0,52.0,80.0,19.5,93.0,18.9984032,174.9668,155.9683968,57.9905024,58.488148800000005,18.9984032,53.5,1936.0,1882.5,524.125,705.9375,53.5,3.0,17.0,14.0,13.5,5.25,17.0,2.0,6.0,4.0,3.0,1.5,2.0,57.0,187.0,130.0,89.5,48.75,57.0,1.27,3.98,2.71,3.3024999999999998,1.01625,3.98,2.0,2.0,0.0,2.0,0.0,2.0,0.0,5.0,5.0,3.75,1.875,5.0,0.0,1.0,1.0,0.25,0.375,0.0,0.0,14.0,14.0,3.5,5.25,0.0,7.0,17.0,10.0,9.5,3.75,7.0,0.0,0.0,0.0,0.0,0.0,0.0,0.0,1.0,1.0,0.75,0.375,1.0,0.0,9.0,9.0,2.25,3.375,0.0,0.0,0.0,0.0,0.0,0.0,0.0,1.0,9.0,8.0,3.0,3.0,1.0,9.7075,28.865,19.1575,14.496875,7.1840625,9.7075,0.0,1.97,1.97,1.4775,0.73875,1.97,0.0,0.0022471,0.0022471,0.000561775,0.0008426625,0.0,15.0,194.0,179.0,59.75,67.125,15.0
mp-1212517,HfBr4,Hf,Cubic,Pa-3,0.0,0.0,40,True,35.0,72.0,37.0,42.4,11.84,35.0,45.0,95.0,50.0,85.0,16.0,95.0,79.904,178.49,98.58600000000001,99.6212,31.54752000000001,79.904,265.8,2506.0,2240.2,713.8399999999999,716.8639999999999,265.8,4.0,17.0,13.0,14.4,4.159999999999999,17.0,4.0,6.0,2.0,4.4,0.6400000000000002,4.0,120.0,175.0,55.0,131.0,17.6,120.0,1.3,2.96,1.66,2.628,0.5311999999999999,2.96,2.0,2.0,0.0,2.0,0.0,2.0,0.0,5.0,5.0,4.0,1.6,5.0,2.0,10.0,8.0,8.4,2.5599999999999996,10.0,0.0,14.0,14.0,2.8,4.4799999999999995,0.0,17.0,18.0,1.0,17.2,0.31999999999999956,17.0,0.0,0.0,0.0,0.0,0.0,0.0,0.0,1.0,1.0,0.8,0.31999999999999995,1.0,0.0,8.0,8.0,1.6,2.56,0.0,0.0,0.0,0.0,0.0,0.0,0.0,1.0,8.0,7.0,2.4,2.2399999999999998,1.0,22.2,29.48,7.280000000000001,28.024,2.3296,29.48,0.0,1.457,1.457,1.1656,0.4662400000000001,1.457,0.0,0.0,0.0,0.0,0.0,0.0,64.0,194.0,130.0,90.0,41.6,64.0
mp-1213016,CuI2,Cu,Tetragonal,P4/mmm,0.0001049,3.4966666666666665e-05,3,False,29.0,53.0,24.0,45.0,10.666666666666666,53.0,64.0,96.0,32.0,85.33333333333333,14.222222222222223,96.0,63.546,126.90447,63.358470000000004,105.78498,28.159319999999997,126.90447,386.85,1357.77,970.92,710.4900000000001,431.52,386.85,11.0,17.0,6.0,15.0,2.6666666666666665,17.0,4.0,5.0,1.0,4.666666666666667,0.44444444444444436,5.0,132.0,139.0,7.0,136.66666666666666,3.1111111111111143,139.0,1.9,2.66,0.7600000000000002,2.4066666666666667,0.3377777777777779,2.66,1.0,2.0,1.0,1.6666666666666667,0.4444444444444444,2.0,0.0,5.0,5.0,3.3333333333333335,2.222222222222222,5.0,10.0,10.0,0.0,10.0,0.0,10.0,0.0,0.0,0.0,0.0,0.0,0.0,11.0,17.0,6.0,15.0,2.6666666666666665,17.0,0.0,1.0,1.0,0.3333333333333333,0.4444444444444445,0.0,0.0,1.0,1.0,0.6666666666666666,0.4444444444444445,1.0,0.0,0.0,0.0,0.0,0.0,0.0,0.0,0.0,0.0,0.0,0.0,0.0,1.0,1.0,0.0,1.0,0.0,1.0,11.07,43.015,31.945,32.36666666666667,14.197777777777778,43.015,0.0,1.062,1.062,0.7080000000000001,0.472,1.062,0.0,0.0,0.0,0.0,0.0,0.0,64.0,225.0,161.0,117.66666666666667,71.55555555555556,64.0
mp-1213141,CuCl3,Cu,Orthorhombic,Cmmm,8.0009063,0.50005664375,16,False,17.0,29.0,12.0,20.0,4.5,17.0,64.0,94.0,30.0,86.5,11.25,94.0,35.453,63.546,28.092999999999996,42.47625,10.534874999999998,35.453,171.6,1357.77,1186.17,468.1425,444.81375,171.6,11.0,17.0,6.0,15.5,2.25,17.0,3.0,4.0,1.0,3.25,0.375,3.0,102.0,132.0,30.0,109.5,11.25,102.0,1.9,3.16,1.2600000000000002,2.845,0.47250000000000003,3.16,1.0,2.0,1.0,1.75,0.375,2.0,0.0,5.0,5.0,3.75,1.875,5.0,0.0,10.0,10.0,2.5,3.75,0.0,0.0,0.0,0.0,0.0,0.0,0.0,7.0,11.0,4.0,8.0,1.5,7.0,0.0,1.0,1.0,0.25,0.375,0.0,0.0,1.0,1.0,0.75,0.375,1.0,0.0,0.0,0.0,0.0,0.0,0.0,0.0,0.0,0.0,0.0,0.0,0.0,1.0,1.0,0.0,1.0,0.0,1.0,11.07,24.4975,13.427499999999998,21.140625,5.035312499999999,24.4975,0.0,2.493,2.493,1.8697499999999998,0.934875,2.493,0.0,0.0,0.0,0.0,0.0,0.0,64.0,225.0,161.0,104.25,60.375,64.0
mp-1213622,FeF6,Fe,Monoclinic,C2/c,8.0000004,0.5714286,14,True,9.0,26.0,17.0,11.428571428571429,4.163265306122449,9.0,55.0,93.0,38.0,87.57142857142857,9.306122448979593,93.0,18.9984032,55.845,36.8465968,24.26220274285714,9.023656359183674,18.9984032,53.5,1811.0,1757.5,304.57142857142856,430.40816326530614,53.5,8.0,17.0,9.0,15.714285714285714,2.204081632653062,17.0,2.0,4.0,2.0,2.2857142857142856,0.48979591836734687,2.0,57.0,132.0,75.0,67.71428571428571,18.36734693877551,57.0,1.83,3.98,2.15,3.672857142857143,0.5265306122448978,3.98,2.0,2.0,0.0,2.0,0.0,2.0,0.0,5.0,5.0,4.285714285714286,1.2244897959183676,5.0,0.0,6.0,6.0,0.8571428571428571,1.4693877551020407,0.0,0.0,0.0,0.0,0.0,0.0,0.0,7.0,8.0,1.0,7.142857142857143,0.24489795918367374,7.0,0.0,0.0,0.0,0.0,0.0,0.0,0.0,1.0,1.0,0.8571428571428571,0.2448979591836735,1.0,0.0,4.0,4.0,0.5714285714285714,0.979591836734694,0.0,0.0,0.0,0.0,0.0,0.0,0.0,1.0,4.0,3.0,1.4285714285714286,0.7346938775510203,1.0,9.7075,10.73,1.0225000000000009,9.853571428571428,0.25040816326530596,9.7075,0.0,1.97,1.97,1.6885714285714286,0.4824489795918367,1.97,0.0,2.1106628,2.1106628,0.30152325714285716,0.5168970122448979,0.0,15.0,229.0,214.0,45.57142857142857,52.40816326530613,15.0
mp-1213805,CrI3,Cr,Trigonal,P3_112,18.0000009,0.7500000375,24,True,24.0,53.0,29.0,45.75,10.875,53.0,49.0,96.0,47.0,84.25,17.625,96.0,51.9961,126.90447,74.90837,108.1773775,28.09063875,126.90447,386.85,2180.0,1793.15,835.1375,672.4312500000001,386.85,6.0,17.0,11.0,14.25,4.125,17.0,4.0,5.0,1.0,4.75,0.375,5.0,139.0,139.0,0.0,139.0,0.0,139.0,1.66,2.66,1.0000000000000002,2.41,0.37500000000000006,2.66,1.0,2.0,1.0,1.75,0.375,2.0,0.0,5.0,5.0,3.75,1.875,5.0,5.0,10.0,5.0,8.75,1.875,10.0,0.0,0.0,0.0,0.0,0.0,0.0,6.0,17.0,11.0,14.25,4.125,17.0,0.0,1.0,1.0,0.25,0.375,0.0,0.0,1.0,1.0,0.75,0.375,1.0,0.0,5.0,5.0,1.25,1.875,0.0,0.0,0.0,0.0,0.0,0.0,0.0,1.0,6.0,5.0,2.25,1.875,1.0,11.19,43.015,31.825000000000003,35.05875,11.934375,43.015,0.0,1.062,1.062,0.7965,0.39825000000000005,1.062,0.0,0.0,0.0,0.0,0.0,0.0,64.0,229.0,165.0,105.25,61.875,64.0
mp-1214760,AuI2,Au,Tetragonal,P4_2/mmc,1.3e-06,2.166666666666667e-07,6,True,53.0,79.0,26.0,61.666666666666664,11.555555555555555,53.0,66.0,96.0,30.0,86.0,13.333333333333334,96.0,126.90447,196.966569,70.06209899999999,150.258503,31.138710666666658,126.90447,386.85,1337.33,950.4799999999999,703.6766666666666,422.4355555555555,386.85,11.0,17.0,6.0,15.0,2.6666666666666665,17.0,5.0,6.0,1.0,5.333333333333333,0.44444444444444436,5.0,136.0,139.0,3.0,138.0,1.3333333333333333,139.0,2.54,2.66,0.1200000000000001,2.62,0.05333333333333338,2.66,1.0,2.0,1.0,1.6666666666666667,0.4444444444444444,2.0,0.0,5.0,5.0,3.3333333333333335,2.222222222222222,5.0,10.0,10.0,0.0,10.0,0.0,10.0,0.0,14.0,14.0,4.666666666666667,6.222222222222221,0.0,17.0,25.0,8.0,19.666666666666668,3.555555555555556,17.0,0.0,1.0,1.0,0.3333333333333333,0.4444444444444445,0.0,0.0,1.0,1.0,0.6666666666666666,0.4444444444444445,1.0,0.0,0.0,0.0,0.0,0.0,0.0,0.0,0.0,0.0,0.0,0.0,0.0,1.0,1.0,0.0,1.0,0.0,1.0,16.7,43.015,26.315,34.24333333333333,11.695555555555558,43.015,0.0,1.062,1.062,0.7080000000000001,0.472,1.062,0.0,0.0,0.0,0.0,0.0,0.0,64.0,225.0,161.0,117.66666666666667,71.55555555555556,64.0
mp-1214775,AuBr2,Au,Tetragonal,P4_2/mmc,0.0022516,0.0003752666666666,6,False,35.0,79.0,44.0,49.666666666666664,19.555555555555554,35.0,66.0,95.0,29.0,85.33333333333333,12.888888888888891,95.0,79.904,196.966569,117.062569,118.92485633333332,52.02780844444444,79.904,265.8,1337.33,1071.53,622.9766666666666,476.2355555555555,265.8,11.0,17.0,6.0,15.0,2.6666666666666665,17.0,4.0,6.0,2.0,4.666666666666667,0.888888888888889,4.0,120.0,136.0,16.0,125.33333333333333,7.11111111111111,120.0,2.54,2.96,0.41999999999999993,2.8200000000000003,0.18666666666666654,2.96,1.0,2.0,1.0,1.6666666666666667,0.4444444444444444,2.0,0.0,5.0,5.0,3.3333333333333335,2.222222222222222,5.0,10.0,10.0,0.0,10.0,0.0,10.0,0.0,14.0,14.0,4.666666666666667,6.222222222222221,0.0,17.0,25.0,8.0,19.666666666666668,3.555555555555556,17.0,0.0,1.0,1.0,0.3333333333333333,0.4444444444444445,0.0,0.0,1.0,1.0,0.6666666666666666,0.4444444444444445,1.0,0.0,0.0,0.0,0.0,0.0,0.0,0.0,0.0,0.0,0.0,0.0,0.0,1.0,1.0,0.0,1.0,0.0,1.0,16.7,29.48,12.780000000000001,25.22,5.680000000000001,29.48,0.0,1.457,1.457,0.9713333333333334,0.6475555555555556,1.457,0.0,0.0,0.0,0.0,0.0,0.0,64.0,225.0,161.0,117.66666666666667,71.55555555555556,64.0
mp-1214857,AuCl4,Au,Tetragonal,I4_1/amd,2.0050894,0.20050894,10,False,17.0,79.0,62.0,29.4,19.839999999999996,17.0,66.0,94.0,28.0,88.4,8.959999999999997,94.0,35.453,196.966569,161.513569,67.7557138,51.684342079999986,35.453,171.6,1337.33,1165.73,404.746,373.0336,171.6,11.0,17.0,6.0,15.8,1.9199999999999995,17.0,3.0,6.0,3.0,3.6,0.9600000000000002,3.0,102.0,136.0,34.0,108.8,10.879999999999999,102.0,2.54,3.16,0.6200000000000001,3.036,0.19840000000000008,3.16,1.0,2.0,1.0,1.8,0.31999999999999995,2.0,0.0,5.0,5.0,4.0,1.6,5.0,0.0,10.0,10.0,2.0,3.2,0.0,0.0,14.0,14.0,2.8,4.4799999999999995,0.0,7.0,25.0,18.0,10.6,5.76,7.0,0.0,1.0,1.0,0.2,0.32,0.0,0.0,1.0,1.0,0.8,0.31999999999999995,1.0,0.0,0.0,0.0,0.0,0.0,0.0,0.0,0.0,0.0,0.0,0.0,0.0,1.0,1.0,0.0,1.0,0.0,1.0,16.7,24.4975,7.797499999999999,22.938,2.4951999999999996,24.4975,0.0,2.493,2.493,1.9944,0.7977599999999999,2.493,0.0,0.0,0.0,0.0,0.0,0.0,64.0,225.0,161.0,96.2,51.52,64.0
mp-1219748,PtCl2,Pt,Monoclinic,C2/m,0.0,0.0,6,False,17.0,78.0,61.0,37.333333333333336,27.111111111111114,17.0,63.0,94.0,31.0,83.66666666666667,13.777777777777777,94.0,35.453,195.084,159.631,88.66333333333334,70.94711111111111,35.453,171.6,2041.4,1869.8000000000002,794.8666666666667,831.0222222222222,171.6,10.0,17.0,7.0,14.666666666666666,3.111111111111111,17.0,3.0,6.0,3.0,4.0,1.3333333333333333,3.0,102.0,136.0,34.0,113.33333333333333,15.111111111111109,102.0,2.28,3.16,0.8800000000000003,2.8666666666666667,0.39111111111111124,3.16,1.0,2.0,1.0,1.6666666666666667,0.4444444444444444,2.0,0.0,5.0,5.0,3.3333333333333335,2.222222222222222,5.0,0.0,9.0,9.0,3.0,4.0,0.0,0.0,14.0,14.0,4.666666666666667,6.222222222222221,0.0,7.0,24.0,17.0,12.666666666666666,7.5555555555555545,7.0,0.0,1.0,1.0,0.3333333333333333,0.4444444444444445,0.0,0.0,1.0,1.0,0.6666666666666666,0.4444444444444445,1.0,0.0,1.0,1.0,0.3333333333333333,0.4444444444444445,0.0,0.0,0.0,0.0,0.0,0.0,0.0,1.0,2.0,1.0,1.3333333333333333,0.4444444444444444,1.0,15.02,24.4975,9.4775,21.338333333333335,4.212222222222221,24.4975,0.0,2.493,2.493,1.662,1.1079999999999999,2.493,0.0,0.0,0.0,0.0,0.0,0.0,64.0,225.0,161.0,117.66666666666667,71.55555555555556,64.0
mp-1221436,MoCl6,Mo,Trigonal,P-31m,0.0,0.0,7,True,17.0,42.0,25.0,20.571428571428573,6.122448979591837,17.0,50.0,94.0,44.0,87.71428571428571,10.775510204081638,94.0,35.453,95.96,60.50699999999999,44.09685714285714,14.818040816326524,35.453,171.6,2896.0,2724.4,560.8,667.1999999999999,171.6,6.0,17.0,11.0,15.428571428571429,2.6938775510204076,17.0,3.0,5.0,2.0,3.2857142857142856,0.48979591836734687,3.0,102.0,154.0,52.0,109.42857142857143,12.734693877551022,102.0,2.16,3.16,1.0,3.0171428571428573,0.24489795918367344,3.16,1.0,2.0,1.0,1.8571428571428572,0.24489795918367344,2.0,0.0,5.0,5.0,4.285714285714286,1.2244897959183676,5.0,0.0,5.0,5.0,0.7142857142857143,1.2244897959183674,0.0,0.0,0.0,0.0,0.0,0.0,0.0,6.0,7.0,1.0,6.857142857142857,0.24489795918367374,7.0,0.0,1.0,1.0,0.14285714285714285,0.2448979591836735,0.0,0.0,1.0,1.0,0.8571428571428571,0.2448979591836735,1.0,0.0,5.0,5.0,0.7142857142857143,1.2244897959183674,0.0,0.0,0.0,0.0,0.0,0.0,0.0,1.0,6.0,5.0,1.7142857142857142,1.2244897959183672,1.0,15.69,24.4975,8.8075,23.23928571428571,2.156938775510206,24.4975,0.0,2.493,2.493,2.1368571428571426,0.610530612244898,2.493,0.0,0.0,0.0,0.0,0.0,0.0,64.0,229.0,165.0,87.57142857142857,40.40816326530613,64.0
mp-1221487,MoCl6,Mo,Trigonal,P-3m1,0.0,0.0,21,False,17.0,42.0,25.0,20.571428571428573,6.122448979591837,17.0,50.0,94.0,44.0,87.71428571428571,10.775510204081638,94.0,35.453,95.96,60.50699999999999,44.09685714285714,14.818040816326524,35.453,171.6,2896.0,2724.4,560.8,667.1999999999999,171.6,6.0,17.0,11.0,15.428571428571429,2.6938775510204076,17.0,3.0,5.0,2.0,3.2857142857142856,0.48979591836734687,3.0,102.0,154.0,52.0,109.42857142857143,12.734693877551022,102.0,2.16,3.16,1.0,3.0171428571428573,0.24489795918367344,3.16,1.0,2.0,1.0,1.8571428571428572,0.24489795918367344,2.0,0.0,5.0,5.0,4.285714285714286,1.2244897959183676,5.0,0.0,5.0,5.0,0.7142857142857143,1.2244897959183674,0.0,0.0,0.0,0.0,0.0,0.0,0.0,6.0,7.0,1.0,6.857142857142857,0.24489795918367374,7.0,0.0,1.0,1.0,0.14285714285714285,0.2448979591836735,0.0,0.0,1.0,1.0,0.8571428571428571,0.2448979591836735,1.0,0.0,5.0,5.0,0.7142857142857143,1.2244897959183674,0.0,0.0,0.0,0.0,0.0,0.0,0.0,1.0,6.0,5.0,1.7142857142857142,1.2244897959183672,1.0,15.69,24.4975,8.8075,23.23928571428571,2.156938775510206,24.4975,0.0,2.493,2.493,2.1368571428571426,0.610530612244898,2.493,0.0,0.0,0.0,0.0,0.0,0.0,64.0,229.0,165.0,87.57142857142857,40.40816326530613,64.0
mp-1221495,MoCl3,Mo,Monoclinic,C2/m,4.0011282,0.2500705125,16,False,17.0,42.0,25.0,23.25,9.375,17.0,50.0,94.0,44.0,83.0,16.5,94.0,35.453,95.96,60.50699999999999,50.579750000000004,22.690125,35.453,171.6,2896.0,2724.4,852.7,1021.6500000000001,171.6,6.0,17.0,11.0,14.25,4.125,17.0,3.0,5.0,2.0,3.5,0.75,3.0,102.0,154.0,52.0,115.0,19.5,102.0,2.16,3.16,1.0,2.91,0.375,3.16,1.0,2.0,1.0,1.75,0.375,2.0,0.0,5.0,5.0,3.75,1.875,5.0,0.0,5.0,5.0,1.25,1.875,0.0,0.0,0.0,0.0,0.0,0.0,0.0,6.0,7.0,1.0,6.75,0.375,7.0,0.0,1.0,1.0,0.25,0.375,0.0,0.0,1.0,1.0,0.75,0.375,1.0,0.0,5.0,5.0,1.25,1.875,0.0,0.0,0.0,0.0,0.0,0.0,0.0,1.0,6.0,5.0,2.25,1.875,1.0,15.69,24.4975,8.8075,22.295624999999998,3.3028125000000004,24.4975,0.0,2.493,2.493,1.8697499999999998,0.934875,2.493,0.0,0.0,0.0,0.0,0.0,0.0,64.0,229.0,165.0,105.25,61.875,64.0
mp-1221517,MoCl4,Mo,Trigonal,P-31m,0.0067403,0.0004493533333333,15,False,17.0,42.0,25.0,22.0,8.0,17.0,50.0,94.0,44.0,85.2,14.079999999999998,94.0,35.453,95.96,60.50699999999999,47.5544,19.362239999999996,35.453,171.6,2896.0,2724.4,716.48,871.808,171.6,6.0,17.0,11.0,14.8,3.5199999999999996,17.0,3.0,5.0,2.0,3.4,0.6399999999999999,3.0,102.0,154.0,52.0,112.4,16.640000000000004,102.0,2.16,3.16,1.0,2.96,0.3200000000000001,3.16,1.0,2.0,1.0,1.8,0.31999999999999995,2.0,0.0,5.0,5.0,4.0,1.6,5.0,0.0,5.0,5.0,1.0,1.6,0.0,0.0,0.0,0.0,0.0,0.0,0.0,6.0,7.0,1.0,6.8,0.3200000000000001,7.0,0.0,1.0,1.0,0.2,0.32,0.0,0.0,1.0,1.0,0.8,0.31999999999999995,1.0,0.0,5.0,5.0,1.0,1.6,0.0,0.0,0.0,0.0,0.0,0.0,0.0,1.0,6.0,5.0,2.0,1.6,1.0,15.69,24.4975,8.8075,22.735999999999997,2.818400000000001,24.4975,0.0,2.493,2.493,1.9944,0.7977599999999999,2.493,0.0,0.0,0.0,0.0,0.0,0.0,64.0,229.0,165.0,97.0,52.8,64.0
mp-1221693,MnF4,Mn,Triclinic,P-1,8.9999998,0.5999999866666667,15,False,9.0,25.0,16.0,12.2,5.119999999999999,9.0,52.0,93.0,41.0,84.8,13.120000000000001,93.0,18.9984032,54.938045,35.939641800000004,26.186331559999996,11.500685375999998,18.9984032,53.5,1519.0,1465.5,346.6,468.96000000000004,53.5,7.0,17.0,10.0,15.0,3.2,17.0,2.0,4.0,2.0,2.4,0.6399999999999999,2.0,57.0,139.0,82.0,73.4,26.240000000000002,57.0,1.55,3.98,2.4299999999999997,3.4939999999999998,0.7776000000000002,3.98,2.0,2.0,0.0,2.0,0.0,2.0,0.0,5.0,5.0,4.0,1.6,5.0,0.0,5.0,5.0,1.0,1.6,0.0,0.0,0.0,0.0,0.0,0.0,0.0,7.0,7.0,0.0,7.0,0.0,7.0,0.0,0.0,0.0,0.0,0.0,0.0,0.0,1.0,1.0,0.8,0.31999999999999995,1.0,0.0,5.0,5.0,1.0,1.6,0.0,0.0,0.0,0.0,0.0,0.0,0.0,1.0,5.0,4.0,1.8,1.28,1.0,9.7075,10.4875862069,0.7800862069000001,9.863517241379999,0.24962758620799938,9.7075,0.0,1.97,1.97,1.576,0.6304,1.97,0.0,0.000310120689655,0.000310120689655,6.2024137931e-05,9.923862068959999e-05,0.0,15.0,217.0,202.0,55.4,64.64,15.0
mp-1225059,FeCl4,Fe,Orthorhombic,Cmmm,8.0002191,0.8000219100000001,10,True,17.0,26.0,9.0,18.8,2.8800000000000003,17.0,55.0,94.0,39.0,86.2,12.479999999999999,94.0,35.453,55.845,20.391999999999996,39.531400000000005,6.525440000000001,35.453,171.6,1811.0,1639.4,499.48,524.608,171.6,8.0,17.0,9.0,15.2,2.8800000000000003,17.0,3.0,4.0,1.0,3.2,0.3200000000000001,3.0,102.0,132.0,30.0,108.0,9.6,102.0,1.83,3.16,1.33,2.894,0.42560000000000003,3.16,2.0,2.0,0.0,2.0,0.0,2.0,0.0,5.0,5.0,4.0,1.6,5.0,0.0,6.0,6.0,1.2,1.92,0.0,0.0,0.0,0.0,0.0,0.0,0.0,7.0,8.0,1.0,7.2,0.3200000000000001,7.0,0.0,0.0,0.0,0.0,0.0,0.0,0.0,1.0,1.0,0.8,0.31999999999999995,1.0,0.0,4.0,4.0,0.8,1.28,0.0,0.0,0.0,0.0,0.0,0.0,0.0,1.0,4.0,3.0,1.6,0.9600000000000002,1.0,10.73,24.4975,13.767499999999998,21.744,4.405599999999999,24.4975,0.0,2.493,2.493,1.9944,0.7977599999999999,2.493,0.0,2.1106628,2.1106628,0.42213256,0.675412096,0.0,64.0,229.0,165.0,97.0,52.8,64.0
mp-1225654,CuCl,Cu,Trigonal,R3m,0.001342,0.000671,2,False,17.0,29.0,12.0,23.0,6.0,17.0,64.0,94.0,30.0,79.0,15.0,64.0,35.453,63.546,28.092999999999996,49.4995,14.046499999999998,35.453,171.6,1357.77,1186.17,764.685,593.085,171.6,11.0,17.0,6.0,14.0,3.0,11.0,3.0,4.0,1.0,3.5,0.5,3.0,102.0,132.0,30.0,117.0,15.0,102.0,1.9,3.16,1.2600000000000002,2.5300000000000002,0.6300000000000001,1.9,1.0,2.0,1.0,1.5,0.5,1.0,0.0,5.0,5.0,2.5,2.5,0.0,0.0,10.0,10.0,5.0,5.0,0.0,0.0,0.0,0.0,0.0,0.0,0.0,7.0,11.0,4.0,9.0,2.0,7.0,0.0,1.0,1.0,0.5,0.5,0.0,0.0,1.0,1.0,0.5,0.5,0.0,0.0,0.0,0.0,0.0,0.0,0.0,0.0,0.0,0.0,0.0,0.0,0.0,1.0,1.0,0.0,1.0,0.0,1.0,11.07,24.4975,13.427499999999998,17.783749999999998,6.713749999999999,11.07,0.0,2.493,2.493,1.2465,1.2465,0.0,0.0,0.0,0.0,0.0,0.0,0.0,64.0,225.0,161.0,144.5,80.5,64.0
mp-1228677,AuCl,Au,Monoclinic,Cm,7.08e-05,3.54e-05,2,False,17.0,79.0,62.0,48.0,31.0,17.0,66.0,94.0,28.0,80.0,14.0,66.0,35.453,196.966569,161.513569,116.2097845,80.7567845,35.453,171.6,1337.33,1165.73,754.4649999999999,582.865,171.6,11.0,17.0,6.0,14.0,3.0,11.0,3.0,6.0,3.0,4.5,1.5,3.0,102.0,136.0,34.0,119.0,17.0,102.0,2.54,3.16,0.6200000000000001,2.85,0.31000000000000005,2.54,1.0,2.0,1.0,1.5,0.5,1.0,0.0,5.0,5.0,2.5,2.5,0.0,0.0,10.0,10.0,5.0,5.0,0.0,0.0,14.0,14.0,7.0,7.0,0.0,7.0,25.0,18.0,16.0,9.0,7.0,0.0,1.0,1.0,0.5,0.5,0.0,0.0,1.0,1.0,0.5,0.5,0.0,0.0,0.0,0.0,0.0,0.0,0.0,0.0,0.0,0.0,0.0,0.0,0.0,1.0,1.0,0.0,1.0,0.0,1.0,16.7,24.4975,7.797499999999999,20.59875,3.8987499999999997,16.7,0.0,2.493,2.493,1.2465,1.2465,0.0,0.0,0.0,0.0,0.0,0.0,0.0,64.0,225.0,161.0,144.5,80.5,64.0
mp-1229,CuF2,Cu,Monoclinic,P2_1/c,2.0000003,0.3333333833333333,6,True,9.0,29.0,20.0,15.666666666666666,8.888888888888888,9.0,64.0,93.0,29.0,83.33333333333333,12.888888888888891,93.0,18.9984032,63.546,44.5475968,33.84760213333333,19.79893191111111,18.9984032,53.5,1357.77,1304.27,488.25666666666666,579.6755555555555,53.5,11.0,17.0,6.0,15.0,2.6666666666666665,17.0,2.0,4.0,2.0,2.6666666666666665,0.8888888888888888,2.0,57.0,132.0,75.0,82.0,33.333333333333336,57.0,1.9,3.98,2.08,3.2866666666666666,0.9244444444444445,3.98,1.0,2.0,1.0,1.6666666666666667,0.4444444444444444,2.0,0.0,5.0,5.0,3.3333333333333335,2.222222222222222,5.0,0.0,10.0,10.0,3.3333333333333335,4.444444444444444,0.0,0.0,0.0,0.0,0.0,0.0,0.0,7.0,11.0,4.0,8.333333333333334,1.777777777777778,7.0,0.0,1.0,1.0,0.3333333333333333,0.4444444444444445,0.0,0.0,1.0,1.0,0.6666666666666666,0.4444444444444445,1.0,0.0,0.0,0.0,0.0,0.0,0.0,0.0,0.0,0.0,0.0,0.0,0.0,1.0,1.0,0.0,1.0,0.0,1.0,9.7075,11.07,1.3625000000000007,10.161666666666667,0.6055555555555561,9.7075,0.0,1.97,1.97,1.3133333333333332,0.8755555555555556,1.97,0.0,0.0,0.0,0.0,0.0,0.0,15.0,225.0,210.0,85.0,93.33333333333333,15.0
mp-1238832,ZnCl3,Zn,Hexagonal,P6_3/m,0.0003805,4.75625e-05,8,False,17.0,30.0,13.0,20.25,4.875,17.0,69.0,94.0,25.0,87.75,9.375,94.0,35.453,65.38,29.926999999999992,42.93475,11.222624999999997,35.453,171.6,692.68,521.0799999999999,301.87,195.405,171.6,12.0,17.0,5.0,15.75,1.875,17.0,3.0,4.0,1.0,3.25,0.375,3.0,102.0,122.0,20.0,107.0,7.5,102.0,1.65,3.16,1.5100000000000002,2.7825,0.56625,3.16,2.0,2.0,0.0,2.0,0.0,2.0,0.0,5.0,5.0,3.75,1.875,5.0,0.0,10.0,10.0,2.5,3.75,0.0,0.0,0.0,0.0,0.0,0.0,0.0,7.0,12.0,5.0,8.25,1.875,7.0,0.0,0.0,0.0,0.0,0.0,0.0,0.0,1.0,1.0,0.75,0.375,1.0,0.0,0.0,0.0,0.0,0.0,0.0,0.0,0.0,0.0,0.0,0.0,0.0,0.0,1.0,1.0,0.75,0.375,1.0,13.96,24.4975,10.537499999999998,21.863124999999997,3.9515625000000005,24.4975,0.0,2.493,2.493,1.8697499999999998,0.934875,2.493,0.0,0.0,0.0,0.0,0.0,0.0,64.0,194.0,130.0,96.5,48.75,64.0
mp-1238872,CuCl2,Cu,Trigonal,R-3m,0.9993472,0.3331157333333333,3,False,17.0,29.0,12.0,21.0,5.333333333333333,17.0,64.0,94.0,30.0,84.0,13.333333333333334,94.0,35.453,63.546,28.092999999999996,44.81733333333333,12.485777777777775,35.453,171.6,1357.77,1186.17,566.99,527.1866666666666,171.6,11.0,17.0,6.0,15.0,2.6666666666666665,17.0,3.0,4.0,1.0,3.3333333333333335,0.4444444444444445,3.0,102.0,132.0,30.0,112.0,13.333333333333334,102.0,1.9,3.16,1.2600000000000002,2.74,0.56,3.16,1.0,2.0,1.0,1.6666666666666667,0.4444444444444444,2.0,0.0,5.0,5.0,3.3333333333333335,2.222222222222222,5.0,0.0,10.0,10.0,3.3333333333333335,4.444444444444444,0.0,0.0,0.0,0.0,0.0,0.0,0.0,7.0,11.0,4.0,8.333333333333334,1.777777777777778,7.0,0.0,1.0,1.0,0.3333333333333333,0.4444444444444445,0.0,0.0,1.0,1.0,0.6666666666666666,0.4444444444444445,1.0,0.0,0.0,0.0,0.0,0.0,0.0,0.0,0.0,0.0,0.0,0.0,0.0,1.0,1.0,0.0,1.0,0.0,1.0,11.07,24.4975,13.427499999999998,20.021666666666665,5.967777777777777,24.4975,0.0,2.493,2.493,1.662,1.1079999999999999,2.493,0.0,0.0,0.0,0.0,0.0,0.0,64.0,225.0,161.0,117.66666666666667,71.55555555555556,64.0
mp-1271079,CoF3,Co,Tetragonal,I4/mcm,0.0,0.0,16,True,9.0,27.0,18.0,13.5,6.75,9.0,58.0,93.0,35.0,84.25,13.125,93.0,18.9984032,58.933195,39.9347918,28.98210115,14.975546925,18.9984032,53.5,1768.0,1714.5,482.125,642.9375,53.5,9.0,17.0,8.0,15.0,3.0,17.0,2.0,4.0,2.0,2.5,0.75,2.0,57.0,126.0,69.0,74.25,25.875,57.0,1.88,3.98,2.1,3.455,0.7875,3.98,2.0,2.0,0.0,2.0,0.0,2.0,0.0,5.0,5.0,3.75,1.875,5.0,0.0,7.0,7.0,1.75,2.625,0.0,0.0,0.0,0.0,0.0,0.0,0.0,7.0,9.0,2.0,7.5,0.75,7.0,0.0,0.0,0.0,0.0,0.0,0.0,0.0,1.0,1.0,0.75,0.375,1.0,0.0,3.0,3.0,0.75,1.125,0.0,0.0,0.0,0.0,0.0,0.0,0.0,1.0,3.0,2.0,1.5,0.75,1.0,9.7075,10.245,0.5374999999999996,9.841875,0.2015625000000001,9.7075,0.0,1.97,1.97,1.4775,0.73875,1.97,0.0,1.5484712,1.5484712,0.3871178,0.5806767,0.0,15.0,194.0,179.0,59.75,67.125,15.0
mp-1271121,CoF3,Co,Tetragonal,P4/mbm,7.9426517,0.9928314625,8,False,9.0,27.0,18.0,13.5,6.75,9.0,58.0,93.0,35.0,84.25,13.125,93.0,18.9984032,58.933195,39.9347918,28.98210115,14.975546925,18.9984032,53.5,1768.0,1714.5,482.125,642.9375,53.5,9.0,17.0,8.0,15.0,3.0,17.0,2.0,4.0,2.0,2.5,0.75,2.0,57.0,126.0,69.0,74.25,25.875,57.0,1.88,3.98,2.1,3.455,0.7875,3.98,2.0,2.0,0.0,2.0,0.0,2.0,0.0,5.0,5.0,3.75,1.875,5.0,0.0,7.0,7.0,1.75,2.625,0.0,0.0,0.0,0.0,0.0,0.0,0.0,7.0,9.0,2.0,7.5,0.75,7.0,0.0,0.0,0.0,0.0,0.0,0.0,0.0,1.0,1.0,0.75,0.375,1.0,0.0,3.0,3.0,0.75,1.125,0.0,0.0,0.0,0.0,0.0,0.0,0.0,1.0,3.0,2.0,1.5,0.75,1.0,9.7075,10.245,0.5374999999999996,9.841875,0.2015625000000001,9.7075,0.0,1.97,1.97,1.4775,0.73875,1.97,0.0,1.5484712,1.5484712,0.3871178,0.5806767,0.0,15.0,194.0,179.0,59.75,67.125,15.0
mp-1271165,CoF3,Co,Monoclinic,C2/m,0.0453345,0.00283340625,16,False,9.0,27.0,18.0,13.5,6.75,9.0,58.0,93.0,35.0,84.25,13.125,93.0,18.9984032,58.933195,39.9347918,28.98210115,14.975546925,18.9984032,53.5,1768.0,1714.5,482.125,642.9375,53.5,9.0,17.0,8.0,15.0,3.0,17.0,2.0,4.0,2.0,2.5,0.75,2.0,57.0,126.0,69.0,74.25,25.875,57.0,1.88,3.98,2.1,3.455,0.7875,3.98,2.0,2.0,0.0,2.0,0.0,2.0,0.0,5.0,5.0,3.75,1.875,5.0,0.0,7.0,7.0,1.75,2.625,0.0,0.0,0.0,0.0,0.0,0.0,0.0,7.0,9.0,2.0,7.5,0.75,7.0,0.0,0.0,0.0,0.0,0.0,0.0,0.0,1.0,1.0,0.75,0.375,1.0,0.0,3.0,3.0,0.75,1.125,0.0,0.0,0.0,0.0,0.0,0.0,0.0,1.0,3.0,2.0,1.5,0.75,1.0,9.7075,10.245,0.5374999999999996,9.841875,0.2015625000000001,9.7075,0.0,1.97,1.97,1.4775,0.73875,1.97,0.0,1.5484712,1.5484712,0.3871178,0.5806767,0.0,15.0,194.0,179.0,59.75,67.125,15.0
mp-1271166,CoF3,Co,Orthorhombic,Cmmm,0.0077809,0.00048630625,16,False,9.0,27.0,18.0,13.5,6.75,9.0,58.0,93.0,35.0,84.25,13.125,93.0,18.9984032,58.933195,39.9347918,28.98210115,14.975546925,18.9984032,53.5,1768.0,1714.5,482.125,642.9375,53.5,9.0,17.0,8.0,15.0,3.0,17.0,2.0,4.0,2.0,2.5,0.75,2.0,57.0,126.0,69.0,74.25,25.875,57.0,1.88,3.98,2.1,3.455,0.7875,3.98,2.0,2.0,0.0,2.0,0.0,2.0,0.0,5.0,5.0,3.75,1.875,5.0,0.0,7.0,7.0,1.75,2.625,0.0,0.0,0.0,0.0,0.0,0.0,0.0,7.0,9.0,2.0,7.5,0.75,7.0,0.0,0.0,0.0,0.0,0.0,0.0,0.0,1.0,1.0,0.75,0.375,1.0,0.0,3.0,3.0,0.75,1.125,0.0,0.0,0.0,0.0,0.0,0.0,0.0,1.0,3.0,2.0,1.5,0.75,1.0,9.7075,10.245,0.5374999999999996,9.841875,0.2015625000000001,9.7075,0.0,1.97,1.97,1.4775,0.73875,1.97,0.0,1.5484712,1.5484712,0.3871178,0.5806767,0.0,15.0,194.0,179.0,59.75,67.125,15.0
mp-1338653,Zr5I18,Zr,Triclinic,P-1,0.9864444,0.0142962956521739,69,False,40.0,53.0,13.0,50.17391304347826,4.423440453686203,53.0,44.0,96.0,52.0,84.69565217391305,17.6937618147448,96.0,91.224,126.90447,35.68047,119.14784608695652,12.14080264650284,126.90447,386.85,2128.0,1741.15,765.3608695652174,592.4517958412098,386.85,4.0,17.0,13.0,14.173913043478262,4.4234404536862,17.0,5.0,5.0,0.0,5.0,0.0,5.0,139.0,175.0,36.0,146.82608695652175,12.249527410207945,139.0,1.33,2.66,1.33,2.3708695652173915,0.4525519848771267,2.66,2.0,2.0,0.0,2.0,0.0,2.0,0.0,5.0,5.0,3.9130434782608696,1.7013232514177694,5.0,2.0,10.0,8.0,8.26086956521739,2.7221172022684312,10.0,0.0,0.0,0.0,0.0,0.0,0.0,4.0,17.0,13.0,14.173913043478262,4.4234404536862,17.0,0.0,0.0,0.0,0.0,0.0,0.0,0.0,1.0,1.0,0.782608695652174,0.34026465028355385,1.0,0.0,8.0,8.0,1.7391304347826086,2.7221172022684312,0.0,0.0,0.0,0.0,0.0,0.0,0.0,1.0,8.0,7.0,2.5217391304347827,2.381852551984877,1.0,23.195,43.015,19.82,38.706304347826084,6.74404536862004,43.015,0.0,1.062,1.062,0.8311304347826087,0.36136105860113427,1.062,0.0,0.0,0.0,0.0,0.0,0.0,64.0,194.0,130.0,92.26086956521739,44.234404536862,64.0
mp-1339908,TaF5,Ta,Monoclinic,P2_1/c,0.0,0.0,24,False,9.0,73.0,64.0,19.666666666666668,17.77777777777778,9.0,48.0,93.0,45.0,85.5,12.5,93.0,18.9984032,180.94788,161.9494768,45.98998266666666,44.98596577777778,18.9984032,53.5,3290.0,3236.5,592.9166666666666,899.0277777777777,53.5,5.0,17.0,12.0,15.0,3.3333333333333335,17.0,2.0,6.0,4.0,2.6666666666666665,1.111111111111111,2.0,57.0,170.0,113.0,75.83333333333333,31.388888888888886,57.0,1.5,3.98,2.48,3.5666666666666664,0.6888888888888891,3.98,2.0,2.0,0.0,2.0,0.0,2.0,0.0,5.0,5.0,4.166666666666667,1.3888888888888886,5.0,0.0,3.0,3.0,0.5,0.8333333333333334,0.0,0.0,14.0,14.0,2.3333333333333335,3.8888888888888893,0.0,7.0,19.0,12.0,9.0,3.3333333333333335,7.0,0.0,0.0,0.0,0.0,0.0,0.0,0.0,1.0,1.0,0.8333333333333334,0.27777777777777773,1.0,0.0,7.0,7.0,1.1666666666666667,1.9444444444444446,0.0,0.0,0.0,0.0,0.0,0.0,0.0,1.0,7.0,6.0,2.0,1.6666666666666667,1.0,9.7075,18.12,8.412500000000001,11.109583333333333,2.336805555555556,9.7075,0.0,1.97,1.97,1.6416666666666666,0.5472222222222222,1.97,0.0,0.0,0.0,0.0,0.0,0.0,15.0,229.0,214.0,50.666666666666664,59.444444444444436,15.0
mp-1367785,WF5,W,Monoclinic,P2_1/c,4.0,0.1666666666666666,24,False,9.0,74.0,65.0,19.833333333333332,18.055555555555554,9.0,51.0,93.0,42.0,86.0,11.666666666666666,93.0,18.9984032,183.84,164.8415968,46.47200266666667,45.78933244444445,18.9984032,53.5,3695.0,3641.5,660.4166666666666,1011.5277777777777,53.5,6.0,17.0,11.0,15.166666666666666,3.055555555555556,17.0,2.0,6.0,4.0,2.6666666666666665,1.111111111111111,2.0,57.0,162.0,105.0,74.5,29.166666666666668,57.0,2.36,3.98,1.62,3.7099999999999995,0.45000000000000034,3.98,2.0,2.0,0.0,2.0,0.0,2.0,0.0,5.0,5.0,4.166666666666667,1.3888888888888886,5.0,0.0,4.0,4.0,0.6666666666666666,1.111111111111111,0.0,0.0,14.0,14.0,2.3333333333333335,3.8888888888888893,0.0,7.0,20.0,13.0,9.166666666666666,3.6111111111111107,7.0,0.0,0.0,0.0,0.0,0.0,0.0,0.0,1.0,1.0,0.8333333333333334,0.27777777777777773,1.0,0.0,6.0,6.0,1.0,1.6666666666666667,0.0,0.0,0.0,0.0,0.0,0.0,0.0,1.0,6.0,5.0,1.8333333333333333,1.3888888888888886,1.0,9.7075,16.05,6.342500000000001,10.764583333333333,1.7618055555555554,9.7075,0.0,1.97,1.97,1.6416666666666666,0.5472222222222222,1.97,0.0,0.0,0.0,0.0,0.0,0.0,15.0,229.0,214.0,50.666666666666664,59.444444444444436,15.0
mp-13679,PdF3,Pd,Trigonal,R-3c,1.9964718,0.249558975,8,False,9.0,46.0,37.0,18.25,13.875,9.0,62.0,93.0,31.0,85.25,11.625,93.0,18.9984032,106.42,87.4215968,40.8538024,32.783098800000005,18.9984032,53.5,1828.05,1774.55,497.1375,665.45625,53.5,10.0,17.0,7.0,15.25,2.625,17.0,2.0,5.0,3.0,2.75,1.125,2.0,57.0,139.0,82.0,77.5,30.75,57.0,2.2,3.98,1.7799999999999998,3.535,0.6674999999999999,3.98,0.0,2.0,2.0,1.5,0.75,2.0,0.0,5.0,5.0,3.75,1.875,5.0,0.0,10.0,10.0,2.5,3.75,0.0,0.0,0.0,0.0,0.0,0.0,0.0,7.0,10.0,3.0,7.75,1.125,7.0,0.0,0.0,0.0,0.0,0.0,0.0,0.0,1.0,1.0,0.75,0.375,1.0,0.0,0.0,0.0,0.0,0.0,0.0,0.0,0.0,0.0,0.0,0.0,0.0,0.0,1.0,1.0,0.75,0.375,1.0,9.7075,14.41,4.702500000000001,10.883125,1.7634375000000002,9.7075,0.0,1.97,1.97,1.4775,0.73875,1.97,0.0,0.0,0.0,0.0,0.0,0.0,15.0,225.0,210.0,67.5,78.75,15.0
mp-1374127,CrF5,Cr,Monoclinic,P2_1/c,3.9999677,0.1666653208333333,24,False,9.0,24.0,15.0,11.5,4.166666666666667,9.0,49.0,93.0,44.0,85.66666666666667,12.22222222222222,93.0,18.9984032,51.9961,32.9976968,24.498019333333332,9.166026888888888,18.9984032,53.5,2180.0,2126.5,407.9166666666667,590.6944444444445,53.5,6.0,17.0,11.0,15.166666666666666,3.055555555555556,17.0,2.0,4.0,2.0,2.3333333333333335,0.5555555555555557,2.0,57.0,139.0,82.0,70.66666666666667,22.777777777777782,57.0,1.66,3.98,2.3200000000000003,3.5933333333333333,0.6444444444444445,3.98,1.0,2.0,1.0,1.8333333333333333,0.27777777777777785,2.0,0.0,5.0,5.0,4.166666666666667,1.3888888888888886,5.0,0.0,5.0,5.0,0.8333333333333334,1.388888888888889,0.0,0.0,0.0,0.0,0.0,0.0,0.0,6.0,7.0,1.0,6.833333333333333,0.27777777777777796,7.0,0.0,1.0,1.0,0.16666666666666666,0.27777777777777773,0.0,0.0,1.0,1.0,0.8333333333333334,0.27777777777777773,1.0,0.0,5.0,5.0,0.8333333333333334,1.388888888888889,0.0,0.0,0.0,0.0,0.0,0.0,0.0,1.0,6.0,5.0,1.8333333333333333,1.3888888888888886,1.0,9.7075,11.19,1.4825,9.954583333333332,0.4118055555555549,9.7075,0.0,1.97,1.97,1.6416666666666666,0.5472222222222222,1.97,0.0,0.0,0.0,0.0,0.0,0.0,15.0,229.0,214.0,50.666666666666664,59.444444444444436,15.0
mp-1379489,MoF5,Mo,Monoclinic,P2_1/c,4.0,0.1666666666666666,24,False,9.0,42.0,33.0,14.5,9.166666666666666,9.0,50.0,93.0,43.0,85.83333333333333,11.944444444444448,93.0,18.9984032,95.96,76.9615968,31.825335999999997,21.37822133333333,18.9984032,53.5,2896.0,2842.5,527.25,789.5833333333334,53.5,6.0,17.0,11.0,15.166666666666666,3.055555555555556,17.0,2.0,5.0,3.0,2.5,0.8333333333333334,2.0,57.0,154.0,97.0,73.16666666666667,26.944444444444446,57.0,2.16,3.98,1.8199999999999998,3.6766666666666663,0.5055555555555558,3.98,1.0,2.0,1.0,1.8333333333333333,0.27777777777777785,2.0,0.0,5.0,5.0,4.166666666666667,1.3888888888888886,5.0,0.0,5.0,5.0,0.8333333333333334,1.388888888888889,0.0,0.0,0.0,0.0,0.0,0.0,0.0,6.0,7.0,1.0,6.833333333333333,0.27777777777777796,7.0,0.0,1.0,1.0,0.16666666666666666,0.27777777777777773,0.0,0.0,1.0,1.0,0.8333333333333334,0.27777777777777773,1.0,0.0,5.0,5.0,0.8333333333333334,1.388888888888889,0.0,0.0,0.0,0.0,0.0,0.0,0.0,1.0,6.0,5.0,1.8333333333333333,1.3888888888888886,1.0,9.7075,15.69,5.9825,10.704583333333332,1.6618055555555549,9.7075,0.0,1.97,1.97,1.6416666666666666,0.5472222222222222,1.97,0.0,0.0,0.0,0.0,0.0,0.0,15.0,229.0,214.0,50.666666666666664,59.444444444444436,15.0
mp-1383199,TiF4,Ti,Triclinic,P1,0.0,0.0,10,False,9.0,22.0,13.0,11.6,4.159999999999999,9.0,43.0,93.0,50.0,83.0,16.0,93.0,18.9984032,47.867,28.8685968,24.772122559999996,9.237950975999999,18.9984032,53.5,1941.0,1887.5,431.0,604.0,53.5,4.0,17.0,13.0,14.4,4.159999999999999,17.0,2.0,4.0,2.0,2.4,0.6399999999999999,2.0,57.0,160.0,103.0,77.6,32.959999999999994,57.0,1.54,3.98,2.44,3.492,0.7807999999999999,3.98,2.0,2.0,0.0,2.0,0.0,2.0,0.0,5.0,5.0,4.0,1.6,5.0,0.0,2.0,2.0,0.4,0.64,0.0,0.0,0.0,0.0,0.0,0.0,0.0,4.0,7.0,3.0,6.4,0.9599999999999997,7.0,0.0,0.0,0.0,0.0,0.0,0.0,0.0,1.0,1.0,0.8,0.31999999999999995,1.0,0.0,8.0,8.0,1.6,2.56,0.0,0.0,0.0,0.0,0.0,0.0,0.0,1.0,8.0,7.0,2.4,2.2399999999999998,1.0,9.7075,16.69,6.982500000000002,11.104,2.2344,9.7075,0.0,1.97,1.97,1.576,0.6304,1.97,0.0,2.25333333333e-05,2.25333333333e-05,4.50666666666e-06,7.210666666656e-06,0.0,15.0,194.0,179.0,50.8,57.279999999999994,15.0
mp-13841,IrF4,Ir,Orthorhombic,Fdd2,1.9995292,0.19995292,10,True,9.0,77.0,68.0,22.6,21.76,9.0,60.0,93.0,33.0,86.4,10.559999999999997,93.0,18.9984032,192.217,173.2185968,53.642122560000004,55.42995097600001,18.9984032,53.5,2739.0,2685.5,590.6,859.36,53.5,9.0,17.0,8.0,15.4,2.5599999999999996,17.0,2.0,6.0,4.0,2.8,1.2799999999999998,2.0,57.0,141.0,84.0,73.8,26.879999999999995,57.0,2.2,3.98,1.7799999999999998,3.624,0.5695999999999999,3.98,2.0,2.0,0.0,2.0,0.0,2.0,0.0,5.0,5.0,4.0,1.6,5.0,0.0,7.0,7.0,1.4,2.2399999999999998,0.0,0.0,14.0,14.0,2.8,4.4799999999999995,0.0,7.0,23.0,16.0,10.2,5.119999999999999,7.0,0.0,0.0,0.0,0.0,0.0,0.0,0.0,1.0,1.0,0.8,0.31999999999999995,1.0,0.0,3.0,3.0,0.6,0.96,0.0,0.0,0.0,0.0,0.0,0.0,0.0,1.0,3.0,2.0,1.4,0.6399999999999999,1.0,9.7075,14.21,4.502500000000001,10.608,1.4408000000000007,9.7075,0.0,1.97,1.97,1.576,0.6304,1.97,0.0,0.0,0.0,0.0,0.0,0.0,15.0,225.0,210.0,57.0,67.2,15.0
mp-1385977,MnF4,Mn,Tetragonal,I4/mcm,6.0003548,0.6000354800000001,10,False,9.0,25.0,16.0,12.2,5.119999999999999,9.0,52.0,93.0,41.0,84.8,13.120000000000001,93.0,18.9984032,54.938045,35.939641800000004,26.186331559999996,11.500685375999998,18.9984032,53.5,1519.0,1465.5,346.6,468.96000000000004,53.5,7.0,17.0,10.0,15.0,3.2,17.0,2.0,4.0,2.0,2.4,0.6399999999999999,2.0,57.0,139.0,82.0,73.4,26.240000000000002,57.0,1.55,3.98,2.4299999999999997,3.4939999999999998,0.7776000000000002,3.98,2.0,2.0,0.0,2.0,0.0,2.0,0.0,5.0,5.0,4.0,1.6,5.0,0.0,5.0,5.0,1.0,1.6,0.0,0.0,0.0,0.0,0.0,0.0,0.0,7.0,7.0,0.0,7.0,0.0,7.0,0.0,0.0,0.0,0.0,0.0,0.0,0.0,1.0,1.0,0.8,0.31999999999999995,1.0,0.0,5.0,5.0,1.0,1.6,0.0,0.0,0.0,0.0,0.0,0.0,0.0,1.0,5.0,4.0,1.8,1.28,1.0,9.7075,10.4875862069,0.7800862069000001,9.863517241379999,0.24962758620799938,9.7075,0.0,1.97,1.97,1.576,0.6304,1.97,0.0,0.000310120689655,0.000310120689655,6.2024137931e-05,9.923862068959999e-05,0.0,15.0,217.0,202.0,55.4,64.64,15.0
mp-1386198,WF5,W,Monoclinic,C2/c,2.0,0.1666666666666666,12,False,9.0,74.0,65.0,19.833333333333332,18.055555555555554,9.0,51.0,93.0,42.0,86.0,11.666666666666666,93.0,18.9984032,183.84,164.8415968,46.47200266666667,45.78933244444445,18.9984032,53.5,3695.0,3641.5,660.4166666666666,1011.5277777777777,53.5,6.0,17.0,11.0,15.166666666666666,3.055555555555556,17.0,2.0,6.0,4.0,2.6666666666666665,1.111111111111111,2.0,57.0,162.0,105.0,74.5,29.166666666666668,57.0,2.36,3.98,1.62,3.7099999999999995,0.45000000000000034,3.98,2.0,2.0,0.0,2.0,0.0,2.0,0.0,5.0,5.0,4.166666666666667,1.3888888888888886,5.0,0.0,4.0,4.0,0.6666666666666666,1.111111111111111,0.0,0.0,14.0,14.0,2.3333333333333335,3.8888888888888893,0.0,7.0,20.0,13.0,9.166666666666666,3.6111111111111107,7.0,0.0,0.0,0.0,0.0,0.0,0.0,0.0,1.0,1.0,0.8333333333333334,0.27777777777777773,1.0,0.0,6.0,6.0,1.0,1.6666666666666667,0.0,0.0,0.0,0.0,0.0,0.0,0.0,1.0,6.0,5.0,1.8333333333333333,1.3888888888888886,1.0,9.7075,16.05,6.342500000000001,10.764583333333333,1.7618055555555554,9.7075,0.0,1.97,1.97,1.6416666666666666,0.5472222222222222,1.97,0.0,0.0,0.0,0.0,0.0,0.0,15.0,229.0,214.0,50.666666666666664,59.444444444444436,15.0
mp-13868,PdF4,Pd,Orthorhombic,Fdd2,0.0,0.0,10,True,9.0,46.0,37.0,16.4,11.84,9.0,62.0,93.0,31.0,86.8,9.920000000000002,93.0,18.9984032,106.42,87.4215968,36.48272256,27.974910976,18.9984032,53.5,1828.05,1774.55,408.40999999999997,567.856,53.5,10.0,17.0,7.0,15.6,2.24,17.0,2.0,5.0,3.0,2.6,0.9600000000000002,2.0,57.0,139.0,82.0,73.4,26.240000000000002,57.0,2.2,3.98,1.7799999999999998,3.624,0.5695999999999999,3.98,0.0,2.0,2.0,1.6,0.6399999999999999,2.0,0.0,5.0,5.0,4.0,1.6,5.0,0.0,10.0,10.0,2.0,3.2,0.0,0.0,0.0,0.0,0.0,0.0,0.0,7.0,10.0,3.0,7.6,0.9599999999999997,7.0,0.0,0.0,0.0,0.0,0.0,0.0,0.0,1.0,1.0,0.8,0.31999999999999995,1.0,0.0,0.0,0.0,0.0,0.0,0.0,0.0,0.0,0.0,0.0,0.0,0.0,0.0,1.0,1.0,0.8,0.31999999999999995,1.0,9.7075,14.41,4.702500000000001,10.648,1.5048000000000001,9.7075,0.0,1.97,1.97,1.576,0.6304,1.97,0.0,0.0,0.0,0.0,0.0,0.0,15.0,225.0,210.0,57.0,67.2,15.0
mp-1387939,CrF4,Cr,Monoclinic,Cm,3.1e-06,3.1e-07,10,False,9.0,24.0,15.0,12.0,4.8,9.0,49.0,93.0,44.0,84.2,14.079999999999998,93.0,18.9984032,51.9961,32.9976968,25.59794256,10.559262976000001,18.9984032,53.5,2180.0,2126.5,478.8,680.48,53.5,6.0,17.0,11.0,14.8,3.5199999999999996,17.0,2.0,4.0,2.0,2.4,0.6399999999999999,2.0,57.0,139.0,82.0,73.4,26.240000000000002,57.0,1.66,3.98,2.3200000000000003,3.5159999999999996,0.7424000000000003,3.98,1.0,2.0,1.0,1.8,0.31999999999999995,2.0,0.0,5.0,5.0,4.0,1.6,5.0,0.0,5.0,5.0,1.0,1.6,0.0,0.0,0.0,0.0,0.0,0.0,0.0,6.0,7.0,1.0,6.8,0.3200000000000001,7.0,0.0,1.0,1.0,0.2,0.32,0.0,0.0,1.0,1.0,0.8,0.31999999999999995,1.0,0.0,5.0,5.0,1.0,1.6,0.0,0.0,0.0,0.0,0.0,0.0,0.0,1.0,6.0,5.0,2.0,1.6,1.0,9.7075,11.19,1.4825,10.004,0.4744,9.7075,0.0,1.97,1.97,1.576,0.6304,1.97,0.0,0.0,0.0,0.0,0.0,0.0,15.0,229.0,214.0,57.8,68.47999999999999,15.0
mp-1388402,VF4,V,Orthorhombic,Ima2,2.0010968,0.20010968,10,False,9.0,23.0,14.0,11.8,4.48,9.0,46.0,93.0,47.0,83.6,15.040000000000003,93.0,18.9984032,50.9415,31.9430968,25.38702256,10.221790976,18.9984032,53.5,2183.0,2129.5,479.4,681.4399999999999,53.5,5.0,17.0,12.0,14.6,3.8400000000000007,17.0,2.0,4.0,2.0,2.4,0.6399999999999999,2.0,57.0,153.0,96.0,76.2,30.720000000000006,57.0,1.63,3.98,2.35,3.5100000000000002,0.7519999999999999,3.98,2.0,2.0,0.0,2.0,0.0,2.0,0.0,5.0,5.0,4.0,1.6,5.0,0.0,3.0,3.0,0.6,0.96,0.0,0.0,0.0,0.0,0.0,0.0,0.0,5.0,7.0,2.0,6.6,0.6400000000000002,7.0,0.0,0.0,0.0,0.0,0.0,0.0,0.0,1.0,1.0,0.8,0.31999999999999995,1.0,0.0,7.0,7.0,1.4,2.2399999999999998,0.0,0.0,0.0,0.0,0.0,0.0,0.0,1.0,7.0,6.0,2.2,1.9200000000000004,1.0,9.7075,13.01,3.3025,10.367999999999999,1.0567999999999995,9.7075,0.0,1.97,1.97,1.576,0.6304,1.97,0.0,0.0,0.0,0.0,0.0,0.0,15.0,229.0,214.0,57.8,68.47999999999999,15.0
mp-1388415,CrF5,Cr,Monoclinic,C2/c,2.0002797,0.166689975,12,False,9.0,24.0,15.0,11.5,4.166666666666667,9.0,49.0,93.0,44.0,85.66666666666667,12.22222222222222,93.0,18.9984032,51.9961,32.9976968,24.498019333333332,9.166026888888888,18.9984032,53.5,2180.0,2126.5,407.9166666666667,590.6944444444445,53.5,6.0,17.0,11.0,15.166666666666666,3.055555555555556,17.0,2.0,4.0,2.0,2.3333333333333335,0.5555555555555557,2.0,57.0,139.0,82.0,70.66666666666667,22.777777777777782,57.0,1.66,3.98,2.3200000000000003,3.5933333333333333,0.6444444444444445,3.98,1.0,2.0,1.0,1.8333333333333333,0.27777777777777785,2.0,0.0,5.0,5.0,4.166666666666667,1.3888888888888886,5.0,0.0,5.0,5.0,0.8333333333333334,1.388888888888889,0.0,0.0,0.0,0.0,0.0,0.0,0.0,6.0,7.0,1.0,6.833333333333333,0.27777777777777796,7.0,0.0,1.0,1.0,0.16666666666666666,0.27777777777777773,0.0,0.0,1.0,1.0,0.8333333333333334,0.27777777777777773,1.0,0.0,5.0,5.0,0.8333333333333334,1.388888888888889,0.0,0.0,0.0,0.0,0.0,0.0,0.0,1.0,6.0,5.0,1.8333333333333333,1.3888888888888886,1.0,9.7075,11.19,1.4825,9.954583333333332,0.4118055555555549,9.7075,0.0,1.97,1.97,1.6416666666666666,0.5472222222222222,1.97,0.0,0.0,0.0,0.0,0.0,0.0,15.0,229.0,214.0,50.666666666666664,59.444444444444436,15.0
mp-1390563,WF5,W,Orthorhombic,Immm,1.0000362,0.1666727,6,False,9.0,74.0,65.0,19.833333333333332,18.055555555555554,9.0,51.0,93.0,42.0,86.0,11.666666666666666,93.0,18.9984032,183.84,164.8415968,46.47200266666667,45.78933244444445,18.9984032,53.5,3695.0,3641.5,660.4166666666666,1011.5277777777777,53.5,6.0,17.0,11.0,15.166666666666666,3.055555555555556,17.0,2.0,6.0,4.0,2.6666666666666665,1.111111111111111,2.0,57.0,162.0,105.0,74.5,29.166666666666668,57.0,2.36,3.98,1.62,3.7099999999999995,0.45000000000000034,3.98,2.0,2.0,0.0,2.0,0.0,2.0,0.0,5.0,5.0,4.166666666666667,1.3888888888888886,5.0,0.0,4.0,4.0,0.6666666666666666,1.111111111111111,0.0,0.0,14.0,14.0,2.3333333333333335,3.8888888888888893,0.0,7.0,20.0,13.0,9.166666666666666,3.6111111111111107,7.0,0.0,0.0,0.0,0.0,0.0,0.0,0.0,1.0,1.0,0.8333333333333334,0.27777777777777773,1.0,0.0,6.0,6.0,1.0,1.6666666666666667,0.0,0.0,0.0,0.0,0.0,0.0,0.0,1.0,6.0,5.0,1.8333333333333333,1.3888888888888886,1.0,9.7075,16.05,6.342500000000001,10.764583333333333,1.7618055555555554,9.7075,0.0,1.97,1.97,1.6416666666666666,0.5472222222222222,1.97,0.0,0.0,0.0,0.0,0.0,0.0,15.0,229.0,214.0,50.666666666666664,59.444444444444436,15.0
mp-1391,Ag2F,Ag,Trigonal,P-3m1,0.0,0.0,3,True,9.0,47.0,38.0,34.333333333333336,16.88888888888889,47.0,65.0,93.0,28.0,74.33333333333333,12.444444444444443,65.0,18.9984032,107.8682,88.8697968,78.24493439999999,39.49768746666667,107.8682,53.5,1234.93,1181.43,841.12,525.08,1234.93,11.0,17.0,6.0,13.0,2.6666666666666665,11.0,2.0,5.0,3.0,4.0,1.3333333333333333,5.0,57.0,145.0,88.0,115.66666666666667,39.11111111111111,145.0,1.93,3.98,2.05,2.6133333333333333,0.9111111111111111,1.93,1.0,2.0,1.0,1.3333333333333333,0.4444444444444444,1.0,0.0,5.0,5.0,1.6666666666666667,2.222222222222222,0.0,0.0,10.0,10.0,6.666666666666667,4.444444444444444,10.0,0.0,0.0,0.0,0.0,0.0,0.0,7.0,11.0,4.0,9.666666666666666,1.777777777777778,11.0,0.0,1.0,1.0,0.6666666666666666,0.4444444444444445,1.0,0.0,1.0,1.0,0.3333333333333333,0.4444444444444445,0.0,0.0,0.0,0.0,0.0,0.0,0.0,0.0,0.0,0.0,0.0,0.0,0.0,1.0,1.0,0.0,1.0,0.0,1.0,9.7075,16.33,6.622499999999999,14.122499999999997,2.9433333333333334,16.33,0.0,1.97,1.97,0.6566666666666666,0.8755555555555556,0.0,0.0,0.0,0.0,0.0,0.0,0.0,15.0,225.0,210.0,155.0,93.33333333333333,225.0
mp-1391848,CrF6,Cr,Trigonal,R-3,0.0,0.0,7,True,9.0,24.0,15.0,11.142857142857142,3.6734693877551017,9.0,49.0,93.0,44.0,86.71428571428571,10.775510204081638,93.0,18.9984032,51.9961,32.9976968,23.71235988571428,8.081068604081631,18.9984032,53.5,2180.0,2126.5,357.2857142857143,520.7755102040817,53.5,6.0,17.0,11.0,15.428571428571429,2.6938775510204076,17.0,2.0,4.0,2.0,2.2857142857142856,0.48979591836734687,2.0,57.0,139.0,82.0,68.71428571428571,20.081632653061224,57.0,1.66,3.98,2.3200000000000003,3.6485714285714286,0.5681632653061224,3.98,1.0,2.0,1.0,1.8571428571428572,0.24489795918367344,2.0,0.0,5.0,5.0,4.285714285714286,1.2244897959183676,5.0,0.0,5.0,5.0,0.7142857142857143,1.2244897959183674,0.0,0.0,0.0,0.0,0.0,0.0,0.0,6.0,7.0,1.0,6.857142857142857,0.24489795918367374,7.0,0.0,1.0,1.0,0.14285714285714285,0.2448979591836735,0.0,0.0,1.0,1.0,0.8571428571428571,0.2448979591836735,1.0,0.0,5.0,5.0,0.7142857142857143,1.2244897959183674,0.0,0.0,0.0,0.0,0.0,0.0,0.0,1.0,6.0,5.0,1.7142857142857142,1.2244897959183672,1.0,9.7075,11.19,1.4825,9.919285714285715,0.363061224489797,9.7075,0.0,1.97,1.97,1.6885714285714286,0.4824489795918367,1.97,0.0,0.0,0.0,0.0,0.0,0.0,15.0,229.0,214.0,45.57142857142857,52.40816326530613,15.0
mp-1393434,TaF5,Ta,Triclinic,P-1,5e-07,4.166666666666666e-08,12,False,9.0,73.0,64.0,19.666666666666668,17.77777777777778,9.0,48.0,93.0,45.0,85.5,12.5,93.0,18.9984032,180.94788,161.9494768,45.98998266666666,44.98596577777778,18.9984032,53.5,3290.0,3236.5,592.9166666666666,899.0277777777777,53.5,5.0,17.0,12.0,15.0,3.3333333333333335,17.0,2.0,6.0,4.0,2.6666666666666665,1.111111111111111,2.0,57.0,170.0,113.0,75.83333333333333,31.388888888888886,57.0,1.5,3.98,2.48,3.5666666666666664,0.6888888888888891,3.98,2.0,2.0,0.0,2.0,0.0,2.0,0.0,5.0,5.0,4.166666666666667,1.3888888888888886,5.0,0.0,3.0,3.0,0.5,0.8333333333333334,0.0,0.0,14.0,14.0,2.3333333333333335,3.8888888888888893,0.0,7.0,19.0,12.0,9.0,3.3333333333333335,7.0,0.0,0.0,0.0,0.0,0.0,0.0,0.0,1.0,1.0,0.8333333333333334,0.27777777777777773,1.0,0.0,7.0,7.0,1.1666666666666667,1.9444444444444446,0.0,0.0,0.0,0.0,0.0,0.0,0.0,1.0,7.0,6.0,2.0,1.6666666666666667,1.0,9.7075,18.12,8.412500000000001,11.109583333333333,2.336805555555556,9.7075,0.0,1.97,1.97,1.6416666666666666,0.5472222222222222,1.97,0.0,0.0,0.0,0.0,0.0,0.0,15.0,229.0,214.0,50.666666666666664,59.444444444444436,15.0
mp-1395134,MoF4,Mo,Triclinic,P1,0.0,0.0,10,False,9.0,42.0,33.0,15.6,10.559999999999999,9.0,50.0,93.0,43.0,84.4,13.759999999999996,93.0,18.9984032,95.96,76.9615968,34.39072255999999,24.627710975999996,18.9984032,53.5,2896.0,2842.5,622.0,909.6,53.5,6.0,17.0,11.0,14.8,3.5199999999999996,17.0,2.0,5.0,3.0,2.6,0.9600000000000002,2.0,57.0,154.0,97.0,76.4,31.040000000000003,57.0,2.16,3.98,1.8199999999999998,3.6159999999999997,0.5824000000000001,3.98,1.0,2.0,1.0,1.8,0.31999999999999995,2.0,0.0,5.0,5.0,4.0,1.6,5.0,0.0,5.0,5.0,1.0,1.6,0.0,0.0,0.0,0.0,0.0,0.0,0.0,6.0,7.0,1.0,6.8,0.3200000000000001,7.0,0.0,1.0,1.0,0.2,0.32,0.0,0.0,1.0,1.0,0.8,0.31999999999999995,1.0,0.0,5.0,5.0,1.0,1.6,0.0,0.0,0.0,0.0,0.0,0.0,0.0,1.0,6.0,5.0,2.0,1.6,1.0,9.7075,15.69,5.9825,10.904,1.9144,9.7075,0.0,1.97,1.97,1.576,0.6304,1.97,0.0,0.0,0.0,0.0,0.0,0.0,15.0,229.0,214.0,57.8,68.47999999999999,15.0
mp-1396678,FeF4,Fe,Tetragonal,I4/mcm,8.0000417,0.80000417,10,False,9.0,26.0,17.0,12.4,5.44,9.0,55.0,93.0,38.0,85.4,12.159999999999997,93.0,18.9984032,55.845,36.8465968,26.367722559999997,11.790910976,18.9984032,53.5,1811.0,1757.5,405.0,562.4,53.5,8.0,17.0,9.0,15.2,2.8800000000000003,17.0,2.0,4.0,2.0,2.4,0.6399999999999999,2.0,57.0,132.0,75.0,72.0,24.0,57.0,1.83,3.98,2.15,3.55,0.6880000000000001,3.98,2.0,2.0,0.0,2.0,0.0,2.0,0.0,5.0,5.0,4.0,1.6,5.0,0.0,6.0,6.0,1.2,1.92,0.0,0.0,0.0,0.0,0.0,0.0,0.0,7.0,8.0,1.0,7.2,0.3200000000000001,7.0,0.0,0.0,0.0,0.0,0.0,0.0,0.0,1.0,1.0,0.8,0.31999999999999995,1.0,0.0,4.0,4.0,0.8,1.28,0.0,0.0,0.0,0.0,0.0,0.0,0.0,1.0,4.0,3.0,1.6,0.9600000000000002,1.0,9.7075,10.73,1.0225000000000009,9.912,0.32720000000000093,9.7075,0.0,1.97,1.97,1.576,0.6304,1.97,0.0,2.1106628,2.1106628,0.42213256,0.675412096,0.0,15.0,229.0,214.0,57.8,68.47999999999999,15.0
mp-1397055,CoF4,Co,Tetragonal,I4/mcm,5.9999999,0.5999999899999999,10,False,9.0,27.0,18.0,12.6,5.76,9.0,58.0,93.0,35.0,86.0,11.2,93.0,18.9984032,58.933195,39.9347918,26.98536156,12.779133376,18.9984032,53.5,1768.0,1714.5,396.4,548.64,53.5,9.0,17.0,8.0,15.4,2.5599999999999996,17.0,2.0,4.0,2.0,2.4,0.6399999999999999,2.0,57.0,126.0,69.0,70.8,22.08,57.0,1.88,3.98,2.1,3.56,0.6719999999999999,3.98,2.0,2.0,0.0,2.0,0.0,2.0,0.0,5.0,5.0,4.0,1.6,5.0,0.0,7.0,7.0,1.4,2.2399999999999998,0.0,0.0,0.0,0.0,0.0,0.0,0.0,7.0,9.0,2.0,7.4,0.6400000000000002,7.0,0.0,0.0,0.0,0.0,0.0,0.0,0.0,1.0,1.0,0.8,0.31999999999999995,1.0,0.0,3.0,3.0,0.6,0.96,0.0,0.0,0.0,0.0,0.0,0.0,0.0,1.0,3.0,2.0,1.4,0.6399999999999999,1.0,9.7075,10.245,0.5374999999999996,9.815,0.17199999999999988,9.7075,0.0,1.97,1.97,1.576,0.6304,1.97,0.0,1.5484712,1.5484712,0.30969424,0.49551078400000004,0.0,15.0,194.0,179.0,50.8,57.279999999999994,15.0
mp-1397070,CrF5,Cr,Orthorhombic,Immm,2.9019141,0.48365235,6,False,9.0,24.0,15.0,11.5,4.166666666666667,9.0,49.0,93.0,44.0,85.66666666666667,12.22222222222222,93.0,18.9984032,51.9961,32.9976968,24.498019333333332,9.166026888888888,18.9984032,53.5,2180.0,2126.5,407.9166666666667,590.6944444444445,53.5,6.0,17.0,11.0,15.166666666666666,3.055555555555556,17.0,2.0,4.0,2.0,2.3333333333333335,0.5555555555555557,2.0,57.0,139.0,82.0,70.66666666666667,22.777777777777782,57.0,1.66,3.98,2.3200000000000003,3.5933333333333333,0.6444444444444445,3.98,1.0,2.0,1.0,1.8333333333333333,0.27777777777777785,2.0,0.0,5.0,5.0,4.166666666666667,1.3888888888888886,5.0,0.0,5.0,5.0,0.8333333333333334,1.388888888888889,0.0,0.0,0.0,0.0,0.0,0.0,0.0,6.0,7.0,1.0,6.833333333333333,0.27777777777777796,7.0,0.0,1.0,1.0,0.16666666666666666,0.27777777777777773,0.0,0.0,1.0,1.0,0.8333333333333334,0.27777777777777773,1.0,0.0,5.0,5.0,0.8333333333333334,1.388888888888889,0.0,0.0,0.0,0.0,0.0,0.0,0.0,1.0,6.0,5.0,1.8333333333333333,1.3888888888888886,1.0,9.7075,11.19,1.4825,9.954583333333332,0.4118055555555549,9.7075,0.0,1.97,1.97,1.6416666666666666,0.5472222222222222,1.97,0.0,0.0,0.0,0.0,0.0,0.0,15.0,229.0,214.0,50.666666666666664,59.444444444444436,15.0
mp-1400588,TaF5,Ta,Orthorhombic,Immm,6.67e-05,1.1116666666666666e-05,6,False,9.0,73.0,64.0,19.666666666666668,17.77777777777778,9.0,48.0,93.0,45.0,85.5,12.5,93.0,18.9984032,180.94788,161.9494768,45.98998266666666,44.98596577777778,18.9984032,53.5,3290.0,3236.5,592.9166666666666,899.0277777777777,53.5,5.0,17.0,12.0,15.0,3.3333333333333335,17.0,2.0,6.0,4.0,2.6666666666666665,1.111111111111111,2.0,57.0,170.0,113.0,75.83333333333333,31.388888888888886,57.0,1.5,3.98,2.48,3.5666666666666664,0.6888888888888891,3.98,2.0,2.0,0.0,2.0,0.0,2.0,0.0,5.0,5.0,4.166666666666667,1.3888888888888886,5.0,0.0,3.0,3.0,0.5,0.8333333333333334,0.0,0.0,14.0,14.0,2.3333333333333335,3.8888888888888893,0.0,7.0,19.0,12.0,9.0,3.3333333333333335,7.0,0.0,0.0,0.0,0.0,0.0,0.0,0.0,1.0,1.0,0.8333333333333334,0.27777777777777773,1.0,0.0,7.0,7.0,1.1666666666666667,1.9444444444444446,0.0,0.0,0.0,0.0,0.0,0.0,0.0,1.0,7.0,6.0,2.0,1.6666666666666667,1.0,9.7075,18.12,8.412500000000001,11.109583333333333,2.336805555555556,9.7075,0.0,1.97,1.97,1.6416666666666666,0.5472222222222222,1.97,0.0,0.0,0.0,0.0,0.0,0.0,15.0,229.0,214.0,50.666666666666664,59.444444444444436,15.0
mp-1402840,WF4,W,Triclinic,P1,3.9999941,0.39999941,10,True,9.0,74.0,65.0,22.0,20.8,9.0,51.0,93.0,42.0,84.6,13.440000000000003,93.0,18.9984032,183.84,164.8415968,51.966722559999994,52.74931097599999,18.9984032,53.5,3695.0,3641.5,781.8,1165.28,53.5,6.0,17.0,11.0,14.8,3.5199999999999996,17.0,2.0,6.0,4.0,2.8,1.2799999999999998,2.0,57.0,162.0,105.0,78.0,33.6,57.0,2.36,3.98,1.62,3.656,0.5184,3.98,2.0,2.0,0.0,2.0,0.0,2.0,0.0,5.0,5.0,4.0,1.6,5.0,0.0,4.0,4.0,0.8,1.28,0.0,0.0,14.0,14.0,2.8,4.4799999999999995,0.0,7.0,20.0,13.0,9.6,4.159999999999999,7.0,0.0,0.0,0.0,0.0,0.0,0.0,0.0,1.0,1.0,0.8,0.31999999999999995,1.0,0.0,6.0,6.0,1.2,1.92,0.0,0.0,0.0,0.0,0.0,0.0,0.0,1.0,6.0,5.0,2.0,1.6,1.0,9.7075,16.05,6.342500000000001,10.975999999999999,2.0296,9.7075,0.0,1.97,1.97,1.576,0.6304,1.97,0.0,0.0,0.0,0.0,0.0,0.0,15.0,229.0,214.0,57.8,68.47999999999999,15.0
mp-1406123,NiF4,Ni,Tetragonal,I4/mcm,3.9998441,0.3999844099999999,10,False,9.0,28.0,19.0,12.8,6.08,9.0,61.0,93.0,32.0,86.6,10.240000000000004,93.0,18.9984032,58.6934,39.6949968,26.93740256,12.702398976000001,18.9984032,53.5,1728.0,1674.5,388.4,535.8399999999999,53.5,10.0,17.0,7.0,15.6,2.24,17.0,2.0,4.0,2.0,2.4,0.6399999999999999,2.0,57.0,124.0,67.0,70.4,21.440000000000005,57.0,1.91,3.98,2.0700000000000003,3.566,0.6624000000000001,3.98,2.0,2.0,0.0,2.0,0.0,2.0,0.0,5.0,5.0,4.0,1.6,5.0,0.0,8.0,8.0,1.6,2.56,0.0,0.0,0.0,0.0,0.0,0.0,0.0,7.0,10.0,3.0,7.6,0.9599999999999997,7.0,0.0,0.0,0.0,0.0,0.0,0.0,0.0,1.0,1.0,0.8,0.31999999999999995,1.0,0.0,2.0,2.0,0.4,0.64,0.0,0.0,0.0,0.0,0.0,0.0,0.0,1.0,2.0,1.0,1.2,0.31999999999999995,1.0,9.7075,10.32,0.6125000000000007,9.83,0.19600000000000045,9.7075,0.0,1.97,1.97,1.576,0.6304,1.97,0.0,0.5953947,0.5953947,0.11907894000000001,0.190526304,0.0,15.0,225.0,210.0,57.0,67.2,15.0
mp-1406655,MoF5,Mo,Monoclinic,C2/c,2.0000001,0.166666675,12,False,9.0,42.0,33.0,14.5,9.166666666666666,9.0,50.0,93.0,43.0,85.83333333333333,11.944444444444448,93.0,18.9984032,95.96,76.9615968,31.825335999999997,21.37822133333333,18.9984032,53.5,2896.0,2842.5,527.25,789.5833333333334,53.5,6.0,17.0,11.0,15.166666666666666,3.055555555555556,17.0,2.0,5.0,3.0,2.5,0.8333333333333334,2.0,57.0,154.0,97.0,73.16666666666667,26.944444444444446,57.0,2.16,3.98,1.8199999999999998,3.6766666666666663,0.5055555555555558,3.98,1.0,2.0,1.0,1.8333333333333333,0.27777777777777785,2.0,0.0,5.0,5.0,4.166666666666667,1.3888888888888886,5.0,0.0,5.0,5.0,0.8333333333333334,1.388888888888889,0.0,0.0,0.0,0.0,0.0,0.0,0.0,6.0,7.0,1.0,6.833333333333333,0.27777777777777796,7.0,0.0,1.0,1.0,0.16666666666666666,0.27777777777777773,0.0,0.0,1.0,1.0,0.8333333333333334,0.27777777777777773,1.0,0.0,5.0,5.0,0.8333333333333334,1.388888888888889,0.0,0.0,0.0,0.0,0.0,0.0,0.0,1.0,6.0,5.0,1.8333333333333333,1.3888888888888886,1.0,9.7075,15.69,5.9825,10.704583333333332,1.6618055555555549,9.7075,0.0,1.97,1.97,1.6416666666666666,0.5472222222222222,1.97,0.0,0.0,0.0,0.0,0.0,0.0,15.0,229.0,214.0,50.666666666666664,59.444444444444436,15.0
mp-14112,PdF3,Pd,Trigonal,P321,1.0000497,0.083337475,12,False,9.0,46.0,37.0,18.25,13.875,9.0,62.0,93.0,31.0,85.25,11.625,93.0,18.9984032,106.42,87.4215968,40.8538024,32.783098800000005,18.9984032,53.5,1828.05,1774.55,497.1375,665.45625,53.5,10.0,17.0,7.0,15.25,2.625,17.0,2.0,5.0,3.0,2.75,1.125,2.0,57.0,139.0,82.0,77.5,30.75,57.0,2.2,3.98,1.7799999999999998,3.535,0.6674999999999999,3.98,0.0,2.0,2.0,1.5,0.75,2.0,0.0,5.0,5.0,3.75,1.875,5.0,0.0,10.0,10.0,2.5,3.75,0.0,0.0,0.0,0.0,0.0,0.0,0.0,7.0,10.0,3.0,7.75,1.125,7.0,0.0,0.0,0.0,0.0,0.0,0.0,0.0,1.0,1.0,0.75,0.375,1.0,0.0,0.0,0.0,0.0,0.0,0.0,0.0,0.0,0.0,0.0,0.0,0.0,0.0,1.0,1.0,0.75,0.375,1.0,9.7075,14.41,4.702500000000001,10.883125,1.7634375000000002,9.7075,0.0,1.97,1.97,1.4775,0.73875,1.97,0.0,0.0,0.0,0.0,0.0,0.0,15.0,225.0,210.0,67.5,78.75,15.0
mp-1416,NbF4,Nb,Tetragonal,I4/mmm,0.9899506,0.19799012,5,False,9.0,41.0,32.0,15.4,10.24,9.0,47.0,93.0,46.0,83.8,14.720000000000002,93.0,18.9984032,92.90638,73.9079768,33.77999856,23.650552576000003,18.9984032,53.5,2750.0,2696.5,592.8,862.8799999999999,53.5,5.0,17.0,12.0,14.6,3.8400000000000007,17.0,2.0,5.0,3.0,2.6,0.9600000000000002,2.0,57.0,164.0,107.0,78.4,34.24,57.0,1.6,3.98,2.38,3.504,0.7615999999999999,3.98,1.0,2.0,1.0,1.8,0.31999999999999995,2.0,0.0,5.0,5.0,4.0,1.6,5.0,0.0,4.0,4.0,0.8,1.28,0.0,0.0,0.0,0.0,0.0,0.0,0.0,5.0,7.0,2.0,6.6,0.6400000000000002,7.0,0.0,1.0,1.0,0.2,0.32,0.0,0.0,1.0,1.0,0.8,0.31999999999999995,1.0,0.0,6.0,6.0,1.2,1.92,0.0,0.0,0.0,0.0,0.0,0.0,0.0,1.0,7.0,6.0,2.2,1.9200000000000004,1.0,9.7075,18.18,8.4725,11.402,2.7112,9.7075,0.0,1.97,1.97,1.576,0.6304,1.97,0.0,0.0,0.0,0.0,0.0,0.0,15.0,229.0,214.0,57.8,68.47999999999999,15.0
mp-1420266,VCl5,V,Triclinic,P-1,1e-06,8.333333333333334e-08,12,False,17.0,23.0,6.0,18.0,1.6666666666666667,17.0,46.0,94.0,48.0,86.0,13.333333333333334,94.0,35.453,50.9415,15.488499999999995,38.034416666666665,4.302361111111107,35.453,171.6,2183.0,2011.4,506.8333333333333,558.7222222222223,171.6,5.0,17.0,12.0,15.0,3.3333333333333335,17.0,3.0,4.0,1.0,3.1666666666666665,0.2777777777777777,3.0,102.0,153.0,51.0,110.5,14.166666666666666,102.0,1.63,3.16,1.5300000000000002,2.905,0.42500000000000027,3.16,2.0,2.0,0.0,2.0,0.0,2.0,0.0,5.0,5.0,4.166666666666667,1.3888888888888886,5.0,0.0,3.0,3.0,0.5,0.8333333333333334,0.0,0.0,0.0,0.0,0.0,0.0,0.0,5.0,7.0,2.0,6.666666666666667,0.5555555555555554,7.0,0.0,0.0,0.0,0.0,0.0,0.0,0.0,1.0,1.0,0.8333333333333334,0.27777777777777773,1.0,0.0,7.0,7.0,1.1666666666666667,1.9444444444444446,0.0,0.0,0.0,0.0,0.0,0.0,0.0,1.0,7.0,6.0,2.0,1.6666666666666667,1.0,13.01,24.4975,11.487499999999999,22.582916666666666,3.1909722222222214,24.4975,0.0,2.493,2.493,2.0775,0.6924999999999999,2.493,0.0,0.0,0.0,0.0,0.0,0.0,64.0,229.0,165.0,91.5,45.833333333333336,64.0
mp-1427168,MoCl5,Mo,Triclinic,P-1,2.0027272,0.1668939333333333,12,False,17.0,42.0,25.0,21.166666666666668,6.9444444444444455,17.0,50.0,94.0,44.0,86.66666666666667,12.22222222222222,94.0,35.453,95.96,60.50699999999999,45.5375,16.807499999999997,35.453,171.6,2896.0,2724.4,625.6666666666666,756.7777777777777,171.6,6.0,17.0,11.0,15.166666666666666,3.055555555555556,17.0,3.0,5.0,2.0,3.3333333333333335,0.5555555555555557,3.0,102.0,154.0,52.0,110.66666666666667,14.444444444444448,102.0,2.16,3.16,1.0,2.9933333333333336,0.2777777777777777,3.16,1.0,2.0,1.0,1.8333333333333333,0.27777777777777785,2.0,0.0,5.0,5.0,4.166666666666667,1.3888888888888886,5.0,0.0,5.0,5.0,0.8333333333333334,1.388888888888889,0.0,0.0,0.0,0.0,0.0,0.0,0.0,6.0,7.0,1.0,6.833333333333333,0.27777777777777796,7.0,0.0,1.0,1.0,0.16666666666666666,0.27777777777777773,0.0,0.0,1.0,1.0,0.8333333333333334,0.27777777777777773,1.0,0.0,5.0,5.0,0.8333333333333334,1.388888888888889,0.0,0.0,0.0,0.0,0.0,0.0,0.0,1.0,6.0,5.0,1.8333333333333333,1.3888888888888886,1.0,15.69,24.4975,8.8075,23.029583333333335,2.4465277777777756,24.4975,0.0,2.493,2.493,2.0775,0.6924999999999999,2.493,0.0,0.0,0.0,0.0,0.0,0.0,64.0,229.0,165.0,91.5,45.833333333333336,64.0
mp-1436789,WBr5,W,Triclinic,P-1,0.0037788,0.0003149,12,False,35.0,74.0,39.0,41.5,10.833333333333334,35.0,51.0,95.0,44.0,87.66666666666667,12.22222222222222,95.0,79.904,183.84,103.936,97.22666666666667,28.87111111111112,79.904,265.8,3695.0,3429.2,837.3333333333334,952.5555555555555,265.8,6.0,17.0,11.0,15.166666666666666,3.055555555555556,17.0,4.0,6.0,2.0,4.333333333333333,0.5555555555555554,4.0,120.0,162.0,42.0,127.0,11.666666666666666,120.0,2.36,2.96,0.6000000000000001,2.86,0.16666666666666674,2.96,2.0,2.0,0.0,2.0,0.0,2.0,0.0,5.0,5.0,4.166666666666667,1.3888888888888886,5.0,4.0,10.0,6.0,9.0,1.6666666666666667,10.0,0.0,14.0,14.0,2.3333333333333335,3.8888888888888893,0.0,17.0,20.0,3.0,17.5,0.8333333333333334,17.0,0.0,0.0,0.0,0.0,0.0,0.0,0.0,1.0,1.0,0.8333333333333334,0.27777777777777773,1.0,0.0,6.0,6.0,1.0,1.6666666666666667,0.0,0.0,0.0,0.0,0.0,0.0,0.0,1.0,6.0,5.0,1.8333333333333333,1.3888888888888886,1.0,16.05,29.48,13.43,27.24166666666667,3.730555555555553,29.48,0.0,1.457,1.457,1.2141666666666666,0.40472222222222226,1.457,0.0,0.0,0.0,0.0,0.0,0.0,64.0,229.0,165.0,91.5,45.833333333333336,64.0
mp-1443442,VF5,V,Monoclinic,C2/c,0.0007287,6.0725e-05,12,False,9.0,23.0,14.0,11.333333333333334,3.8888888888888893,9.0,46.0,93.0,47.0,85.16666666666667,13.055555555555552,93.0,18.9984032,50.9415,31.9430968,24.322252666666667,8.873082444444446,18.9984032,53.5,2183.0,2129.5,408.4166666666667,591.5277777777778,53.5,5.0,17.0,12.0,15.0,3.3333333333333335,17.0,2.0,4.0,2.0,2.3333333333333335,0.5555555555555557,2.0,57.0,153.0,96.0,73.0,26.666666666666668,57.0,1.63,3.98,2.35,3.588333333333333,0.652777777777778,3.98,2.0,2.0,0.0,2.0,0.0,2.0,0.0,5.0,5.0,4.166666666666667,1.3888888888888886,5.0,0.0,3.0,3.0,0.5,0.8333333333333334,0.0,0.0,0.0,0.0,0.0,0.0,0.0,5.0,7.0,2.0,6.666666666666667,0.5555555555555554,7.0,0.0,0.0,0.0,0.0,0.0,0.0,0.0,1.0,1.0,0.8333333333333334,0.27777777777777773,1.0,0.0,7.0,7.0,1.1666666666666667,1.9444444444444446,0.0,0.0,0.0,0.0,0.0,0.0,0.0,1.0,7.0,6.0,2.0,1.6666666666666667,1.0,9.7075,13.01,3.3025,10.257916666666665,0.9173611111111102,9.7075,0.0,1.97,1.97,1.6416666666666666,0.5472222222222222,1.97,0.0,0.0,0.0,0.0,0.0,0.0,15.0,229.0,214.0,50.666666666666664,59.444444444444436,15.0
mp-1445885,MoF5,Mo,Orthorhombic,Immm,1.0000606,0.1666767666666666,6,False,9.0,42.0,33.0,14.5,9.166666666666666,9.0,50.0,93.0,43.0,85.83333333333333,11.944444444444448,93.0,18.9984032,95.96,76.9615968,31.825335999999997,21.37822133333333,18.9984032,53.5,2896.0,2842.5,527.25,789.5833333333334,53.5,6.0,17.0,11.0,15.166666666666666,3.055555555555556,17.0,2.0,5.0,3.0,2.5,0.8333333333333334,2.0,57.0,154.0,97.0,73.16666666666667,26.944444444444446,57.0,2.16,3.98,1.8199999999999998,3.6766666666666663,0.5055555555555558,3.98,1.0,2.0,1.0,1.8333333333333333,0.27777777777777785,2.0,0.0,5.0,5.0,4.166666666666667,1.3888888888888886,5.0,0.0,5.0,5.0,0.8333333333333334,1.388888888888889,0.0,0.0,0.0,0.0,0.0,0.0,0.0,6.0,7.0,1.0,6.833333333333333,0.27777777777777796,7.0,0.0,1.0,1.0,0.16666666666666666,0.27777777777777773,0.0,0.0,1.0,1.0,0.8333333333333334,0.27777777777777773,1.0,0.0,5.0,5.0,0.8333333333333334,1.388888888888889,0.0,0.0,0.0,0.0,0.0,0.0,0.0,1.0,6.0,5.0,1.8333333333333333,1.3888888888888886,1.0,9.7075,15.69,5.9825,10.704583333333332,1.6618055555555549,9.7075,0.0,1.97,1.97,1.6416666666666666,0.5472222222222222,1.97,0.0,0.0,0.0,0.0,0.0,0.0,15.0,229.0,214.0,50.666666666666664,59.444444444444436,15.0
mp-1524446,PdF3,Pd,Trigonal,R-3,2.0000699,0.2500087375,8,True,9.0,46.0,37.0,18.25,13.875,9.0,62.0,93.0,31.0,85.25,11.625,93.0,18.9984032,106.42,87.4215968,40.8538024,32.783098800000005,18.9984032,53.5,1828.05,1774.55,497.1375,665.45625,53.5,10.0,17.0,7.0,15.25,2.625,17.0,2.0,5.0,3.0,2.75,1.125,2.0,57.0,139.0,82.0,77.5,30.75,57.0,2.2,3.98,1.7799999999999998,3.535,0.6674999999999999,3.98,0.0,2.0,2.0,1.5,0.75,2.0,0.0,5.0,5.0,3.75,1.875,5.0,0.0,10.0,10.0,2.5,3.75,0.0,0.0,0.0,0.0,0.0,0.0,0.0,7.0,10.0,3.0,7.75,1.125,7.0,0.0,0.0,0.0,0.0,0.0,0.0,0.0,1.0,1.0,0.75,0.375,1.0,0.0,0.0,0.0,0.0,0.0,0.0,0.0,0.0,0.0,0.0,0.0,0.0,0.0,1.0,1.0,0.75,0.375,1.0,9.7075,14.41,4.702500000000001,10.883125,1.7634375000000002,9.7075,0.0,1.97,1.97,1.4775,0.73875,1.97,0.0,0.0,0.0,0.0,0.0,0.0,15.0,225.0,210.0,67.5,78.75,15.0
mp-1536202,AgCl,Ag,Orthorhombic,Pmmn,0.0,0.0,4,False,17.0,47.0,30.0,32.0,15.0,17.0,65.0,94.0,29.0,79.5,14.5,65.0,35.453,107.8682,72.4152,71.6606,36.2076,35.453,171.6,1234.93,1063.3300000000002,703.265,531.665,171.6,11.0,17.0,6.0,14.0,3.0,11.0,3.0,5.0,2.0,4.0,1.0,3.0,102.0,145.0,43.0,123.5,21.5,102.0,1.93,3.16,1.2300000000000002,2.545,0.6150000000000001,1.93,1.0,2.0,1.0,1.5,0.5,1.0,0.0,5.0,5.0,2.5,2.5,0.0,0.0,10.0,10.0,5.0,5.0,0.0,0.0,0.0,0.0,0.0,0.0,0.0,7.0,11.0,4.0,9.0,2.0,7.0,0.0,1.0,1.0,0.5,0.5,0.0,0.0,1.0,1.0,0.5,0.5,0.0,0.0,0.0,0.0,0.0,0.0,0.0,0.0,0.0,0.0,0.0,0.0,0.0,1.0,1.0,0.0,1.0,0.0,1.0,16.33,24.4975,8.1675,20.41375,4.08375,16.33,0.0,2.493,2.493,1.2465,1.2465,0.0,0.0,0.0,0.0,0.0,0.0,0.0,64.0,225.0,161.0,144.5,80.5,64.0
mp-1546306,VBr3,V,Orthorhombic,Cmcm,3.9999997,0.4999999625,8,False,23.0,35.0,12.0,32.0,4.5,35.0,46.0,95.0,49.0,82.75,18.375,95.0,50.9415,79.904,28.9625,72.663375,10.860937499999997,79.904,265.8,2183.0,1917.2,745.1,718.95,265.8,5.0,17.0,12.0,14.0,4.5,17.0,4.0,4.0,0.0,4.0,0.0,4.0,120.0,153.0,33.0,128.25,12.375,120.0,1.63,2.96,1.33,2.6274999999999995,0.49875000000000025,2.96,2.0,2.0,0.0,2.0,0.0,2.0,0.0,5.0,5.0,3.75,1.875,5.0,3.0,10.0,7.0,8.25,2.625,10.0,0.0,0.0,0.0,0.0,0.0,0.0,5.0,17.0,12.0,14.0,4.5,17.0,0.0,0.0,0.0,0.0,0.0,0.0,0.0,1.0,1.0,0.75,0.375,1.0,0.0,7.0,7.0,1.75,2.625,0.0,0.0,0.0,0.0,0.0,0.0,0.0,1.0,7.0,6.0,2.5,2.25,1.0,13.01,29.48,16.47,25.3625,6.17625,29.48,0.0,1.457,1.457,1.09275,0.546375,1.457,0.0,0.0,0.0,0.0,0.0,0.0,64.0,229.0,165.0,105.25,61.875,64.0
mp-17407,Au3F8,Au,Monoclinic,P2_1/c,2.0,0.0909090909090909,22,True,9.0,79.0,70.0,28.09090909090909,27.768595041322314,9.0,66.0,93.0,27.0,85.63636363636364,10.71074380165289,93.0,18.9984032,196.966569,177.9681658,67.5351756909091,70.59894180495867,18.9984032,53.5,1337.33,1283.83,403.63545454545454,509.2879338842975,53.5,11.0,17.0,6.0,15.363636363636363,2.3801652892561984,17.0,2.0,6.0,4.0,3.090909090909091,1.586776859504132,2.0,57.0,136.0,79.0,78.54545454545455,31.338842975206614,57.0,2.54,3.98,1.44,3.5872727272727274,0.5712396694214875,3.98,1.0,2.0,1.0,1.7272727272727273,0.396694214876033,2.0,0.0,5.0,5.0,3.6363636363636362,1.9834710743801656,5.0,0.0,10.0,10.0,2.727272727272727,3.966942148760331,0.0,0.0,14.0,14.0,3.8181818181818183,5.553719008264463,0.0,7.0,25.0,18.0,11.909090909090908,7.1404958677685935,7.0,0.0,1.0,1.0,0.2727272727272727,0.396694214876033,0.0,0.0,1.0,1.0,0.7272727272727273,0.396694214876033,1.0,0.0,0.0,0.0,0.0,0.0,0.0,0.0,0.0,0.0,0.0,0.0,0.0,1.0,1.0,0.0,1.0,0.0,1.0,9.7075,16.7,6.9925,11.614545454545453,2.773884297520661,9.7075,0.0,1.97,1.97,1.4327272727272726,0.7814876033057853,1.97,0.0,0.0,0.0,0.0,0.0,0.0,15.0,225.0,210.0,72.27272727272727,83.30578512396694,15.0
mp-1795,NbF3,Nb,Cubic,Pm-3m,2.0028975,0.500724375,4,False,9.0,41.0,32.0,17.0,12.0,9.0,47.0,93.0,46.0,81.5,17.25,93.0,18.9984032,92.90638,73.9079768,37.4753974,27.7154913,18.9984032,53.5,2750.0,2696.5,727.625,1011.1875,53.5,5.0,17.0,12.0,14.0,4.5,17.0,2.0,5.0,3.0,2.75,1.125,2.0,57.0,164.0,107.0,83.75,40.125,57.0,1.6,3.98,2.38,3.385,0.8925000000000001,3.98,1.0,2.0,1.0,1.75,0.375,2.0,0.0,5.0,5.0,3.75,1.875,5.0,0.0,4.0,4.0,1.0,1.5,0.0,0.0,0.0,0.0,0.0,0.0,0.0,5.0,7.0,2.0,6.5,0.75,7.0,0.0,1.0,1.0,0.25,0.375,0.0,0.0,1.0,1.0,0.75,0.375,1.0,0.0,6.0,6.0,1.5,2.25,0.0,0.0,0.0,0.0,0.0,0.0,0.0,1.0,7.0,6.0,2.5,2.25,1.0,9.7075,18.18,8.4725,11.825624999999999,3.1771874999999996,9.7075,0.0,1.97,1.97,1.4775,0.73875,1.97,0.0,0.0,0.0,0.0,0.0,0.0,15.0,229.0,214.0,68.5,80.25,15.0
mp-1830474,TaF5,Ta,Triclinic,P-1,0.0005215,4.345833333333334e-05,12,False,9.0,73.0,64.0,19.666666666666668,17.77777777777778,9.0,48.0,93.0,45.0,85.5,12.5,93.0,18.9984032,180.94788,161.9494768,45.98998266666666,44.98596577777778,18.9984032,53.5,3290.0,3236.5,592.9166666666666,899.0277777777777,53.5,5.0,17.0,12.0,15.0,3.3333333333333335,17.0,2.0,6.0,4.0,2.6666666666666665,1.111111111111111,2.0,57.0,170.0,113.0,75.83333333333333,31.388888888888886,57.0,1.5,3.98,2.48,3.5666666666666664,0.6888888888888891,3.98,2.0,2.0,0.0,2.0,0.0,2.0,0.0,5.0,5.0,4.166666666666667,1.3888888888888886,5.0,0.0,3.0,3.0,0.5,0.8333333333333334,0.0,0.0,14.0,14.0,2.3333333333333335,3.8888888888888893,0.0,7.0,19.0,12.0,9.0,3.3333333333333335,7.0,0.0,0.0,0.0,0.0,0.0,0.0,0.0,1.0,1.0,0.8333333333333334,0.27777777777777773,1.0,0.0,7.0,7.0,1.1666666666666667,1.9444444444444446,0.0,0.0,0.0,0.0,0.0,0.0,0.0,1.0,7.0,6.0,2.0,1.6666666666666667,1.0,9.7075,18.12,8.412500000000001,11.109583333333333,2.336805555555556,9.7075,0.0,1.97,1.97,1.6416666666666666,0.5472222222222222,1.97,0.0,0.0,0.0,0.0,0.0,0.0,15.0,229.0,214.0,50.666666666666664,59.444444444444436,15.0
mp-18536,AgF3,Ag,Hexagonal,P6_122,0.0,0.0,24,True,9.0,47.0,38.0,18.5,14.25,9.0,65.0,93.0,28.0,86.0,10.5,93.0,18.9984032,107.8682,88.8697968,41.2158524,33.32617380000001,18.9984032,53.5,1234.93,1181.43,348.8575,443.03625,53.5,11.0,17.0,6.0,15.5,2.25,17.0,2.0,5.0,3.0,2.75,1.125,2.0,57.0,145.0,88.0,79.0,33.0,57.0,1.93,3.98,2.05,3.4675,0.76875,3.98,1.0,2.0,1.0,1.75,0.375,2.0,0.0,5.0,5.0,3.75,1.875,5.0,0.0,10.0,10.0,2.5,3.75,0.0,0.0,0.0,0.0,0.0,0.0,0.0,7.0,11.0,4.0,8.0,1.5,7.0,0.0,1.0,1.0,0.25,0.375,0.0,0.0,1.0,1.0,0.75,0.375,1.0,0.0,0.0,0.0,0.0,0.0,0.0,0.0,0.0,0.0,0.0,0.0,0.0,1.0,1.0,0.0,1.0,0.0,1.0,9.7075,16.33,6.622499999999999,11.363125,2.4834375,9.7075,0.0,1.97,1.97,1.4775,0.73875,1.97,0.0,0.0,0.0,0.0,0.0,0.0,15.0,225.0,210.0,67.5,78.75,15.0
mp-18687,NbF5,Nb,Monoclinic,C2/m,0.0,0.0,24,True,9.0,41.0,32.0,14.333333333333334,8.88888888888889,9.0,47.0,93.0,46.0,85.33333333333333,12.77777777777778,93.0,18.9984032,92.90638,73.9079768,31.316399333333333,20.529993555555556,18.9984032,53.5,2750.0,2696.5,502.9166666666667,749.0277777777778,53.5,5.0,17.0,12.0,15.0,3.3333333333333335,17.0,2.0,5.0,3.0,2.5,0.8333333333333334,2.0,57.0,164.0,107.0,74.83333333333333,29.722222222222218,57.0,1.6,3.98,2.38,3.5833333333333335,0.661111111111111,3.98,1.0,2.0,1.0,1.8333333333333333,0.27777777777777785,2.0,0.0,5.0,5.0,4.166666666666667,1.3888888888888886,5.0,0.0,4.0,4.0,0.6666666666666666,1.111111111111111,0.0,0.0,0.0,0.0,0.0,0.0,0.0,5.0,7.0,2.0,6.666666666666667,0.5555555555555554,7.0,0.0,1.0,1.0,0.16666666666666666,0.27777777777777773,0.0,0.0,1.0,1.0,0.8333333333333334,0.27777777777777773,1.0,0.0,6.0,6.0,1.0,1.6666666666666667,0.0,0.0,0.0,0.0,0.0,0.0,0.0,1.0,7.0,6.0,2.0,1.6666666666666667,1.0,9.7075,18.18,8.4725,11.119583333333333,2.3534722222222224,9.7075,0.0,1.97,1.97,1.6416666666666666,0.5472222222222222,1.97,0.0,0.0,0.0,0.0,0.0,0.0,15.0,229.0,214.0,50.666666666666664,59.444444444444436,15.0
mp-1873,ZnF2,Zn,Tetragonal,P4_2/mnm,0.0,0.0,6,True,9.0,30.0,21.0,16.0,9.333333333333334,9.0,69.0,93.0,24.0,85.0,10.666666666666666,93.0,18.9984032,65.38,46.3815968,34.45893546666667,20.614043022222223,18.9984032,53.5,692.68,639.18,266.56,284.08,53.5,12.0,17.0,5.0,15.333333333333334,2.222222222222222,17.0,2.0,4.0,2.0,2.6666666666666665,0.8888888888888888,2.0,57.0,122.0,65.0,78.66666666666667,28.88888888888889,57.0,1.65,3.98,2.33,3.203333333333333,1.0355555555555556,3.98,2.0,2.0,0.0,2.0,0.0,2.0,0.0,5.0,5.0,3.3333333333333335,2.222222222222222,5.0,0.0,10.0,10.0,3.3333333333333335,4.444444444444444,0.0,0.0,0.0,0.0,0.0,0.0,0.0,7.0,12.0,5.0,8.666666666666666,2.222222222222222,7.0,0.0,0.0,0.0,0.0,0.0,0.0,0.0,1.0,1.0,0.6666666666666666,0.4444444444444445,1.0,0.0,0.0,0.0,0.0,0.0,0.0,0.0,0.0,0.0,0.0,0.0,0.0,0.0,1.0,1.0,0.6666666666666666,0.4444444444444445,1.0,9.7075,13.96,4.252500000000001,11.125,1.8900000000000006,9.7075,0.0,1.97,1.97,1.3133333333333332,0.8755555555555556,1.97,0.0,0.0,0.0,0.0,0.0,0.0,15.0,194.0,179.0,74.66666666666667,79.55555555555556,15.0
mp-1873967,VF4,V,Monoclinic,Cc,2.0000546,0.20000546,10,False,9.0,23.0,14.0,11.8,4.48,9.0,46.0,93.0,47.0,83.6,15.040000000000003,93.0,18.9984032,50.9415,31.9430968,25.38702256,10.221790976,18.9984032,53.5,2183.0,2129.5,479.4,681.4399999999999,53.5,5.0,17.0,12.0,14.6,3.8400000000000007,17.0,2.0,4.0,2.0,2.4,0.6399999999999999,2.0,57.0,153.0,96.0,76.2,30.720000000000006,57.0,1.63,3.98,2.35,3.5100000000000002,0.7519999999999999,3.98,2.0,2.0,0.0,2.0,0.0,2.0,0.0,5.0,5.0,4.0,1.6,5.0,0.0,3.0,3.0,0.6,0.96,0.0,0.0,0.0,0.0,0.0,0.0,0.0,5.0,7.0,2.0,6.6,0.6400000000000002,7.0,0.0,0.0,0.0,0.0,0.0,0.0,0.0,1.0,1.0,0.8,0.31999999999999995,1.0,0.0,7.0,7.0,1.4,2.2399999999999998,0.0,0.0,0.0,0.0,0.0,0.0,0.0,1.0,7.0,6.0,2.2,1.9200000000000004,1.0,9.7075,13.01,3.3025,10.367999999999999,1.0567999999999995,9.7075,0.0,1.97,1.97,1.576,0.6304,1.97,0.0,0.0,0.0,0.0,0.0,0.0,15.0,229.0,214.0,57.8,68.47999999999999,15.0
mp-1924816,CrF4,Cr,Tetragonal,I4/mcm,3.9999796,0.39999796,10,False,9.0,24.0,15.0,12.0,4.8,9.0,49.0,93.0,44.0,84.2,14.079999999999998,93.0,18.9984032,51.9961,32.9976968,25.59794256,10.559262976000001,18.9984032,53.5,2180.0,2126.5,478.8,680.48,53.5,6.0,17.0,11.0,14.8,3.5199999999999996,17.0,2.0,4.0,2.0,2.4,0.6399999999999999,2.0,57.0,139.0,82.0,73.4,26.240000000000002,57.0,1.66,3.98,2.3200000000000003,3.5159999999999996,0.7424000000000003,3.98,1.0,2.0,1.0,1.8,0.31999999999999995,2.0,0.0,5.0,5.0,4.0,1.6,5.0,0.0,5.0,5.0,1.0,1.6,0.0,0.0,0.0,0.0,0.0,0.0,0.0,6.0,7.0,1.0,6.8,0.3200000000000001,7.0,0.0,1.0,1.0,0.2,0.32,0.0,0.0,1.0,1.0,0.8,0.31999999999999995,1.0,0.0,5.0,5.0,1.0,1.6,0.0,0.0,0.0,0.0,0.0,0.0,0.0,1.0,6.0,5.0,2.0,1.6,1.0,9.7075,11.19,1.4825,10.004,0.4744,9.7075,0.0,1.97,1.97,1.576,0.6304,1.97,0.0,0.0,0.0,0.0,0.0,0.0,15.0,229.0,214.0,57.8,68.47999999999999,15.0
mp-2011351,MnF3,Mn,Hexagonal,P6_322,23.9999999,0.9999999958333332,24,False,9.0,25.0,16.0,13.0,6.0,9.0,52.0,93.0,41.0,82.75,15.375,93.0,18.9984032,54.938045,35.939641800000004,27.98331365,13.477365675000001,18.9984032,53.5,1519.0,1465.5,419.875,549.5625,53.5,7.0,17.0,10.0,14.5,3.75,17.0,2.0,4.0,2.0,2.5,0.75,2.0,57.0,139.0,82.0,77.5,30.75,57.0,1.55,3.98,2.4299999999999997,3.3725,0.9112499999999999,3.98,2.0,2.0,0.0,2.0,0.0,2.0,0.0,5.0,5.0,3.75,1.875,5.0,0.0,5.0,5.0,1.25,1.875,0.0,0.0,0.0,0.0,0.0,0.0,0.0,7.0,7.0,0.0,7.0,0.0,7.0,0.0,0.0,0.0,0.0,0.0,0.0,0.0,1.0,1.0,0.75,0.375,1.0,0.0,5.0,5.0,1.25,1.875,0.0,0.0,0.0,0.0,0.0,0.0,0.0,1.0,5.0,4.0,2.0,1.5,1.0,9.7075,10.4875862069,0.7800862069000001,9.902521551725,0.29253232758750025,9.7075,0.0,1.97,1.97,1.4775,0.73875,1.97,0.0,0.000310120689655,0.000310120689655,7.753017241375e-05,0.000116295258620625,0.0,15.0,217.0,202.0,65.5,75.75,15.0
mp-2012783,MnF2,Mn,Cubic,P-43m,9.9999993,0.8333332750000001,12,False,9.0,25.0,16.0,14.333333333333334,7.111111111111112,9.0,52.0,93.0,41.0,79.33333333333333,18.222222222222225,93.0,18.9984032,54.938045,35.939641800000004,30.9782838,15.973174133333336,18.9984032,53.5,1519.0,1465.5,542.0,651.3333333333334,53.5,7.0,17.0,10.0,13.666666666666666,4.444444444444445,17.0,2.0,4.0,2.0,2.6666666666666665,0.8888888888888888,2.0,57.0,139.0,82.0,84.33333333333333,36.44444444444444,57.0,1.55,3.98,2.4299999999999997,3.17,1.08,3.98,2.0,2.0,0.0,2.0,0.0,2.0,0.0,5.0,5.0,3.3333333333333335,2.222222222222222,5.0,0.0,5.0,5.0,1.6666666666666667,2.222222222222222,0.0,0.0,0.0,0.0,0.0,0.0,0.0,7.0,7.0,0.0,7.0,0.0,7.0,0.0,0.0,0.0,0.0,0.0,0.0,0.0,1.0,1.0,0.6666666666666666,0.4444444444444445,1.0,0.0,5.0,5.0,1.6666666666666667,2.222222222222222,0.0,0.0,0.0,0.0,0.0,0.0,0.0,1.0,5.0,4.0,2.3333333333333335,1.777777777777778,1.0,9.7075,10.4875862069,0.7800862069000001,9.967528735633332,0.34670498084444407,9.7075,0.0,1.97,1.97,1.3133333333333332,0.8755555555555556,1.97,0.0,0.000310120689655,0.000310120689655,0.00010337356321833333,0.00013783141762444443,0.0,15.0,217.0,202.0,82.33333333333333,89.77777777777779,15.0
mp-2017776,VF5,V,Orthorhombic,Pccn,0.0,0.0,24,False,9.0,23.0,14.0,11.333333333333334,3.8888888888888893,9.0,46.0,93.0,47.0,85.16666666666667,13.055555555555552,93.0,18.9984032,50.9415,31.9430968,24.322252666666667,8.873082444444446,18.9984032,53.5,2183.0,2129.5,408.4166666666667,591.5277777777778,53.5,5.0,17.0,12.0,15.0,3.3333333333333335,17.0,2.0,4.0,2.0,2.3333333333333335,0.5555555555555557,2.0,57.0,153.0,96.0,73.0,26.666666666666668,57.0,1.63,3.98,2.35,3.588333333333333,0.652777777777778,3.98,2.0,2.0,0.0,2.0,0.0,2.0,0.0,5.0,5.0,4.166666666666667,1.3888888888888886,5.0,0.0,3.0,3.0,0.5,0.8333333333333334,0.0,0.0,0.0,0.0,0.0,0.0,0.0,5.0,7.0,2.0,6.666666666666667,0.5555555555555554,7.0,0.0,0.0,0.0,0.0,0.0,0.0,0.0,1.0,1.0,0.8333333333333334,0.27777777777777773,1.0,0.0,7.0,7.0,1.1666666666666667,1.9444444444444446,0.0,0.0,0.0,0.0,0.0,0.0,0.0,1.0,7.0,6.0,2.0,1.6666666666666667,1.0,9.7075,13.01,3.3025,10.257916666666665,0.9173611111111102,9.7075,0.0,1.97,1.97,1.6416666666666666,0.5472222222222222,1.97,0.0,0.0,0.0,0.0,0.0,0.0,15.0,229.0,214.0,50.666666666666664,59.444444444444436,15.0
mp-2017901,TiCl3,Ti,Monoclinic,Cc,4.0000003,0.25000001875,16,True,17.0,22.0,5.0,18.25,1.875,17.0,43.0,94.0,51.0,81.25,19.125,94.0,35.453,47.867,12.413999999999994,38.5565,4.655249999999997,35.453,171.6,1941.0,1769.4,613.95,663.5250000000001,171.6,4.0,17.0,13.0,13.75,4.875,17.0,3.0,4.0,1.0,3.25,0.375,3.0,102.0,160.0,58.0,116.5,21.75,102.0,1.54,3.16,1.62,2.755,0.6075000000000002,3.16,2.0,2.0,0.0,2.0,0.0,2.0,0.0,5.0,5.0,3.75,1.875,5.0,0.0,2.0,2.0,0.5,0.75,0.0,0.0,0.0,0.0,0.0,0.0,0.0,4.0,7.0,3.0,6.25,1.125,7.0,0.0,0.0,0.0,0.0,0.0,0.0,0.0,1.0,1.0,0.75,0.375,1.0,0.0,8.0,8.0,2.0,3.0,0.0,0.0,0.0,0.0,0.0,0.0,0.0,1.0,8.0,7.0,2.75,2.625,1.0,16.69,24.4975,7.807499999999997,22.545624999999998,2.9278125,24.4975,0.0,2.493,2.493,1.8697499999999998,0.934875,2.493,0.0,2.25333333333e-05,2.25333333333e-05,5.633333333325e-06,8.4499999999875e-06,0.0,64.0,194.0,130.0,96.5,48.75,64.0
mp-20284,PdF2,Pd,Cubic,Pa-3,4.0000007,0.3333333916666667,12,False,9.0,46.0,37.0,21.333333333333332,16.444444444444443,9.0,62.0,93.0,31.0,82.66666666666667,13.777777777777777,93.0,18.9984032,106.42,87.4215968,48.13893546666666,38.85404302222222,18.9984032,53.5,1828.05,1774.55,645.0166666666667,788.6888888888889,53.5,10.0,17.0,7.0,14.666666666666666,3.111111111111111,17.0,2.0,5.0,3.0,3.0,1.3333333333333333,2.0,57.0,139.0,82.0,84.33333333333333,36.44444444444444,57.0,2.2,3.98,1.7799999999999998,3.3866666666666667,0.791111111111111,3.98,0.0,2.0,2.0,1.3333333333333333,0.888888888888889,2.0,0.0,5.0,5.0,3.3333333333333335,2.222222222222222,5.0,0.0,10.0,10.0,3.3333333333333335,4.444444444444444,0.0,0.0,0.0,0.0,0.0,0.0,0.0,7.0,10.0,3.0,8.0,1.3333333333333333,7.0,0.0,0.0,0.0,0.0,0.0,0.0,0.0,1.0,1.0,0.6666666666666666,0.4444444444444445,1.0,0.0,0.0,0.0,0.0,0.0,0.0,0.0,0.0,0.0,0.0,0.0,0.0,0.0,1.0,1.0,0.6666666666666666,0.4444444444444445,1.0,9.7075,14.41,4.702500000000001,11.275,2.0900000000000003,9.7075,0.0,1.97,1.97,1.3133333333333332,0.8755555555555556,1.97,0.0,0.0,0.0,0.0,0.0,0.0,15.0,225.0,210.0,85.0,93.33333333333333,15.0
mp-2030706,VF4,V,Monoclinic,P2_1/c,4.0000004,0.20000002,20,False,9.0,23.0,14.0,11.8,4.48,9.0,46.0,93.0,47.0,83.6,15.040000000000003,93.0,18.9984032,50.9415,31.9430968,25.38702256,10.221790976,18.9984032,53.5,2183.0,2129.5,479.4,681.4399999999999,53.5,5.0,17.0,12.0,14.6,3.8400000000000007,17.0,2.0,4.0,2.0,2.4,0.6399999999999999,2.0,57.0,153.0,96.0,76.2,30.720000000000006,57.0,1.63,3.98,2.35,3.5100000000000002,0.7519999999999999,3.98,2.0,2.0,0.0,2.0,0.0,2.0,0.0,5.0,5.0,4.0,1.6,5.0,0.0,3.0,3.0,0.6,0.96,0.0,0.0,0.0,0.0,0.0,0.0,0.0,5.0,7.0,2.0,6.6,0.6400000000000002,7.0,0.0,0.0,0.0,0.0,0.0,0.0,0.0,1.0,1.0,0.8,0.31999999999999995,1.0,0.0,7.0,7.0,1.4,2.2399999999999998,0.0,0.0,0.0,0.0,0.0,0.0,0.0,1.0,7.0,6.0,2.2,1.9200000000000004,1.0,9.7075,13.01,3.3025,10.367999999999999,1.0567999999999995,9.7075,0.0,1.97,1.97,1.576,0.6304,1.97,0.0,0.0,0.0,0.0,0.0,0.0,15.0,229.0,214.0,57.8,68.47999999999999,15.0
mp-2034494,MnF3,Mn,Orthorhombic,Pnma,16.0000012,1.000000075,16,False,9.0,25.0,16.0,13.0,6.0,9.0,52.0,93.0,41.0,82.75,15.375,93.0,18.9984032,54.938045,35.939641800000004,27.98331365,13.477365675000001,18.9984032,53.5,1519.0,1465.5,419.875,549.5625,53.5,7.0,17.0,10.0,14.5,3.75,17.0,2.0,4.0,2.0,2.5,0.75,2.0,57.0,139.0,82.0,77.5,30.75,57.0,1.55,3.98,2.4299999999999997,3.3725,0.9112499999999999,3.98,2.0,2.0,0.0,2.0,0.0,2.0,0.0,5.0,5.0,3.75,1.875,5.0,0.0,5.0,5.0,1.25,1.875,0.0,0.0,0.0,0.0,0.0,0.0,0.0,7.0,7.0,0.0,7.0,0.0,7.0,0.0,0.0,0.0,0.0,0.0,0.0,0.0,1.0,1.0,0.75,0.375,1.0,0.0,5.0,5.0,1.25,1.875,0.0,0.0,0.0,0.0,0.0,0.0,0.0,1.0,5.0,4.0,2.0,1.5,1.0,9.7075,10.4875862069,0.7800862069000001,9.902521551725,0.29253232758750025,9.7075,0.0,1.97,1.97,1.4775,0.73875,1.97,0.0,0.000310120689655,0.000310120689655,7.753017241375e-05,0.000116295258620625,0.0,15.0,217.0,202.0,65.5,75.75,15.0
mp-2034510,AgBr,Ag,Orthorhombic,Pmmn,0.0,0.0,4,False,35.0,47.0,12.0,41.0,6.0,35.0,65.0,95.0,30.0,80.0,15.0,65.0,79.904,107.8682,27.964200000000005,93.8861,13.982100000000003,79.904,265.8,1234.93,969.1300000000001,750.365,484.56500000000005,265.8,11.0,17.0,6.0,14.0,3.0,11.0,4.0,5.0,1.0,4.5,0.5,4.0,120.0,145.0,25.0,132.5,12.5,120.0,1.93,2.96,1.03,2.445,0.515,1.93,1.0,2.0,1.0,1.5,0.5,1.0,0.0,5.0,5.0,2.5,2.5,0.0,10.0,10.0,0.0,10.0,0.0,10.0,0.0,0.0,0.0,0.0,0.0,0.0,11.0,17.0,6.0,14.0,3.0,11.0,0.0,1.0,1.0,0.5,0.5,0.0,0.0,1.0,1.0,0.5,0.5,0.0,0.0,0.0,0.0,0.0,0.0,0.0,0.0,0.0,0.0,0.0,0.0,0.0,1.0,1.0,0.0,1.0,0.0,1.0,16.33,29.48,13.150000000000002,22.905,6.575000000000001,16.33,0.0,1.457,1.457,0.7285,0.7285,0.0,0.0,0.0,0.0,0.0,0.0,0.0,64.0,225.0,161.0,144.5,80.5,64.0
mp-2036706,TiCl3,Ti,Monoclinic,C2/m,2.0000001,0.2500000125,8,False,17.0,22.0,5.0,18.25,1.875,17.0,43.0,94.0,51.0,81.25,19.125,94.0,35.453,47.867,12.413999999999994,38.5565,4.655249999999997,35.453,171.6,1941.0,1769.4,613.95,663.5250000000001,171.6,4.0,17.0,13.0,13.75,4.875,17.0,3.0,4.0,1.0,3.25,0.375,3.0,102.0,160.0,58.0,116.5,21.75,102.0,1.54,3.16,1.62,2.755,0.6075000000000002,3.16,2.0,2.0,0.0,2.0,0.0,2.0,0.0,5.0,5.0,3.75,1.875,5.0,0.0,2.0,2.0,0.5,0.75,0.0,0.0,0.0,0.0,0.0,0.0,0.0,4.0,7.0,3.0,6.25,1.125,7.0,0.0,0.0,0.0,0.0,0.0,0.0,0.0,1.0,1.0,0.75,0.375,1.0,0.0,8.0,8.0,2.0,3.0,0.0,0.0,0.0,0.0,0.0,0.0,0.0,1.0,8.0,7.0,2.75,2.625,1.0,16.69,24.4975,7.807499999999997,22.545624999999998,2.9278125,24.4975,0.0,2.493,2.493,1.8697499999999998,0.934875,2.493,0.0,2.25333333333e-05,2.25333333333e-05,5.633333333325e-06,8.4499999999875e-06,0.0,64.0,194.0,130.0,96.5,48.75,64.0
mp-2038287,HgBr2,Hg,Trigonal,P-3m1,0.0,0.0,9,False,35.0,80.0,45.0,50.0,20.0,35.0,71.0,95.0,24.0,87.0,10.666666666666666,95.0,79.904,200.59,120.686,120.13266666666668,53.638222222222225,79.904,234.32,265.8,31.480000000000018,255.3066666666667,13.99111111111111,265.8,12.0,17.0,5.0,15.333333333333334,2.222222222222222,17.0,4.0,6.0,2.0,4.666666666666667,0.888888888888889,4.0,120.0,132.0,12.0,124.0,5.333333333333333,120.0,2.0,2.96,0.96,2.64,0.4266666666666666,2.96,2.0,2.0,0.0,2.0,0.0,2.0,0.0,5.0,5.0,3.3333333333333335,2.222222222222222,5.0,10.0,10.0,0.0,10.0,0.0,10.0,0.0,14.0,14.0,4.666666666666667,6.222222222222221,0.0,17.0,26.0,9.0,20.0,4.0,17.0,0.0,0.0,0.0,0.0,0.0,0.0,0.0,1.0,1.0,0.6666666666666666,0.4444444444444445,1.0,0.0,0.0,0.0,0.0,0.0,0.0,0.0,0.0,0.0,0.0,0.0,0.0,0.0,1.0,1.0,0.6666666666666666,0.4444444444444445,1.0,25.2375862069,29.48,4.242413793099999,28.065862068966666,1.8855172413777777,29.48,0.0,1.457,1.457,0.9713333333333334,0.6475555555555556,1.457,0.0,0.0,0.0,0.0,0.0,0.0,64.0,166.0,102.0,98.0,45.333333333333336,64.0
mp-2039668,VF4,V,Monoclinic,C2/m,2.0000004,0.20000004,10,False,9.0,23.0,14.0,11.8,4.48,9.0,46.0,93.0,47.0,83.6,15.040000000000003,93.0,18.9984032,50.9415,31.9430968,25.38702256,10.221790976,18.9984032,53.5,2183.0,2129.5,479.4,681.4399999999999,53.5,5.0,17.0,12.0,14.6,3.8400000000000007,17.0,2.0,4.0,2.0,2.4,0.6399999999999999,2.0,57.0,153.0,96.0,76.2,30.720000000000006,57.0,1.63,3.98,2.35,3.5100000000000002,0.7519999999999999,3.98,2.0,2.0,0.0,2.0,0.0,2.0,0.0,5.0,5.0,4.0,1.6,5.0,0.0,3.0,3.0,0.6,0.96,0.0,0.0,0.0,0.0,0.0,0.0,0.0,5.0,7.0,2.0,6.6,0.6400000000000002,7.0,0.0,0.0,0.0,0.0,0.0,0.0,0.0,1.0,1.0,0.8,0.31999999999999995,1.0,0.0,7.0,7.0,1.4,2.2399999999999998,0.0,0.0,0.0,0.0,0.0,0.0,0.0,1.0,7.0,6.0,2.2,1.9200000000000004,1.0,9.7075,13.01,3.3025,10.367999999999999,1.0567999999999995,9.7075,0.0,1.97,1.97,1.576,0.6304,1.97,0.0,0.0,0.0,0.0,0.0,0.0,15.0,229.0,214.0,57.8,68.47999999999999,15.0
mp-2041583,MoF4,Mo,Triclinic,P1,4.0000001,0.40000001,10,False,9.0,42.0,33.0,15.6,10.559999999999999,9.0,50.0,93.0,43.0,84.4,13.759999999999996,93.0,18.9984032,95.96,76.9615968,34.39072255999999,24.627710975999996,18.9984032,53.5,2896.0,2842.5,622.0,909.6,53.5,6.0,17.0,11.0,14.8,3.5199999999999996,17.0,2.0,5.0,3.0,2.6,0.9600000000000002,2.0,57.0,154.0,97.0,76.4,31.040000000000003,57.0,2.16,3.98,1.8199999999999998,3.6159999999999997,0.5824000000000001,3.98,1.0,2.0,1.0,1.8,0.31999999999999995,2.0,0.0,5.0,5.0,4.0,1.6,5.0,0.0,5.0,5.0,1.0,1.6,0.0,0.0,0.0,0.0,0.0,0.0,0.0,6.0,7.0,1.0,6.8,0.3200000000000001,7.0,0.0,1.0,1.0,0.2,0.32,0.0,0.0,1.0,1.0,0.8,0.31999999999999995,1.0,0.0,5.0,5.0,1.0,1.6,0.0,0.0,0.0,0.0,0.0,0.0,0.0,1.0,6.0,5.0,2.0,1.6,1.0,9.7075,15.69,5.9825,10.904,1.9144,9.7075,0.0,1.97,1.97,1.576,0.6304,1.97,0.0,0.0,0.0,0.0,0.0,0.0,15.0,229.0,214.0,57.8,68.47999999999999,15.0
mp-20488,CrF4,Cr,Tetragonal,P4_2/mnm,8.0000005,0.400000025,20,False,9.0,24.0,15.0,12.0,4.8,9.0,49.0,93.0,44.0,84.2,14.079999999999998,93.0,18.9984032,51.9961,32.9976968,25.59794256,10.559262976000001,18.9984032,53.5,2180.0,2126.5,478.8,680.48,53.5,6.0,17.0,11.0,14.8,3.5199999999999996,17.0,2.0,4.0,2.0,2.4,0.6399999999999999,2.0,57.0,139.0,82.0,73.4,26.240000000000002,57.0,1.66,3.98,2.3200000000000003,3.5159999999999996,0.7424000000000003,3.98,1.0,2.0,1.0,1.8,0.31999999999999995,2.0,0.0,5.0,5.0,4.0,1.6,5.0,0.0,5.0,5.0,1.0,1.6,0.0,0.0,0.0,0.0,0.0,0.0,0.0,6.0,7.0,1.0,6.8,0.3200000000000001,7.0,0.0,1.0,1.0,0.2,0.32,0.0,0.0,1.0,1.0,0.8,0.31999999999999995,1.0,0.0,5.0,5.0,1.0,1.6,0.0,0.0,0.0,0.0,0.0,0.0,0.0,1.0,6.0,5.0,2.0,1.6,1.0,9.7075,11.19,1.4825,10.004,0.4744,9.7075,0.0,1.97,1.97,1.576,0.6304,1.97,0.0,0.0,0.0,0.0,0.0,0.0,15.0,229.0,214.0,57.8,68.47999999999999,15.0
mp-2050200,VI3,V,Monoclinic,P2_1/m,4.0000008,0.5000001,8,False,23.0,53.0,30.0,45.5,11.25,53.0,46.0,96.0,50.0,83.5,18.75,96.0,50.9415,126.90447,75.96297000000001,107.91372750000001,28.48611375,126.90447,386.85,2183.0,1796.15,835.8875,673.5562500000001,386.85,5.0,17.0,12.0,14.0,4.5,17.0,4.0,5.0,1.0,4.75,0.375,5.0,139.0,153.0,14.0,142.5,5.25,139.0,1.63,2.66,1.0300000000000002,2.4025,0.3862500000000002,2.66,2.0,2.0,0.0,2.0,0.0,2.0,0.0,5.0,5.0,3.75,1.875,5.0,3.0,10.0,7.0,8.25,2.625,10.0,0.0,0.0,0.0,0.0,0.0,0.0,5.0,17.0,12.0,14.0,4.5,17.0,0.0,0.0,0.0,0.0,0.0,0.0,0.0,1.0,1.0,0.75,0.375,1.0,0.0,7.0,7.0,1.75,2.625,0.0,0.0,0.0,0.0,0.0,0.0,0.0,1.0,7.0,6.0,2.5,2.25,1.0,13.01,43.015,30.005000000000003,35.51375,11.251875,43.015,0.0,1.062,1.062,0.7965,0.39825000000000005,1.062,0.0,0.0,0.0,0.0,0.0,0.0,64.0,229.0,165.0,105.25,61.875,64.0
mp-2051057,VCl4,V,Monoclinic,P2_1,4.0000002,0.2000000099999999,20,False,17.0,23.0,6.0,18.2,1.9199999999999995,17.0,46.0,94.0,48.0,84.4,15.359999999999996,94.0,35.453,50.9415,15.488499999999995,38.5507,4.956319999999996,35.453,171.6,2183.0,2011.4,573.88,643.6479999999999,171.6,5.0,17.0,12.0,14.6,3.8400000000000007,17.0,3.0,4.0,1.0,3.2,0.3200000000000001,3.0,102.0,153.0,51.0,112.2,16.32,102.0,1.63,3.16,1.5300000000000002,2.854,0.4896000000000001,3.16,2.0,2.0,0.0,2.0,0.0,2.0,0.0,5.0,5.0,4.0,1.6,5.0,0.0,3.0,3.0,0.6,0.96,0.0,0.0,0.0,0.0,0.0,0.0,0.0,5.0,7.0,2.0,6.6,0.6400000000000002,7.0,0.0,0.0,0.0,0.0,0.0,0.0,0.0,1.0,1.0,0.8,0.31999999999999995,1.0,0.0,7.0,7.0,1.4,2.2399999999999998,0.0,0.0,0.0,0.0,0.0,0.0,0.0,1.0,7.0,6.0,2.2,1.9200000000000004,1.0,13.01,24.4975,11.487499999999999,22.2,3.6759999999999993,24.4975,0.0,2.493,2.493,1.9944,0.7977599999999999,2.493,0.0,0.0,0.0,0.0,0.0,0.0,64.0,229.0,165.0,97.0,52.8,64.0
mp-2068,RhF3,Rh,Trigonal,R-3c,0.0,0.0,8,True,9.0,45.0,36.0,18.0,13.5,9.0,59.0,93.0,34.0,84.5,12.75,93.0,18.9984032,102.9055,83.9070968,39.9751774,31.465161300000002,18.9984032,53.5,2237.0,2183.5,599.375,818.8125,53.5,9.0,17.0,8.0,15.0,3.0,17.0,2.0,5.0,3.0,2.75,1.125,2.0,57.0,142.0,85.0,78.25,31.875,57.0,2.28,3.98,1.7000000000000002,3.5549999999999997,0.6375000000000002,3.98,1.0,2.0,1.0,1.75,0.375,2.0,0.0,5.0,5.0,3.75,1.875,5.0,0.0,8.0,8.0,2.0,3.0,0.0,0.0,0.0,0.0,0.0,0.0,0.0,7.0,9.0,2.0,7.5,0.75,7.0,0.0,1.0,1.0,0.25,0.375,0.0,0.0,1.0,1.0,0.75,0.375,1.0,0.0,2.0,2.0,0.5,0.75,0.0,0.0,0.0,0.0,0.0,0.0,0.0,1.0,3.0,2.0,1.5,0.75,1.0,9.7075,13.64,3.932500000000001,10.690625,1.4746875000000008,9.7075,0.0,1.97,1.97,1.4775,0.73875,1.97,0.0,0.0,0.0,0.0,0.0,0.0,15.0,225.0,210.0,67.5,78.75,15.0
mp-21208,RhF3,Rh,Trigonal,P321,0.0005048,4.206666666666667e-05,12,False,9.0,45.0,36.0,18.0,13.5,9.0,59.0,93.0,34.0,84.5,12.75,93.0,18.9984032,102.9055,83.9070968,39.9751774,31.465161300000002,18.9984032,53.5,2237.0,2183.5,599.375,818.8125,53.5,9.0,17.0,8.0,15.0,3.0,17.0,2.0,5.0,3.0,2.75,1.125,2.0,57.0,142.0,85.0,78.25,31.875,57.0,2.28,3.98,1.7000000000000002,3.5549999999999997,0.6375000000000002,3.98,1.0,2.0,1.0,1.75,0.375,2.0,0.0,5.0,5.0,3.75,1.875,5.0,0.0,8.0,8.0,2.0,3.0,0.0,0.0,0.0,0.0,0.0,0.0,0.0,7.0,9.0,2.0,7.5,0.75,7.0,0.0,1.0,1.0,0.25,0.375,0.0,0.0,1.0,1.0,0.75,0.375,1.0,0.0,2.0,2.0,0.5,0.75,0.0,0.0,0.0,0.0,0.0,0.0,0.0,1.0,3.0,2.0,1.5,0.75,1.0,9.7075,13.64,3.932500000000001,10.690625,1.4746875000000008,9.7075,0.0,1.97,1.97,1.4775,0.73875,1.97,0.0,0.0,0.0,0.0,0.0,0.0,15.0,225.0,210.0,67.5,78.75,15.0
mp-22398,FeF3,Fe,Trigonal,R-3c,10.0000003,1.2500000375,8,True,9.0,26.0,17.0,13.25,6.375,9.0,55.0,93.0,38.0,83.5,14.25,93.0,18.9984032,55.845,36.8465968,28.2100524,13.8174738,18.9984032,53.5,1811.0,1757.5,492.875,659.0625,53.5,8.0,17.0,9.0,14.75,3.375,17.0,2.0,4.0,2.0,2.5,0.75,2.0,57.0,132.0,75.0,75.75,28.125,57.0,1.83,3.98,2.15,3.4425,0.80625,3.98,2.0,2.0,0.0,2.0,0.0,2.0,0.0,5.0,5.0,3.75,1.875,5.0,0.0,6.0,6.0,1.5,2.25,0.0,0.0,0.0,0.0,0.0,0.0,0.0,7.0,8.0,1.0,7.25,0.375,7.0,0.0,0.0,0.0,0.0,0.0,0.0,0.0,1.0,1.0,0.75,0.375,1.0,0.0,4.0,4.0,1.0,1.5,0.0,0.0,0.0,0.0,0.0,0.0,0.0,1.0,4.0,3.0,1.75,1.125,1.0,9.7075,10.73,1.0225000000000009,9.963125,0.3834375000000003,9.7075,0.0,1.97,1.97,1.4775,0.73875,1.97,0.0,2.1106628,2.1106628,0.5276657,0.79149855,0.0,15.0,229.0,214.0,68.5,80.25,15.0
mp-22626,OsF6,Os,Orthorhombic,Pnma,8.0000001,0.2857142892857142,28,True,9.0,76.0,67.0,18.571428571428573,16.408163265306122,9.0,57.0,93.0,36.0,87.85714285714286,8.816326530612242,93.0,18.9984032,190.23,171.23159679999998,43.46005988571428,41.93426860408163,18.9984032,53.5,3306.0,3252.5,518.1428571428571,796.5306122448981,53.5,8.0,17.0,9.0,15.714285714285714,2.204081632653062,17.0,2.0,6.0,4.0,2.5714285714285716,0.979591836734694,2.0,57.0,144.0,87.0,69.42857142857143,21.306122448979597,57.0,2.2,3.98,1.7799999999999998,3.7257142857142855,0.43591836734693884,3.98,2.0,2.0,0.0,2.0,0.0,2.0,0.0,5.0,5.0,4.285714285714286,1.2244897959183676,5.0,0.0,6.0,6.0,0.8571428571428571,1.4693877551020407,0.0,0.0,14.0,14.0,2.0,3.4285714285714284,0.0,7.0,22.0,15.0,9.142857142857142,3.6734693877551017,7.0,0.0,0.0,0.0,0.0,0.0,0.0,0.0,1.0,1.0,0.8571428571428571,0.2448979591836735,1.0,0.0,4.0,4.0,0.5714285714285714,0.979591836734694,0.0,0.0,0.0,0.0,0.0,0.0,0.0,1.0,4.0,3.0,1.4285714285714286,0.7346938775510203,1.0,9.7075,14.09,4.3825,10.333571428571428,1.073265306122449,9.7075,0.0,1.97,1.97,1.6885714285714286,0.4824489795918367,1.97,0.0,0.0,0.0,0.0,0.0,0.0,15.0,194.0,179.0,40.57142857142857,43.83673469387755,15.0
mp-2284,AgF2,Ag,Orthorhombic,Pbca,0.0,0.0,12,True,9.0,47.0,38.0,21.666666666666668,16.88888888888889,9.0,65.0,93.0,28.0,83.66666666666667,12.444444444444443,93.0,18.9984032,107.8682,88.8697968,48.6216688,39.49768746666667,18.9984032,53.5,1234.93,1181.43,447.31,525.08,53.5,11.0,17.0,6.0,15.0,2.6666666666666665,17.0,2.0,5.0,3.0,3.0,1.3333333333333333,2.0,57.0,145.0,88.0,86.33333333333333,39.11111111111111,57.0,1.93,3.98,2.05,3.296666666666667,0.9111111111111111,3.98,1.0,2.0,1.0,1.6666666666666667,0.4444444444444444,2.0,0.0,5.0,5.0,3.3333333333333335,2.222222222222222,5.0,0.0,10.0,10.0,3.3333333333333335,4.444444444444444,0.0,0.0,0.0,0.0,0.0,0.0,0.0,7.0,11.0,4.0,8.333333333333334,1.777777777777778,7.0,0.0,1.0,1.0,0.3333333333333333,0.4444444444444445,0.0,0.0,1.0,1.0,0.6666666666666666,0.4444444444444445,1.0,0.0,0.0,0.0,0.0,0.0,0.0,0.0,0.0,0.0,0.0,0.0,0.0,1.0,1.0,0.0,1.0,0.0,1.0,9.7075,16.33,6.622499999999999,11.915,2.943333333333333,9.7075,0.0,1.97,1.97,1.3133333333333332,0.8755555555555556,1.97,0.0,0.0,0.0,0.0,0.0,0.0,15.0,225.0,210.0,85.0,93.33333333333333,15.0
mp-22850,RuCl3,Ru,Hexagonal,P6_3/mcm,2.0806892,0.130043075,16,True,17.0,44.0,27.0,23.75,10.125,17.0,56.0,94.0,38.0,84.5,14.25,94.0,35.453,101.07,65.61699999999999,51.85725,24.606374999999996,35.453,171.6,2607.0,2435.4,780.45,913.2750000000001,171.6,8.0,17.0,9.0,14.75,3.375,17.0,3.0,5.0,2.0,3.5,0.75,3.0,102.0,146.0,44.0,113.0,16.5,102.0,2.2,3.16,0.96,2.92,0.3600000000000001,3.16,1.0,2.0,1.0,1.75,0.375,2.0,0.0,5.0,5.0,3.75,1.875,5.0,0.0,7.0,7.0,1.75,2.625,0.0,0.0,0.0,0.0,0.0,0.0,0.0,7.0,8.0,1.0,7.25,0.375,7.0,0.0,1.0,1.0,0.25,0.375,0.0,0.0,1.0,1.0,0.75,0.375,1.0,0.0,3.0,3.0,0.75,1.125,0.0,0.0,0.0,0.0,0.0,0.0,0.0,1.0,4.0,3.0,1.75,1.125,1.0,13.51,24.4975,10.987499999999999,21.750625,4.120312499999999,24.4975,0.0,2.493,2.493,1.8697499999999998,0.934875,2.493,0.0,0.0,0.0,0.0,0.0,0.0,64.0,194.0,130.0,96.5,48.75,64.0
mp-22853,MoCl3,Mo,Monoclinic,C2/m,3.999542,0.49994275,8,False,17.0,42.0,25.0,23.25,9.375,17.0,50.0,94.0,44.0,83.0,16.5,94.0,35.453,95.96,60.50699999999999,50.579750000000004,22.690125,35.453,171.6,2896.0,2724.4,852.7,1021.6500000000001,171.6,6.0,17.0,11.0,14.25,4.125,17.0,3.0,5.0,2.0,3.5,0.75,3.0,102.0,154.0,52.0,115.0,19.5,102.0,2.16,3.16,1.0,2.91,0.375,3.16,1.0,2.0,1.0,1.75,0.375,2.0,0.0,5.0,5.0,3.75,1.875,5.0,0.0,5.0,5.0,1.25,1.875,0.0,0.0,0.0,0.0,0.0,0.0,0.0,6.0,7.0,1.0,6.75,0.375,7.0,0.0,1.0,1.0,0.25,0.375,0.0,0.0,1.0,1.0,0.75,0.375,1.0,0.0,5.0,5.0,1.25,1.875,0.0,0.0,0.0,0.0,0.0,0.0,0.0,1.0,6.0,5.0,2.25,1.875,1.0,15.69,24.4975,8.8075,22.295624999999998,3.3028125000000004,24.4975,0.0,2.493,2.493,1.8697499999999998,0.934875,2.493,0.0,0.0,0.0,0.0,0.0,0.0,64.0,229.0,165.0,105.25,61.875,64.0
mp-22855,HgCl2,Hg,Orthorhombic,Pnma,0.0,0.0,12,True,17.0,80.0,63.0,38.0,28.0,17.0,71.0,94.0,23.0,86.33333333333333,10.222222222222223,94.0,35.453,200.59,165.137,90.49866666666667,73.39422222222221,35.453,171.6,234.32,62.72,192.50666666666666,27.875555555555554,171.6,12.0,17.0,5.0,15.333333333333334,2.222222222222222,17.0,3.0,6.0,3.0,4.0,1.3333333333333333,3.0,102.0,132.0,30.0,112.0,13.333333333333334,102.0,2.0,3.16,1.1600000000000001,2.7733333333333334,0.5155555555555557,3.16,2.0,2.0,0.0,2.0,0.0,2.0,0.0,5.0,5.0,3.3333333333333335,2.222222222222222,5.0,0.0,10.0,10.0,3.3333333333333335,4.444444444444444,0.0,0.0,14.0,14.0,4.666666666666667,6.222222222222221,0.0,7.0,26.0,19.0,13.333333333333334,8.444444444444445,7.0,0.0,0.0,0.0,0.0,0.0,0.0,0.0,1.0,1.0,0.6666666666666666,0.4444444444444445,1.0,0.0,0.0,0.0,0.0,0.0,0.0,0.0,0.0,0.0,0.0,0.0,0.0,0.0,1.0,1.0,0.6666666666666666,0.4444444444444445,1.0,24.4975,25.2375862069,0.7400862069000027,24.744195402299997,0.32892720306666706,24.4975,0.0,2.493,2.493,1.662,1.1079999999999999,2.493,0.0,0.0,0.0,0.0,0.0,0.0,64.0,166.0,102.0,98.0,45.333333333333336,64.0
mp-22857,CrCl2,Cr,Orthorhombic,Pnnm,8.0003208,1.3333868000000002,6,False,17.0,24.0,7.0,19.333333333333332,3.1111111111111107,17.0,49.0,94.0,45.0,79.0,20.0,94.0,35.453,51.9961,16.543099999999995,40.96736666666667,7.352488888888888,35.453,171.6,2180.0,2008.4,841.0666666666666,892.6222222222223,171.6,6.0,17.0,11.0,13.333333333333334,4.888888888888888,17.0,3.0,4.0,1.0,3.3333333333333335,0.4444444444444445,3.0,102.0,139.0,37.0,114.33333333333333,16.444444444444443,102.0,1.66,3.16,1.5000000000000002,2.66,0.6666666666666666,3.16,1.0,2.0,1.0,1.6666666666666667,0.4444444444444444,2.0,0.0,5.0,5.0,3.3333333333333335,2.222222222222222,5.0,0.0,5.0,5.0,1.6666666666666667,2.222222222222222,0.0,0.0,0.0,0.0,0.0,0.0,0.0,6.0,7.0,1.0,6.666666666666667,0.44444444444444436,7.0,0.0,1.0,1.0,0.3333333333333333,0.4444444444444445,0.0,0.0,1.0,1.0,0.6666666666666666,0.4444444444444445,1.0,0.0,5.0,5.0,1.6666666666666667,2.222222222222222,0.0,0.0,0.0,0.0,0.0,0.0,0.0,1.0,6.0,5.0,2.6666666666666665,2.222222222222222,1.0,11.19,24.4975,13.3075,20.061666666666664,5.914444444444444,24.4975,0.0,2.493,2.493,1.662,1.1079999999999999,2.493,0.0,0.0,0.0,0.0,0.0,0.0,64.0,229.0,165.0,119.0,73.33333333333333,64.0
mp-22859,HgI,Hg,Tetragonal,I4/mmm,0.0,0.0,4,True,53.0,80.0,27.0,66.5,13.5,53.0,71.0,96.0,25.0,83.5,12.5,71.0,126.90447,200.59,73.68553,163.747235,36.842765,126.90447,234.32,386.85,152.53000000000003,310.58500000000004,76.26500000000001,234.32,12.0,17.0,5.0,14.5,2.5,12.0,5.0,6.0,1.0,5.5,0.5,5.0,132.0,139.0,7.0,135.5,3.5,132.0,2.0,2.66,0.6600000000000001,2.33,0.33000000000000007,2.0,2.0,2.0,0.0,2.0,0.0,2.0,0.0,5.0,5.0,2.5,2.5,0.0,10.0,10.0,0.0,10.0,0.0,10.0,0.0,14.0,14.0,7.0,7.0,0.0,17.0,26.0,9.0,21.5,4.5,17.0,0.0,0.0,0.0,0.0,0.0,0.0,0.0,1.0,1.0,0.5,0.5,0.0,0.0,0.0,0.0,0.0,0.0,0.0,0.0,0.0,0.0,0.0,0.0,0.0,0.0,1.0,1.0,0.5,0.5,0.0,25.2375862069,43.015,17.7774137931,34.12629310345,8.88870689655,25.2375862069,0.0,1.062,1.062,0.531,0.531,0.0,0.0,0.0,0.0,0.0,0.0,0.0,64.0,166.0,102.0,115.0,51.0,64.0
mp-22863,CuI,Cu,Tetragonal,P4/nmm,0.0,0.0,4,False,29.0,53.0,24.0,41.0,12.0,29.0,64.0,96.0,32.0,80.0,16.0,64.0,63.546,126.90447,63.358470000000004,95.225235,31.679235000000002,63.546,386.85,1357.77,970.92,872.31,485.46,386.85,11.0,17.0,6.0,14.0,3.0,11.0,4.0,5.0,1.0,4.5,0.5,4.0,132.0,139.0,7.0,135.5,3.5,132.0,1.9,2.66,0.7600000000000002,2.2800000000000002,0.3800000000000001,1.9,1.0,2.0,1.0,1.5,0.5,1.0,0.0,5.0,5.0,2.5,2.5,0.0,10.0,10.0,0.0,10.0,0.0,10.0,0.0,0.0,0.0,0.0,0.0,0.0,11.0,17.0,6.0,14.0,3.0,11.0,0.0,1.0,1.0,0.5,0.5,0.0,0.0,1.0,1.0,0.5,0.5,0.0,0.0,0.0,0.0,0.0,0.0,0.0,0.0,0.0,0.0,0.0,0.0,0.0,1.0,1.0,0.0,1.0,0.0,1.0,11.07,43.015,31.945,27.0425,15.9725,11.07,0.0,1.062,1.062,0.531,0.531,0.0,0.0,0.0,0.0,0.0,0.0,0.0,64.0,225.0,161.0,144.5,80.5,64.0
mp-22871,ZrCl3,Zr,Hexagonal,P6_3/mcm,0.0,0.0,8,False,17.0,40.0,23.0,22.75,8.625,17.0,44.0,94.0,50.0,81.5,18.75,94.0,35.453,91.224,55.771,49.39575000000001,20.914125000000002,35.453,171.6,2128.0,1956.4,660.7,733.6500000000001,171.6,4.0,17.0,13.0,13.75,4.875,17.0,3.0,5.0,2.0,3.5,0.75,3.0,102.0,175.0,73.0,120.25,27.375,102.0,1.33,3.16,1.83,2.7025,0.68625,3.16,2.0,2.0,0.0,2.0,0.0,2.0,0.0,5.0,5.0,3.75,1.875,5.0,0.0,2.0,2.0,0.5,0.75,0.0,0.0,0.0,0.0,0.0,0.0,0.0,4.0,7.0,3.0,6.25,1.125,7.0,0.0,0.0,0.0,0.0,0.0,0.0,0.0,1.0,1.0,0.75,0.375,1.0,0.0,8.0,8.0,2.0,3.0,0.0,0.0,0.0,0.0,0.0,0.0,0.0,1.0,8.0,7.0,2.75,2.625,1.0,23.195,24.4975,1.3024999999999984,24.171875,0.48843749999999897,24.4975,0.0,2.493,2.493,1.8697499999999998,0.934875,2.493,0.0,0.0,0.0,0.0,0.0,0.0,64.0,194.0,130.0,96.5,48.75,64.0
mp-22877,VCl2,V,Trigonal,P-3m1,2.9999995,0.9999998333333332,3,True,17.0,23.0,6.0,19.0,2.6666666666666665,17.0,46.0,94.0,48.0,78.0,21.333333333333332,94.0,35.453,50.9415,15.488499999999995,40.615833333333335,6.883777777777776,35.453,171.6,2183.0,2011.4,842.0666666666666,893.9555555555556,171.6,5.0,17.0,12.0,13.0,5.333333333333333,17.0,3.0,4.0,1.0,3.3333333333333335,0.4444444444444445,3.0,102.0,153.0,51.0,119.0,22.666666666666668,102.0,1.63,3.16,1.5300000000000002,2.65,0.6800000000000002,3.16,2.0,2.0,0.0,2.0,0.0,2.0,0.0,5.0,5.0,3.3333333333333335,2.222222222222222,5.0,0.0,3.0,3.0,1.0,1.3333333333333333,0.0,0.0,0.0,0.0,0.0,0.0,0.0,5.0,7.0,2.0,6.333333333333333,0.888888888888889,7.0,0.0,0.0,0.0,0.0,0.0,0.0,0.0,1.0,1.0,0.6666666666666666,0.4444444444444445,1.0,0.0,7.0,7.0,2.3333333333333335,3.1111111111111107,0.0,0.0,0.0,0.0,0.0,0.0,0.0,1.0,7.0,6.0,3.0,2.6666666666666665,1.0,13.01,24.4975,11.487499999999999,20.668333333333333,5.105555555555555,24.4975,0.0,2.493,2.493,1.662,1.1079999999999999,2.493,0.0,0.0,0.0,0.0,0.0,0.0,64.0,229.0,165.0,119.0,73.33333333333333,64.0
mp-22880,FeBr2,Fe,Trigonal,P-3m1,4.0,1.3333333333333333,3,True,26.0,35.0,9.0,32.0,4.0,35.0,55.0,95.0,40.0,81.66666666666667,17.777777777777775,95.0,55.845,79.904,24.058999999999997,71.88433333333333,10.692888888888888,79.904,265.8,1811.0,1545.2,780.8666666666667,686.7555555555555,265.8,8.0,17.0,9.0,14.0,4.0,17.0,4.0,4.0,0.0,4.0,0.0,4.0,120.0,132.0,12.0,124.0,5.333333333333333,120.0,1.83,2.96,1.13,2.5833333333333335,0.5022222222222221,2.96,2.0,2.0,0.0,2.0,0.0,2.0,0.0,5.0,5.0,3.3333333333333335,2.222222222222222,5.0,6.0,10.0,4.0,8.666666666666666,1.777777777777778,10.0,0.0,0.0,0.0,0.0,0.0,0.0,8.0,17.0,9.0,14.0,4.0,17.0,0.0,0.0,0.0,0.0,0.0,0.0,0.0,1.0,1.0,0.6666666666666666,0.4444444444444445,1.0,0.0,4.0,4.0,1.3333333333333333,1.777777777777778,0.0,0.0,0.0,0.0,0.0,0.0,0.0,1.0,4.0,3.0,2.0,1.3333333333333333,1.0,10.73,29.48,18.75,23.23,8.333333333333334,29.48,0.0,1.457,1.457,0.9713333333333334,0.6475555555555556,1.457,0.0,2.1106628,2.1106628,0.7035542666666667,0.9380723555555557,0.0,64.0,229.0,165.0,119.0,73.33333333333333,64.0
mp-22881,CdCl2,Cd,Trigonal,R-3m,0.0,0.0,3,True,17.0,48.0,31.0,27.333333333333332,13.777777777777777,17.0,70.0,94.0,24.0,86.0,10.666666666666666,94.0,35.453,112.411,76.958,61.10566666666667,34.20355555555556,35.453,171.6,594.22,422.62,312.47333333333336,187.8311111111111,171.6,12.0,17.0,5.0,15.333333333333334,2.222222222222222,17.0,3.0,5.0,2.0,3.6666666666666665,0.8888888888888888,3.0,102.0,144.0,42.0,116.0,18.666666666666668,102.0,1.69,3.16,1.4700000000000002,2.67,0.6533333333333334,3.16,2.0,2.0,0.0,2.0,0.0,2.0,0.0,5.0,5.0,3.3333333333333335,2.222222222222222,5.0,0.0,10.0,10.0,3.3333333333333335,4.444444444444444,0.0,0.0,0.0,0.0,0.0,0.0,0.0,7.0,12.0,5.0,8.666666666666666,2.222222222222222,7.0,0.0,0.0,0.0,0.0,0.0,0.0,0.0,1.0,1.0,0.6666666666666666,0.4444444444444445,1.0,0.0,0.0,0.0,0.0,0.0,0.0,0.0,0.0,0.0,0.0,0.0,0.0,0.0,1.0,1.0,0.6666666666666666,0.4444444444444445,1.0,19.495,24.4975,5.002499999999998,22.83,2.2233333333333327,24.4975,0.0,2.493,2.493,1.662,1.1079999999999999,2.493,0.0,0.0,0.0,0.0,0.0,0.0,64.0,194.0,130.0,107.33333333333333,57.77777777777777,64.0
mp-22889,ZnCl2,Zn,Orthorhombic,Pna2_1,1e-07,8.333333333333334e-09,12,False,17.0,30.0,13.0,21.333333333333332,5.777777777777778,17.0,69.0,94.0,25.0,85.66666666666667,11.111111111111109,94.0,35.453,65.38,29.926999999999992,45.428666666666665,13.300888888888885,35.453,171.6,692.68,521.0799999999999,345.2933333333333,231.5911111111111,171.6,12.0,17.0,5.0,15.333333333333334,2.222222222222222,17.0,3.0,4.0,1.0,3.3333333333333335,0.4444444444444445,3.0,102.0,122.0,20.0,108.66666666666667,8.888888888888891,102.0,1.65,3.16,1.5100000000000002,2.6566666666666667,0.6711111111111112,3.16,2.0,2.0,0.0,2.0,0.0,2.0,0.0,5.0,5.0,3.3333333333333335,2.222222222222222,5.0,0.0,10.0,10.0,3.3333333333333335,4.444444444444444,0.0,0.0,0.0,0.0,0.0,0.0,0.0,7.0,12.0,5.0,8.666666666666666,2.222222222222222,7.0,0.0,0.0,0.0,0.0,0.0,0.0,0.0,1.0,1.0,0.6666666666666666,0.4444444444444445,1.0,0.0,0.0,0.0,0.0,0.0,0.0,0.0,0.0,0.0,0.0,0.0,0.0,0.0,1.0,1.0,0.6666666666666666,0.4444444444444445,1.0,13.96,24.4975,10.537499999999998,20.985,4.683333333333333,24.4975,0.0,2.493,2.493,1.662,1.1079999999999999,2.493,0.0,0.0,0.0,0.0,0.0,0.0,64.0,194.0,130.0,107.33333333333333,57.77777777777777,64.0
mp-22892,RuBr3,Ru,Hexagonal,P6_3/mcm,0.864902,0.10811275,8,True,35.0,44.0,9.0,37.25,3.375,35.0,56.0,95.0,39.0,85.25,14.625,95.0,79.904,101.07,21.165999999999997,85.1955,7.937249999999999,79.904,265.8,2607.0,2341.2,851.1,877.95,265.8,8.0,17.0,9.0,14.75,3.375,17.0,4.0,5.0,1.0,4.25,0.375,4.0,120.0,146.0,26.0,126.5,9.75,120.0,2.2,2.96,0.7599999999999998,2.7699999999999996,0.28500000000000014,2.96,1.0,2.0,1.0,1.75,0.375,2.0,0.0,5.0,5.0,3.75,1.875,5.0,7.0,10.0,3.0,9.25,1.125,10.0,0.0,0.0,0.0,0.0,0.0,0.0,8.0,17.0,9.0,14.75,3.375,17.0,0.0,1.0,1.0,0.25,0.375,0.0,0.0,1.0,1.0,0.75,0.375,1.0,0.0,3.0,3.0,0.75,1.125,0.0,0.0,0.0,0.0,0.0,0.0,0.0,1.0,4.0,3.0,1.75,1.125,1.0,13.51,29.48,15.97,25.4875,5.98875,29.48,0.0,1.457,1.457,1.09275,0.546375,1.457,0.0,0.0,0.0,0.0,0.0,0.0,64.0,194.0,130.0,96.5,48.75,64.0
mp-22894,AgI,Ag,Hexagonal,P6_3mc,0.0,0.0,4,False,47.0,53.0,6.0,50.0,3.0,47.0,65.0,96.0,31.0,80.5,15.5,65.0,107.8682,126.90447,19.036270000000002,117.386335,9.518135000000001,107.8682,386.85,1234.93,848.08,810.8900000000001,424.04,386.85,11.0,17.0,6.0,14.0,3.0,11.0,5.0,5.0,0.0,5.0,0.0,5.0,139.0,145.0,6.0,142.0,3.0,139.0,1.93,2.66,0.7300000000000002,2.295,0.3650000000000001,1.93,1.0,2.0,1.0,1.5,0.5,1.0,0.0,5.0,5.0,2.5,2.5,0.0,10.0,10.0,0.0,10.0,0.0,10.0,0.0,0.0,0.0,0.0,0.0,0.0,11.0,17.0,6.0,14.0,3.0,11.0,0.0,1.0,1.0,0.5,0.5,0.0,0.0,1.0,1.0,0.5,0.5,0.0,0.0,0.0,0.0,0.0,0.0,0.0,0.0,0.0,0.0,0.0,0.0,0.0,1.0,1.0,0.0,1.0,0.0,1.0,16.33,43.015,26.685000000000002,29.6725,13.342500000000001,16.33,0.0,1.062,1.062,0.531,0.531,0.0,0.0,0.0,0.0,0.0,0.0,0.0,64.0,225.0,161.0,144.5,80.5,64.0
mp-22895,CuI,Cu,Cubic,F-43m,0.0,0.0,8,False,29.0,53.0,24.0,41.0,12.0,29.0,64.0,96.0,32.0,80.0,16.0,64.0,63.546,126.90447,63.358470000000004,95.225235,31.679235000000002,63.546,386.85,1357.77,970.92,872.31,485.46,386.85,11.0,17.0,6.0,14.0,3.0,11.0,4.0,5.0,1.0,4.5,0.5,4.0,132.0,139.0,7.0,135.5,3.5,132.0,1.9,2.66,0.7600000000000002,2.2800000000000002,0.3800000000000001,1.9,1.0,2.0,1.0,1.5,0.5,1.0,0.0,5.0,5.0,2.5,2.5,0.0,10.0,10.0,0.0,10.0,0.0,10.0,0.0,0.0,0.0,0.0,0.0,0.0,11.0,17.0,6.0,14.0,3.0,11.0,0.0,1.0,1.0,0.5,0.5,0.0,0.0,1.0,1.0,0.5,0.5,0.0,0.0,0.0,0.0,0.0,0.0,0.0,0.0,0.0,0.0,0.0,0.0,0.0,1.0,1.0,0.0,1.0,0.0,1.0,11.07,43.015,31.945,27.0425,15.9725,11.07,0.0,1.062,1.062,0.531,0.531,0.0,0.0,0.0,0.0,0.0,0.0,0.0,64.0,225.0,161.0,144.5,80.5,64.0
mp-22897,HgCl,Hg,Tetragonal,I4/mmm,0.0,0.0,4,True,17.0,80.0,63.0,48.5,31.5,17.0,71.0,94.0,23.0,82.5,11.5,71.0,35.453,200.59,165.137,118.0215,82.5685,35.453,171.6,234.32,62.72,202.95999999999998,31.36,171.6,12.0,17.0,5.0,14.5,2.5,12.0,3.0,6.0,3.0,4.5,1.5,3.0,102.0,132.0,30.0,117.0,15.0,102.0,2.0,3.16,1.1600000000000001,2.58,0.5800000000000001,2.0,2.0,2.0,0.0,2.0,0.0,2.0,0.0,5.0,5.0,2.5,2.5,0.0,0.0,10.0,10.0,5.0,5.0,0.0,0.0,14.0,14.0,7.0,7.0,0.0,7.0,26.0,19.0,16.5,9.5,7.0,0.0,0.0,0.0,0.0,0.0,0.0,0.0,1.0,1.0,0.5,0.5,0.0,0.0,0.0,0.0,0.0,0.0,0.0,0.0,0.0,0.0,0.0,0.0,0.0,0.0,1.0,1.0,0.5,0.5,0.0,24.4975,25.2375862069,0.7400862069000027,24.86754310345,0.37004310345000135,24.4975,0.0,2.493,2.493,1.2465,1.2465,0.0,0.0,0.0,0.0,0.0,0.0,0.0,64.0,166.0,102.0,115.0,51.0,64.0
mp-22909,ZnCl2,Zn,Tetragonal,I-42d,0.0,0.0,6,True,17.0,30.0,13.0,21.333333333333332,5.777777777777778,17.0,69.0,94.0,25.0,85.66666666666667,11.111111111111109,94.0,35.453,65.38,29.926999999999992,45.428666666666665,13.300888888888885,35.453,171.6,692.68,521.0799999999999,345.2933333333333,231.5911111111111,171.6,12.0,17.0,5.0,15.333333333333334,2.222222222222222,17.0,3.0,4.0,1.0,3.3333333333333335,0.4444444444444445,3.0,102.0,122.0,20.0,108.66666666666667,8.888888888888891,102.0,1.65,3.16,1.5100000000000002,2.6566666666666667,0.6711111111111112,3.16,2.0,2.0,0.0,2.0,0.0,2.0,0.0,5.0,5.0,3.3333333333333335,2.222222222222222,5.0,0.0,10.0,10.0,3.3333333333333335,4.444444444444444,0.0,0.0,0.0,0.0,0.0,0.0,0.0,7.0,12.0,5.0,8.666666666666666,2.222222222222222,7.0,0.0,0.0,0.0,0.0,0.0,0.0,0.0,1.0,1.0,0.6666666666666666,0.4444444444444445,1.0,0.0,0.0,0.0,0.0,0.0,0.0,0.0,0.0,0.0,0.0,0.0,0.0,0.0,1.0,1.0,0.6666666666666666,0.4444444444444445,1.0,13.96,24.4975,10.537499999999998,20.985,4.683333333333333,24.4975,0.0,2.493,2.493,1.662,1.1079999999999999,2.493,0.0,0.0,0.0,0.0,0.0,0.0,64.0,194.0,130.0,107.33333333333333,57.77777777777777,64.0
mp-22913,CuBr,Cu,Cubic,F-43m,0.0,0.0,2,True,29.0,35.0,6.0,32.0,3.0,29.0,64.0,95.0,31.0,79.5,15.5,64.0,63.546,79.904,16.357999999999997,71.725,8.178999999999998,63.546,265.8,1357.77,1091.97,811.785,545.9849999999999,265.8,11.0,17.0,6.0,14.0,3.0,11.0,4.0,4.0,0.0,4.0,0.0,4.0,120.0,132.0,12.0,126.0,6.0,120.0,1.9,2.96,1.06,2.4299999999999997,0.53,1.9,1.0,2.0,1.0,1.5,0.5,1.0,0.0,5.0,5.0,2.5,2.5,0.0,10.0,10.0,0.0,10.0,0.0,10.0,0.0,0.0,0.0,0.0,0.0,0.0,11.0,17.0,6.0,14.0,3.0,11.0,0.0,1.0,1.0,0.5,0.5,0.0,0.0,1.0,1.0,0.5,0.5,0.0,0.0,0.0,0.0,0.0,0.0,0.0,0.0,0.0,0.0,0.0,0.0,0.0,1.0,1.0,0.0,1.0,0.0,1.0,11.07,29.48,18.41,20.275,9.205,11.07,0.0,1.457,1.457,0.7285,0.7285,0.0,0.0,0.0,0.0,0.0,0.0,0.0,64.0,225.0,161.0,144.5,80.5,64.0
mp-22914,CuCl,Cu,Cubic,F-43m,0.0,0.0,2,False,17.0,29.0,12.0,23.0,6.0,17.0,64.0,94.0,30.0,79.0,15.0,64.0,35.453,63.546,28.092999999999996,49.4995,14.046499999999998,35.453,171.6,1357.77,1186.17,764.685,593.085,171.6,11.0,17.0,6.0,14.0,3.0,11.0,3.0,4.0,1.0,3.5,0.5,3.0,102.0,132.0,30.0,117.0,15.0,102.0,1.9,3.16,1.2600000000000002,2.5300000000000002,0.6300000000000001,1.9,1.0,2.0,1.0,1.5,0.5,1.0,0.0,5.0,5.0,2.5,2.5,0.0,0.0,10.0,10.0,5.0,5.0,0.0,0.0,0.0,0.0,0.0,0.0,0.0,7.0,11.0,4.0,9.0,2.0,7.0,0.0,1.0,1.0,0.5,0.5,0.0,0.0,1.0,1.0,0.5,0.5,0.0,0.0,0.0,0.0,0.0,0.0,0.0,0.0,0.0,0.0,0.0,0.0,0.0,1.0,1.0,0.0,1.0,0.0,1.0,11.07,24.4975,13.427499999999998,17.783749999999998,6.713749999999999,11.07,0.0,2.493,2.493,1.2465,1.2465,0.0,0.0,0.0,0.0,0.0,0.0,0.0,64.0,225.0,161.0,144.5,80.5,64.0
mp-22915,AgI,Ag,Cubic,Pm-3m,0.0,0.0,2,False,47.0,53.0,6.0,50.0,3.0,47.0,65.0,96.0,31.0,80.5,15.5,65.0,107.8682,126.90447,19.036270000000002,117.386335,9.518135000000001,107.8682,386.85,1234.93,848.08,810.8900000000001,424.04,386.85,11.0,17.0,6.0,14.0,3.0,11.0,5.0,5.0,0.0,5.0,0.0,5.0,139.0,145.0,6.0,142.0,3.0,139.0,1.93,2.66,0.7300000000000002,2.295,0.3650000000000001,1.93,1.0,2.0,1.0,1.5,0.5,1.0,0.0,5.0,5.0,2.5,2.5,0.0,10.0,10.0,0.0,10.0,0.0,10.0,0.0,0.0,0.0,0.0,0.0,0.0,11.0,17.0,6.0,14.0,3.0,11.0,0.0,1.0,1.0,0.5,0.5,0.0,0.0,1.0,1.0,0.5,0.5,0.0,0.0,0.0,0.0,0.0,0.0,0.0,0.0,0.0,0.0,0.0,0.0,0.0,1.0,1.0,0.0,1.0,0.0,1.0,16.33,43.015,26.685000000000002,29.6725,13.342500000000001,16.33,0.0,1.062,1.062,0.531,0.531,0.0,0.0,0.0,0.0,0.0,0.0,0.0,64.0,225.0,161.0,144.5,80.5,64.0
mp-22917,CuBr,Cu,Tetragonal,P4/nmm,4e-07,1e-07,4,False,29.0,35.0,6.0,32.0,3.0,29.0,64.0,95.0,31.0,79.5,15.5,64.0,63.546,79.904,16.357999999999997,71.725,8.178999999999998,63.546,265.8,1357.77,1091.97,811.785,545.9849999999999,265.8,11.0,17.0,6.0,14.0,3.0,11.0,4.0,4.0,0.0,4.0,0.0,4.0,120.0,132.0,12.0,126.0,6.0,120.0,1.9,2.96,1.06,2.4299999999999997,0.53,1.9,1.0,2.0,1.0,1.5,0.5,1.0,0.0,5.0,5.0,2.5,2.5,0.0,10.0,10.0,0.0,10.0,0.0,10.0,0.0,0.0,0.0,0.0,0.0,0.0,11.0,17.0,6.0,14.0,3.0,11.0,0.0,1.0,1.0,0.5,0.5,0.0,0.0,1.0,1.0,0.5,0.5,0.0,0.0,0.0,0.0,0.0,0.0,0.0,0.0,0.0,0.0,0.0,0.0,0.0,1.0,1.0,0.0,1.0,0.0,1.0,11.07,29.48,18.41,20.275,9.205,11.07,0.0,1.457,1.457,0.7285,0.7285,0.0,0.0,0.0,0.0,0.0,0.0,0.0,64.0,225.0,161.0,144.5,80.5,64.0
mp-22919,AgI,Ag,Cubic,Fm-3m,0.0,0.0,2,False,47.0,53.0,6.0,50.0,3.0,47.0,65.0,96.0,31.0,80.5,15.5,65.0,107.8682,126.90447,19.036270000000002,117.386335,9.518135000000001,107.8682,386.85,1234.93,848.08,810.8900000000001,424.04,386.85,11.0,17.0,6.0,14.0,3.0,11.0,5.0,5.0,0.0,5.0,0.0,5.0,139.0,145.0,6.0,142.0,3.0,139.0,1.93,2.66,0.7300000000000002,2.295,0.3650000000000001,1.93,1.0,2.0,1.0,1.5,0.5,1.0,0.0,5.0,5.0,2.5,2.5,0.0,10.0,10.0,0.0,10.0,0.0,10.0,0.0,0.0,0.0,0.0,0.0,0.0,11.0,17.0,6.0,14.0,3.0,11.0,0.0,1.0,1.0,0.5,0.5,0.0,0.0,1.0,1.0,0.5,0.5,0.0,0.0,0.0,0.0,0.0,0.0,0.0,0.0,0.0,0.0,0.0,0.0,0.0,1.0,1.0,0.0,1.0,0.0,1.0,16.33,43.015,26.685000000000002,29.6725,13.342500000000001,16.33,0.0,1.062,1.062,0.531,0.531,0.0,0.0,0.0,0.0,0.0,0.0,0.0,64.0,225.0,161.0,144.5,80.5,64.0
mp-22922,AgCl,Ag,Cubic,Fm-3m,0.0,0.0,2,True,17.0,47.0,30.0,32.0,15.0,17.0,65.0,94.0,29.0,79.5,14.5,65.0,35.453,107.8682,72.4152,71.6606,36.2076,35.453,171.6,1234.93,1063.3300000000002,703.265,531.665,171.6,11.0,17.0,6.0,14.0,3.0,11.0,3.0,5.0,2.0,4.0,1.0,3.0,102.0,145.0,43.0,123.5,21.5,102.0,1.93,3.16,1.2300000000000002,2.545,0.6150000000000001,1.93,1.0,2.0,1.0,1.5,0.5,1.0,0.0,5.0,5.0,2.5,2.5,0.0,0.0,10.0,10.0,5.0,5.0,0.0,0.0,0.0,0.0,0.0,0.0,0.0,7.0,11.0,4.0,9.0,2.0,7.0,0.0,1.0,1.0,0.5,0.5,0.0,0.0,1.0,1.0,0.5,0.5,0.0,0.0,0.0,0.0,0.0,0.0,0.0,0.0,0.0,0.0,0.0,0.0,0.0,1.0,1.0,0.0,1.0,0.0,1.0,16.33,24.4975,8.1675,20.41375,4.08375,16.33,0.0,2.493,2.493,1.2465,1.2465,0.0,0.0,0.0,0.0,0.0,0.0,0.0,64.0,225.0,161.0,144.5,80.5,64.0
mp-22925,AgI,Ag,Cubic,F-43m,0.0,0.0,2,False,47.0,53.0,6.0,50.0,3.0,47.0,65.0,96.0,31.0,80.5,15.5,65.0,107.8682,126.90447,19.036270000000002,117.386335,9.518135000000001,107.8682,386.85,1234.93,848.08,810.8900000000001,424.04,386.85,11.0,17.0,6.0,14.0,3.0,11.0,5.0,5.0,0.0,5.0,0.0,5.0,139.0,145.0,6.0,142.0,3.0,139.0,1.93,2.66,0.7300000000000002,2.295,0.3650000000000001,1.93,1.0,2.0,1.0,1.5,0.5,1.0,0.0,5.0,5.0,2.5,2.5,0.0,10.0,10.0,0.0,10.0,0.0,10.0,0.0,0.0,0.0,0.0,0.0,0.0,11.0,17.0,6.0,14.0,3.0,11.0,0.0,1.0,1.0,0.5,0.5,0.0,0.0,1.0,1.0,0.5,0.5,0.0,0.0,0.0,0.0,0.0,0.0,0.0,0.0,0.0,0.0,0.0,0.0,0.0,1.0,1.0,0.0,1.0,0.0,1.0,16.33,43.015,26.685000000000002,29.6725,13.342500000000001,16.33,0.0,1.062,1.062,0.531,0.531,0.0,0.0,0.0,0.0,0.0,0.0,0.0,64.0,225.0,161.0,144.5,80.5,64.0
mp-23162,ZrCl2,Zr,Trigonal,R3m,0.0,0.0,3,True,17.0,40.0,23.0,24.666666666666668,10.222222222222223,17.0,44.0,94.0,50.0,77.33333333333333,22.222222222222225,94.0,35.453,91.224,55.771,54.04333333333333,24.787111111111113,35.453,171.6,2128.0,1956.4,823.7333333333332,869.5111111111111,171.6,4.0,17.0,13.0,12.666666666666666,5.777777777777779,17.0,3.0,5.0,2.0,3.6666666666666665,0.8888888888888888,3.0,102.0,175.0,73.0,126.33333333333333,32.44444444444444,102.0,1.33,3.16,1.83,2.5500000000000003,0.8133333333333334,3.16,2.0,2.0,0.0,2.0,0.0,2.0,0.0,5.0,5.0,3.3333333333333335,2.222222222222222,5.0,0.0,2.0,2.0,0.6666666666666666,0.888888888888889,0.0,0.0,0.0,0.0,0.0,0.0,0.0,4.0,7.0,3.0,6.0,1.3333333333333333,7.0,0.0,0.0,0.0,0.0,0.0,0.0,0.0,1.0,1.0,0.6666666666666666,0.4444444444444445,1.0,0.0,8.0,8.0,2.6666666666666665,3.555555555555556,0.0,0.0,0.0,0.0,0.0,0.0,0.0,1.0,8.0,7.0,3.3333333333333335,3.1111111111111107,1.0,23.195,24.4975,1.3024999999999984,24.063333333333333,0.5788888888888882,24.4975,0.0,2.493,2.493,1.662,1.1079999999999999,2.493,0.0,0.0,0.0,0.0,0.0,0.0,64.0,194.0,130.0,107.33333333333333,57.77777777777777,64.0
mp-23165,PtBr3,Pt,Trigonal,R-3,0.0,0.0,48,True,35.0,78.0,43.0,45.75,16.125,35.0,63.0,95.0,32.0,87.0,12.0,95.0,79.904,195.084,115.18,108.699,43.1925,79.904,265.8,2041.4,1775.6000000000001,709.7,665.85,265.8,10.0,17.0,7.0,15.25,2.625,17.0,4.0,6.0,2.0,4.5,0.75,4.0,120.0,136.0,16.0,124.0,6.0,120.0,2.28,2.96,0.6800000000000002,2.7899999999999996,0.2550000000000002,2.96,1.0,2.0,1.0,1.75,0.375,2.0,0.0,5.0,5.0,3.75,1.875,5.0,9.0,10.0,1.0,9.75,0.375,10.0,0.0,14.0,14.0,3.5,5.25,0.0,17.0,24.0,7.0,18.75,2.625,17.0,0.0,1.0,1.0,0.25,0.375,0.0,0.0,1.0,1.0,0.75,0.375,1.0,0.0,1.0,1.0,0.25,0.375,0.0,0.0,0.0,0.0,0.0,0.0,0.0,1.0,2.0,1.0,1.25,0.375,1.0,15.02,29.48,14.46,25.865,5.422500000000001,29.48,0.0,1.457,1.457,1.09275,0.546375,1.457,0.0,0.0,0.0,0.0,0.0,0.0,64.0,225.0,161.0,104.25,60.375,64.0
mp-23173,HgI2,Hg,Orthorhombic,Cmc2_1,0.0,0.0,6,False,53.0,80.0,27.0,62.0,12.0,53.0,71.0,96.0,25.0,87.66666666666667,11.111111111111109,96.0,126.90447,200.59,73.68553,151.46631333333335,32.74912444444445,126.90447,234.32,386.85,152.53000000000003,336.00666666666666,67.79111111111114,386.85,12.0,17.0,5.0,15.333333333333334,2.222222222222222,17.0,5.0,6.0,1.0,5.333333333333333,0.44444444444444436,5.0,132.0,139.0,7.0,136.66666666666666,3.1111111111111143,139.0,2.0,2.66,0.6600000000000001,2.44,0.29333333333333345,2.66,2.0,2.0,0.0,2.0,0.0,2.0,0.0,5.0,5.0,3.3333333333333335,2.222222222222222,5.0,10.0,10.0,0.0,10.0,0.0,10.0,0.0,14.0,14.0,4.666666666666667,6.222222222222221,0.0,17.0,26.0,9.0,20.0,4.0,17.0,0.0,0.0,0.0,0.0,0.0,0.0,0.0,1.0,1.0,0.6666666666666666,0.4444444444444445,1.0,0.0,0.0,0.0,0.0,0.0,0.0,0.0,0.0,0.0,0.0,0.0,0.0,0.0,1.0,1.0,0.6666666666666666,0.4444444444444445,1.0,25.2375862069,43.015,17.7774137931,37.0891954023,7.901072796933334,43.015,0.0,1.062,1.062,0.7080000000000001,0.472,1.062,0.0,0.0,0.0,0.0,0.0,0.0,64.0,166.0,102.0,98.0,45.333333333333336,64.0
mp-23174,ReCl3,Re,Trigonal,R-3m,0.0,0.0,24,True,17.0,75.0,58.0,31.5,21.75,17.0,54.0,94.0,40.0,84.0,15.0,94.0,35.453,186.207,150.754,73.14150000000001,56.53275,35.453,171.6,3459.0,3287.4,993.45,1232.775,171.6,7.0,17.0,10.0,14.5,3.75,17.0,3.0,6.0,3.0,3.75,1.125,3.0,102.0,151.0,49.0,114.25,18.375,102.0,1.9,3.16,1.2600000000000002,2.845,0.47250000000000003,3.16,2.0,2.0,0.0,2.0,0.0,2.0,0.0,5.0,5.0,3.75,1.875,5.0,0.0,5.0,5.0,1.25,1.875,0.0,0.0,14.0,14.0,3.5,5.25,0.0,7.0,21.0,14.0,10.5,5.25,7.0,0.0,0.0,0.0,0.0,0.0,0.0,0.0,1.0,1.0,0.75,0.375,1.0,0.0,5.0,5.0,1.25,1.875,0.0,0.0,0.0,0.0,0.0,0.0,0.0,1.0,5.0,4.0,2.0,1.5,1.0,14.655,24.4975,9.8425,22.036875,3.6909375,24.4975,0.0,2.493,2.493,1.8697499999999998,0.934875,2.493,0.0,0.0,0.0,0.0,0.0,0.0,64.0,194.0,130.0,96.5,48.75,64.0
mp-23177,HgBr,Hg,Tetragonal,I4/mmm,0.0,0.0,4,True,35.0,80.0,45.0,57.5,22.5,35.0,71.0,95.0,24.0,83.0,12.0,71.0,79.904,200.59,120.686,140.247,60.343,79.904,234.32,265.8,31.480000000000018,250.06,15.740000000000009,234.32,12.0,17.0,5.0,14.5,2.5,12.0,4.0,6.0,2.0,5.0,1.0,4.0,120.0,132.0,12.0,126.0,6.0,120.0,2.0,2.96,0.96,2.48,0.48,2.0,2.0,2.0,0.0,2.0,0.0,2.0,0.0,5.0,5.0,2.5,2.5,0.0,10.0,10.0,0.0,10.0,0.0,10.0,0.0,14.0,14.0,7.0,7.0,0.0,17.0,26.0,9.0,21.5,4.5,17.0,0.0,0.0,0.0,0.0,0.0,0.0,0.0,1.0,1.0,0.5,0.5,0.0,0.0,0.0,0.0,0.0,0.0,0.0,0.0,0.0,0.0,0.0,0.0,0.0,0.0,1.0,1.0,0.5,0.5,0.0,25.2375862069,29.48,4.242413793099999,27.35879310345,2.1212068965499995,25.2375862069,0.0,1.457,1.457,0.7285,0.7285,0.0,0.0,0.0,0.0,0.0,0.0,0.0,64.0,166.0,102.0,115.0,51.0,64.0
mp-23178,WCl6,W,Trigonal,P-3m1,0.0,0.0,21,False,17.0,74.0,57.0,25.142857142857142,13.959183673469388,17.0,51.0,94.0,43.0,87.85714285714286,10.530612244897956,94.0,35.453,183.84,148.387,56.65114285714286,36.339673469387755,35.453,171.6,3695.0,3523.4,674.9428571428572,862.8734693877551,171.6,6.0,17.0,11.0,15.428571428571429,2.6938775510204076,17.0,3.0,6.0,3.0,3.4285714285714284,0.7346938775510203,3.0,102.0,162.0,60.0,110.57142857142857,14.693877551020407,102.0,2.36,3.16,0.8000000000000003,3.045714285714286,0.19591836734693885,3.16,2.0,2.0,0.0,2.0,0.0,2.0,0.0,5.0,5.0,4.285714285714286,1.2244897959183676,5.0,0.0,4.0,4.0,0.5714285714285714,0.979591836734694,0.0,0.0,14.0,14.0,2.0,3.4285714285714284,0.0,7.0,20.0,13.0,8.857142857142858,3.1836734693877555,7.0,0.0,0.0,0.0,0.0,0.0,0.0,0.0,1.0,1.0,0.8571428571428571,0.2448979591836735,1.0,0.0,6.0,6.0,0.8571428571428571,1.4693877551020407,0.0,0.0,0.0,0.0,0.0,0.0,0.0,1.0,6.0,5.0,1.7142857142857142,1.2244897959183672,1.0,16.05,24.4975,8.447499999999998,23.290714285714284,2.0687755102040817,24.4975,0.0,2.493,2.493,2.1368571428571426,0.610530612244898,2.493,0.0,0.0,0.0,0.0,0.0,0.0,64.0,229.0,165.0,87.57142857142857,40.40816326530613,64.0
mp-23186,Sc7Cl12,Sc,Trigonal,R-3,6.9618419,0.3664127315789473,19,False,17.0,21.0,4.0,18.473684210526315,1.861495844875346,17.0,11.0,94.0,83.0,63.421052631578945,38.62603878116343,94.0,35.453,44.955912,9.502911999999995,38.95407284210526,4.422407800554014,35.453,171.6,1814.0,1642.4,776.6947368421053,764.3301939058172,171.6,3.0,17.0,14.0,11.842105263157896,6.515235457063712,17.0,3.0,4.0,1.0,3.3684210526315788,0.4653739612188365,3.0,102.0,170.0,68.0,127.05263157894737,31.64542936288089,102.0,1.36,3.16,1.8,2.496842105263158,0.8376731301939058,3.16,2.0,2.0,0.0,2.0,0.0,2.0,0.0,5.0,5.0,3.1578947368421053,2.326869806094183,5.0,0.0,1.0,1.0,0.3684210526315789,0.4653739612188365,0.0,0.0,0.0,0.0,0.0,0.0,0.0,3.0,7.0,4.0,5.526315789473684,1.861495844875346,7.0,0.0,0.0,0.0,0.0,0.0,0.0,0.0,1.0,1.0,0.631578947368421,0.4653739612188365,1.0,0.0,9.0,9.0,3.3157894736842106,4.188365650969529,0.0,0.0,0.0,0.0,0.0,0.0,0.0,1.0,9.0,8.0,3.9473684210526314,3.722991689750692,1.0,22.235,24.4975,2.2624999999999993,23.66394736842105,1.0529085872576183,24.4975,0.0,2.493,2.493,1.5745263157894736,1.1601772853185597,2.493,0.0,6.35e-06,6.35e-06,2.3394736842105263e-06,2.9551246537396125e-06,0.0,64.0,194.0,130.0,111.89473684210526,60.49861495844875,64.0
mp-23192,HgI2,Hg,Tetragonal,P4_2/nmc,0.0,0.0,6,True,53.0,80.0,27.0,62.0,12.0,53.0,71.0,96.0,25.0,87.66666666666667,11.111111111111109,96.0,126.90447,200.59,73.68553,151.46631333333335,32.74912444444445,126.90447,234.32,386.85,152.53000000000003,336.00666666666666,67.79111111111114,386.85,12.0,17.0,5.0,15.333333333333334,2.222222222222222,17.0,5.0,6.0,1.0,5.333333333333333,0.44444444444444436,5.0,132.0,139.0,7.0,136.66666666666666,3.1111111111111143,139.0,2.0,2.66,0.6600000000000001,2.44,0.29333333333333345,2.66,2.0,2.0,0.0,2.0,0.0,2.0,0.0,5.0,5.0,3.3333333333333335,2.222222222222222,5.0,10.0,10.0,0.0,10.0,0.0,10.0,0.0,14.0,14.0,4.666666666666667,6.222222222222221,0.0,17.0,26.0,9.0,20.0,4.0,17.0,0.0,0.0,0.0,0.0,0.0,0.0,0.0,1.0,1.0,0.6666666666666666,0.4444444444444445,1.0,0.0,0.0,0.0,0.0,0.0,0.0,0.0,0.0,0.0,0.0,0.0,0.0,0.0,1.0,1.0,0.6666666666666666,0.4444444444444445,1.0,25.2375862069,43.015,17.7774137931,37.0891954023,7.901072796933334,43.015,0.0,1.062,1.062,0.7080000000000001,0.472,1.062,0.0,0.0,0.0,0.0,0.0,0.0,64.0,166.0,102.0,98.0,45.333333333333336,64.0
mp-23204,FeCl3,Fe,Trigonal,R-3,1.9987701,0.2498462625,8,False,17.0,26.0,9.0,19.25,3.375,17.0,55.0,94.0,39.0,84.25,14.625,94.0,35.453,55.845,20.391999999999996,40.551,7.6469999999999985,35.453,171.6,1811.0,1639.4,581.45,614.7750000000001,171.6,8.0,17.0,9.0,14.75,3.375,17.0,3.0,4.0,1.0,3.25,0.375,3.0,102.0,132.0,30.0,109.5,11.25,102.0,1.83,3.16,1.33,2.8275,0.49875,3.16,2.0,2.0,0.0,2.0,0.0,2.0,0.0,5.0,5.0,3.75,1.875,5.0,0.0,6.0,6.0,1.5,2.25,0.0,0.0,0.0,0.0,0.0,0.0,0.0,7.0,8.0,1.0,7.25,0.375,7.0,0.0,0.0,0.0,0.0,0.0,0.0,0.0,1.0,1.0,0.75,0.375,1.0,0.0,4.0,4.0,1.0,1.5,0.0,0.0,0.0,0.0,0.0,0.0,0.0,1.0,4.0,3.0,1.75,1.125,1.0,10.73,24.4975,13.767499999999998,21.055625,5.162812499999999,24.4975,0.0,2.493,2.493,1.8697499999999998,0.934875,2.493,0.0,2.1106628,2.1106628,0.5276657,0.79149855,0.0,64.0,229.0,165.0,105.25,61.875,64.0
mp-23212,CuBr,Cu,Cubic,Pa-3,0.0006547,4.091875e-05,16,False,29.0,35.0,6.0,32.0,3.0,29.0,64.0,95.0,31.0,79.5,15.5,64.0,63.546,79.904,16.357999999999997,71.725,8.178999999999998,63.546,265.8,1357.77,1091.97,811.785,545.9849999999999,265.8,11.0,17.0,6.0,14.0,3.0,11.0,4.0,4.0,0.0,4.0,0.0,4.0,120.0,132.0,12.0,126.0,6.0,120.0,1.9,2.96,1.06,2.4299999999999997,0.53,1.9,1.0,2.0,1.0,1.5,0.5,1.0,0.0,5.0,5.0,2.5,2.5,0.0,10.0,10.0,0.0,10.0,0.0,10.0,0.0,0.0,0.0,0.0,0.0,0.0,11.0,17.0,6.0,14.0,3.0,11.0,0.0,1.0,1.0,0.5,0.5,0.0,0.0,1.0,1.0,0.5,0.5,0.0,0.0,0.0,0.0,0.0,0.0,0.0,0.0,0.0,0.0,0.0,0.0,0.0,1.0,1.0,0.0,1.0,0.0,1.0,11.07,29.48,18.41,20.275,9.205,11.07,0.0,1.457,1.457,0.7285,0.7285,0.0,0.0,0.0,0.0,0.0,0.0,0.0,64.0,225.0,161.0,144.5,80.5,64.0
mp-23219,CuBr2,Cu,Monoclinic,C2/m,1.0031586,0.3343861999999999,3,False,29.0,35.0,6.0,33.0,2.6666666666666665,35.0,64.0,95.0,31.0,84.66666666666667,13.777777777777777,95.0,63.546,79.904,16.357999999999997,74.45133333333332,7.270222222222223,79.904,265.8,1357.77,1091.97,629.79,485.32,265.8,11.0,17.0,6.0,15.0,2.6666666666666665,17.0,4.0,4.0,0.0,4.0,0.0,4.0,120.0,132.0,12.0,124.0,5.333333333333333,120.0,1.9,2.96,1.06,2.606666666666667,0.47111111111111104,2.96,1.0,2.0,1.0,1.6666666666666667,0.4444444444444444,2.0,0.0,5.0,5.0,3.3333333333333335,2.222222222222222,5.0,10.0,10.0,0.0,10.0,0.0,10.0,0.0,0.0,0.0,0.0,0.0,0.0,11.0,17.0,6.0,15.0,2.6666666666666665,17.0,0.0,1.0,1.0,0.3333333333333333,0.4444444444444445,0.0,0.0,1.0,1.0,0.6666666666666666,0.4444444444444445,1.0,0.0,0.0,0.0,0.0,0.0,0.0,0.0,0.0,0.0,0.0,0.0,0.0,1.0,1.0,0.0,1.0,0.0,1.0,11.07,29.48,18.41,23.343333333333334,8.182222222222222,29.48,0.0,1.457,1.457,0.9713333333333334,0.6475555555555556,1.457,0.0,0.0,0.0,0.0,0.0,0.0,64.0,225.0,161.0,117.66666666666667,71.55555555555556,64.0
mp-23223,TiI3,Ti,Hexagonal,P6_3/mcm,0.8070297,0.1008787125,8,False,22.0,53.0,31.0,45.25,11.625,53.0,43.0,96.0,53.0,82.75,19.875,96.0,47.867,126.90447,79.03747000000001,107.14510250000001,29.63905125,126.90447,386.85,1941.0,1554.15,775.3875,582.8062500000001,386.85,4.0,17.0,13.0,13.75,4.875,17.0,4.0,5.0,1.0,4.75,0.375,5.0,139.0,160.0,21.0,144.25,7.875,139.0,1.54,2.66,1.12,2.38,0.42000000000000015,2.66,2.0,2.0,0.0,2.0,0.0,2.0,0.0,5.0,5.0,3.75,1.875,5.0,2.0,10.0,8.0,8.0,3.0,10.0,0.0,0.0,0.0,0.0,0.0,0.0,4.0,17.0,13.0,13.75,4.875,17.0,0.0,0.0,0.0,0.0,0.0,0.0,0.0,1.0,1.0,0.75,0.375,1.0,0.0,8.0,8.0,2.0,3.0,0.0,0.0,0.0,0.0,0.0,0.0,0.0,1.0,8.0,7.0,2.75,2.625,1.0,16.69,43.015,26.325,36.43375,9.871875,43.015,0.0,1.062,1.062,0.7965,0.39825000000000005,1.062,0.0,2.25333333333e-05,2.25333333333e-05,5.633333333325e-06,8.4499999999875e-06,0.0,64.0,194.0,130.0,96.5,48.75,64.0
mp-23226,Nb6I11,Nb,Orthorhombic,Pccn,3.9620902,0.0582660323529411,68,False,41.0,53.0,12.0,48.76470588235294,5.4809688581314875,53.0,47.0,96.0,49.0,78.70588235294117,22.380622837370243,96.0,92.90638,126.90447,33.998090000000005,114.90514411764707,15.528539377162629,126.90447,386.85,2750.0,2363.15,1220.9029411764704,1079.3626297577853,386.85,5.0,17.0,12.0,12.764705882352942,5.4809688581314875,17.0,5.0,5.0,0.0,5.0,0.0,5.0,139.0,164.0,25.0,147.8235294117647,11.418685121107263,139.0,1.6,2.66,1.06,2.2858823529411763,0.4841522491349482,2.66,1.0,2.0,1.0,1.6470588235294117,0.4567474048442907,2.0,0.0,5.0,5.0,3.235294117647059,2.2837370242214536,5.0,4.0,10.0,6.0,7.882352941176471,2.7404844290657437,10.0,0.0,0.0,0.0,0.0,0.0,0.0,5.0,17.0,12.0,12.764705882352942,5.4809688581314875,17.0,0.0,1.0,1.0,0.35294117647058826,0.45674740484429066,0.0,0.0,1.0,1.0,0.6470588235294118,0.45674740484429066,1.0,0.0,6.0,6.0,2.1176470588235294,2.7404844290657437,0.0,0.0,0.0,0.0,0.0,0.0,0.0,1.0,7.0,6.0,3.1176470588235294,2.7404844290657437,1.0,18.18,43.015,24.835,34.24970588235294,11.343321799307958,43.015,0.0,1.062,1.062,0.6871764705882353,0.4850657439446367,1.062,0.0,0.0,0.0,0.0,0.0,0.0,64.0,229.0,165.0,122.23529411764706,75.36332179930797,64.0
mp-23227,CuBr,Cu,Hexagonal,P6_3/mmc,0.0,0.0,4,False,29.0,35.0,6.0,32.0,3.0,29.0,64.0,95.0,31.0,79.5,15.5,64.0,63.546,79.904,16.357999999999997,71.725,8.178999999999998,63.546,265.8,1357.77,1091.97,811.785,545.9849999999999,265.8,11.0,17.0,6.0,14.0,3.0,11.0,4.0,4.0,0.0,4.0,0.0,4.0,120.0,132.0,12.0,126.0,6.0,120.0,1.9,2.96,1.06,2.4299999999999997,0.53,1.9,1.0,2.0,1.0,1.5,0.5,1.0,0.0,5.0,5.0,2.5,2.5,0.0,10.0,10.0,0.0,10.0,0.0,10.0,0.0,0.0,0.0,0.0,0.0,0.0,11.0,17.0,6.0,14.0,3.0,11.0,0.0,1.0,1.0,0.5,0.5,0.0,0.0,1.0,1.0,0.5,0.5,0.0,0.0,0.0,0.0,0.0,0.0,0.0,0.0,0.0,0.0,0.0,0.0,0.0,1.0,1.0,0.0,1.0,0.0,1.0,11.07,29.48,18.41,20.275,9.205,11.07,0.0,1.457,1.457,0.7285,0.7285,0.0,0.0,0.0,0.0,0.0,0.0,0.0,64.0,225.0,161.0,144.5,80.5,64.0
mp-23229,FeCl2,Fe,Trigonal,R-3m,3.9999999,1.3333333,3,False,17.0,26.0,9.0,20.0,4.0,17.0,55.0,94.0,39.0,81.0,17.333333333333332,94.0,35.453,55.845,20.391999999999996,42.25033333333334,9.06311111111111,35.453,171.6,1811.0,1639.4,718.0666666666666,728.6222222222223,171.6,8.0,17.0,9.0,14.0,4.0,17.0,3.0,4.0,1.0,3.3333333333333335,0.4444444444444445,3.0,102.0,132.0,30.0,112.0,13.333333333333334,102.0,1.83,3.16,1.33,2.716666666666667,0.5911111111111111,3.16,2.0,2.0,0.0,2.0,0.0,2.0,0.0,5.0,5.0,3.3333333333333335,2.222222222222222,5.0,0.0,6.0,6.0,2.0,2.6666666666666665,0.0,0.0,0.0,0.0,0.0,0.0,0.0,7.0,8.0,1.0,7.333333333333333,0.44444444444444436,7.0,0.0,0.0,0.0,0.0,0.0,0.0,0.0,1.0,1.0,0.6666666666666666,0.4444444444444445,1.0,0.0,4.0,4.0,1.3333333333333333,1.777777777777778,0.0,0.0,0.0,0.0,0.0,0.0,0.0,1.0,4.0,3.0,2.0,1.3333333333333333,1.0,10.73,24.4975,13.767499999999998,19.90833333333333,6.118888888888889,24.4975,0.0,2.493,2.493,1.662,1.1079999999999999,2.493,0.0,2.1106628,2.1106628,0.7035542666666667,0.9380723555555557,0.0,64.0,229.0,165.0,119.0,73.33333333333333,64.0
mp-23231,AgBr,Ag,Cubic,Fm-3m,0.0,0.0,2,True,35.0,47.0,12.0,41.0,6.0,35.0,65.0,95.0,30.0,80.0,15.0,65.0,79.904,107.8682,27.964200000000005,93.8861,13.982100000000003,79.904,265.8,1234.93,969.1300000000001,750.365,484.56500000000005,265.8,11.0,17.0,6.0,14.0,3.0,11.0,4.0,5.0,1.0,4.5,0.5,4.0,120.0,145.0,25.0,132.5,12.5,120.0,1.93,2.96,1.03,2.445,0.515,1.93,1.0,2.0,1.0,1.5,0.5,1.0,0.0,5.0,5.0,2.5,2.5,0.0,10.0,10.0,0.0,10.0,0.0,10.0,0.0,0.0,0.0,0.0,0.0,0.0,11.0,17.0,6.0,14.0,3.0,11.0,0.0,1.0,1.0,0.5,0.5,0.0,0.0,1.0,1.0,0.5,0.5,0.0,0.0,0.0,0.0,0.0,0.0,0.0,0.0,0.0,0.0,0.0,0.0,0.0,1.0,1.0,0.0,1.0,0.0,1.0,16.33,29.48,13.150000000000002,22.905,6.575000000000001,16.33,0.0,1.457,1.457,0.7285,0.7285,0.0,0.0,0.0,0.0,0.0,0.0,0.0,64.0,225.0,161.0,144.5,80.5,64.0
mp-23232,FeBr3,Fe,Trigonal,R-3,10.0000001,1.2500000125,8,True,26.0,35.0,9.0,32.75,3.375,35.0,55.0,95.0,40.0,85.0,15.0,95.0,55.845,79.904,24.058999999999997,73.88925,9.022124999999996,79.904,265.8,1811.0,1545.2,652.1,579.45,265.8,8.0,17.0,9.0,14.75,3.375,17.0,4.0,4.0,0.0,4.0,0.0,4.0,120.0,132.0,12.0,123.0,4.5,120.0,1.83,2.96,1.13,2.6774999999999998,0.42375000000000007,2.96,2.0,2.0,0.0,2.0,0.0,2.0,0.0,5.0,5.0,3.75,1.875,5.0,6.0,10.0,4.0,9.0,1.5,10.0,0.0,0.0,0.0,0.0,0.0,0.0,8.0,17.0,9.0,14.75,3.375,17.0,0.0,0.0,0.0,0.0,0.0,0.0,0.0,1.0,1.0,0.75,0.375,1.0,0.0,4.0,4.0,1.0,1.5,0.0,0.0,0.0,0.0,0.0,0.0,0.0,1.0,4.0,3.0,1.75,1.125,1.0,10.73,29.48,18.75,24.7925,7.03125,29.48,0.0,1.457,1.457,1.09275,0.546375,1.457,0.0,2.1106628,2.1106628,0.5276657,0.79149855,0.0,64.0,229.0,165.0,105.25,61.875,64.0
mp-23238,Ta3I7,Ta,Orthorhombic,Cmce,1.2e-06,3e-08,40,True,53.0,73.0,20.0,59.0,8.4,53.0,48.0,96.0,48.0,81.6,20.160000000000004,96.0,126.90447,180.94788,54.043409999999994,143.11749300000002,22.698232200000007,126.90447,386.85,3290.0,2903.15,1257.795,1219.3229999999999,386.85,5.0,17.0,12.0,13.4,5.04,17.0,5.0,6.0,1.0,5.3,0.41999999999999993,5.0,139.0,170.0,31.0,148.3,13.020000000000005,139.0,1.5,2.66,1.1600000000000001,2.3120000000000003,0.48719999999999997,2.66,2.0,2.0,0.0,2.0,0.0,2.0,0.0,5.0,5.0,3.5,2.1,5.0,3.0,10.0,7.0,7.9,2.94,10.0,0.0,14.0,14.0,4.2,5.880000000000001,0.0,17.0,19.0,2.0,17.6,0.8400000000000005,17.0,0.0,0.0,0.0,0.0,0.0,0.0,0.0,1.0,1.0,0.7,0.42000000000000004,1.0,0.0,7.0,7.0,2.1,2.9400000000000004,0.0,0.0,0.0,0.0,0.0,0.0,0.0,1.0,7.0,6.0,2.8,2.52,1.0,18.12,43.015,24.895,35.5465,10.4559,43.015,0.0,1.062,1.062,0.7434000000000001,0.44604,1.062,0.0,0.0,0.0,0.0,0.0,0.0,64.0,229.0,165.0,113.5,69.3,64.0
mp-23240,CoCl2,Co,Trigonal,R-3m,2.9979683,0.9993227666666668,3,True,17.0,27.0,10.0,20.333333333333332,4.444444444444444,17.0,58.0,94.0,36.0,82.0,16.0,94.0,35.453,58.933195,23.480194999999995,43.27973166666667,10.43564222222222,35.453,171.6,1768.0,1596.4,703.7333333333332,709.5111111111111,171.6,9.0,17.0,8.0,14.333333333333334,3.5555555555555554,17.0,3.0,4.0,1.0,3.3333333333333335,0.4444444444444445,3.0,102.0,126.0,24.0,110.0,10.666666666666666,102.0,1.88,3.16,1.2800000000000002,2.733333333333333,0.5688888888888891,3.16,2.0,2.0,0.0,2.0,0.0,2.0,0.0,5.0,5.0,3.3333333333333335,2.222222222222222,5.0,0.0,7.0,7.0,2.3333333333333335,3.1111111111111107,0.0,0.0,0.0,0.0,0.0,0.0,0.0,7.0,9.0,2.0,7.666666666666667,0.888888888888889,7.0,0.0,0.0,0.0,0.0,0.0,0.0,0.0,1.0,1.0,0.6666666666666666,0.4444444444444445,1.0,0.0,3.0,3.0,1.0,1.3333333333333333,0.0,0.0,0.0,0.0,0.0,0.0,0.0,1.0,3.0,2.0,1.6666666666666667,0.888888888888889,1.0,10.245,24.4975,14.2525,19.746666666666666,6.334444444444443,24.4975,0.0,2.493,2.493,1.662,1.1079999999999999,2.493,0.0,1.5484712,1.5484712,0.5161570666666667,0.6882094222222221,0.0,64.0,194.0,130.0,107.33333333333333,57.77777777777777,64.0
mp-23247,ZrBr3,Zr,Hexagonal,P6_3/mcm,4e-07,5e-08,8,True,35.0,40.0,5.0,36.25,1.875,35.0,44.0,95.0,51.0,82.25,19.125,95.0,79.904,91.224,11.320000000000007,82.734,4.245000000000001,79.904,265.8,2128.0,1862.2,731.35,698.325,265.8,4.0,17.0,13.0,13.75,4.875,17.0,4.0,5.0,1.0,4.25,0.375,4.0,120.0,175.0,55.0,133.75,20.625,120.0,1.33,2.96,1.63,2.5524999999999998,0.6112500000000001,2.96,2.0,2.0,0.0,2.0,0.0,2.0,0.0,5.0,5.0,3.75,1.875,5.0,2.0,10.0,8.0,8.0,3.0,10.0,0.0,0.0,0.0,0.0,0.0,0.0,4.0,17.0,13.0,13.75,4.875,17.0,0.0,0.0,0.0,0.0,0.0,0.0,0.0,1.0,1.0,0.75,0.375,1.0,0.0,8.0,8.0,2.0,3.0,0.0,0.0,0.0,0.0,0.0,0.0,0.0,1.0,8.0,7.0,2.75,2.625,1.0,23.195,29.48,6.285,27.908749999999998,2.3568750000000014,29.48,0.0,1.457,1.457,1.09275,0.546375,1.457,0.0,0.0,0.0,0.0,0.0,0.0,64.0,194.0,130.0,96.5,48.75,64.0
mp-23264,TiI3,Ti,Orthorhombic,Pmmn,1e-07,6.25e-09,16,True,22.0,53.0,31.0,45.25,11.625,53.0,43.0,96.0,53.0,82.75,19.875,96.0,47.867,126.90447,79.03747000000001,107.14510250000001,29.63905125,126.90447,386.85,1941.0,1554.15,775.3875,582.8062500000001,386.85,4.0,17.0,13.0,13.75,4.875,17.0,4.0,5.0,1.0,4.75,0.375,5.0,139.0,160.0,21.0,144.25,7.875,139.0,1.54,2.66,1.12,2.38,0.42000000000000015,2.66,2.0,2.0,0.0,2.0,0.0,2.0,0.0,5.0,5.0,3.75,1.875,5.0,2.0,10.0,8.0,8.0,3.0,10.0,0.0,0.0,0.0,0.0,0.0,0.0,4.0,17.0,13.0,13.75,4.875,17.0,0.0,0.0,0.0,0.0,0.0,0.0,0.0,1.0,1.0,0.75,0.375,1.0,0.0,8.0,8.0,2.0,3.0,0.0,0.0,0.0,0.0,0.0,0.0,0.0,1.0,8.0,7.0,2.75,2.625,1.0,16.69,43.015,26.325,36.43375,9.871875,43.015,0.0,1.062,1.062,0.7965,0.39825000000000005,1.062,0.0,2.25333333333e-05,2.25333333333e-05,5.633333333325e-06,8.4499999999875e-06,0.0,64.0,194.0,130.0,96.5,48.75,64.0
mp-23269,WCl3,W,Trigonal,R-3,0.0,0.0,24,False,17.0,74.0,57.0,31.25,21.375,17.0,51.0,94.0,43.0,83.25,16.125,94.0,35.453,183.84,148.387,72.54975,55.645125,35.453,171.6,3695.0,3523.4,1052.45,1321.275,171.6,6.0,17.0,11.0,14.25,4.125,17.0,3.0,6.0,3.0,3.75,1.125,3.0,102.0,162.0,60.0,117.0,22.5,102.0,2.36,3.16,0.8000000000000003,2.96,0.30000000000000016,3.16,2.0,2.0,0.0,2.0,0.0,2.0,0.0,5.0,5.0,3.75,1.875,5.0,0.0,4.0,4.0,1.0,1.5,0.0,0.0,14.0,14.0,3.5,5.25,0.0,7.0,20.0,13.0,10.25,4.875,7.0,0.0,0.0,0.0,0.0,0.0,0.0,0.0,1.0,1.0,0.75,0.375,1.0,0.0,6.0,6.0,1.5,2.25,0.0,0.0,0.0,0.0,0.0,0.0,0.0,1.0,6.0,5.0,2.25,1.875,1.0,16.05,24.4975,8.447499999999998,22.385624999999997,3.1678125,24.4975,0.0,2.493,2.493,1.8697499999999998,0.934875,2.493,0.0,0.0,0.0,0.0,0.0,0.0,64.0,229.0,165.0,105.25,61.875,64.0
mp-23274,Ta2Cl5,Ta,Cubic,Ia-3d,0.0224991,0.0001339232142857,168,True,17.0,73.0,56.0,33.0,22.857142857142858,17.0,48.0,94.0,46.0,80.85714285714286,18.77551020408163,94.0,35.453,180.94788,145.49488,77.02296571428572,59.385665306122455,35.453,171.6,3290.0,3118.4,1062.5714285714287,1272.8163265306123,171.6,5.0,17.0,12.0,13.571428571428571,4.89795918367347,17.0,3.0,6.0,3.0,3.857142857142857,1.2244897959183676,3.0,102.0,170.0,68.0,121.42857142857143,27.755102040816325,102.0,1.5,3.16,1.6600000000000001,2.685714285714286,0.6775510204081633,3.16,2.0,2.0,0.0,2.0,0.0,2.0,0.0,5.0,5.0,3.5714285714285716,2.0408163265306123,5.0,0.0,3.0,3.0,0.8571428571428571,1.2244897959183674,0.0,0.0,14.0,14.0,4.0,5.714285714285714,0.0,7.0,19.0,12.0,10.428571428571429,4.89795918367347,7.0,0.0,0.0,0.0,0.0,0.0,0.0,0.0,1.0,1.0,0.7142857142857143,0.4081632653061224,1.0,0.0,7.0,7.0,2.0,2.857142857142857,0.0,0.0,0.0,0.0,0.0,0.0,0.0,1.0,7.0,6.0,2.7142857142857144,2.448979591836735,1.0,18.12,24.4975,6.377499999999998,22.67535714285714,2.6030612244897955,24.4975,0.0,2.493,2.493,1.7807142857142857,1.0175510204081633,2.493,0.0,0.0,0.0,0.0,0.0,0.0,64.0,229.0,165.0,111.14285714285714,67.34693877551021,64.0
mp-23275,TiCl3,Ti,Trigonal,R-3,2.0000052,0.25000065,8,False,17.0,22.0,5.0,18.25,1.875,17.0,43.0,94.0,51.0,81.25,19.125,94.0,35.453,47.867,12.413999999999994,38.5565,4.655249999999997,35.453,171.6,1941.0,1769.4,613.95,663.5250000000001,171.6,4.0,17.0,13.0,13.75,4.875,17.0,3.0,4.0,1.0,3.25,0.375,3.0,102.0,160.0,58.0,116.5,21.75,102.0,1.54,3.16,1.62,2.755,0.6075000000000002,3.16,2.0,2.0,0.0,2.0,0.0,2.0,0.0,5.0,5.0,3.75,1.875,5.0,0.0,2.0,2.0,0.5,0.75,0.0,0.0,0.0,0.0,0.0,0.0,0.0,4.0,7.0,3.0,6.25,1.125,7.0,0.0,0.0,0.0,0.0,0.0,0.0,0.0,1.0,1.0,0.75,0.375,1.0,0.0,8.0,8.0,2.0,3.0,0.0,0.0,0.0,0.0,0.0,0.0,0.0,1.0,8.0,7.0,2.75,2.625,1.0,16.69,24.4975,7.807499999999997,22.545624999999998,2.9278125,24.4975,0.0,2.493,2.493,1.8697499999999998,0.934875,2.493,0.0,2.25333333333e-05,2.25333333333e-05,5.633333333325e-06,8.4499999999875e-06,0.0,64.0,194.0,130.0,96.5,48.75,64.0
mp-23282,ZrI3,Zr,Hexagonal,P6_3/mcm,1.3e-06,1.625e-07,8,False,40.0,53.0,13.0,49.75,4.875,53.0,44.0,96.0,52.0,83.0,19.5,96.0,91.224,126.90447,35.68047,117.9843525,13.380176250000002,126.90447,386.85,2128.0,1741.15,822.1375,652.9312500000001,386.85,4.0,17.0,13.0,13.75,4.875,17.0,5.0,5.0,0.0,5.0,0.0,5.0,139.0,175.0,36.0,148.0,13.5,139.0,1.33,2.66,1.33,2.3275,0.49875,2.66,2.0,2.0,0.0,2.0,0.0,2.0,0.0,5.0,5.0,3.75,1.875,5.0,2.0,10.0,8.0,8.0,3.0,10.0,0.0,0.0,0.0,0.0,0.0,0.0,4.0,17.0,13.0,13.75,4.875,17.0,0.0,0.0,0.0,0.0,0.0,0.0,0.0,1.0,1.0,0.75,0.375,1.0,0.0,8.0,8.0,2.0,3.0,0.0,0.0,0.0,0.0,0.0,0.0,0.0,1.0,8.0,7.0,2.75,2.625,1.0,23.195,43.015,19.82,38.06,7.432499999999999,43.015,0.0,1.062,1.062,0.7965,0.39825000000000005,1.062,0.0,0.0,0.0,0.0,0.0,0.0,64.0,194.0,130.0,96.5,48.75,64.0
mp-23287,CuCl,Cu,Cubic,Pa-3,0.0,0.0,16,False,17.0,29.0,12.0,23.0,6.0,17.0,64.0,94.0,30.0,79.0,15.0,64.0,35.453,63.546,28.092999999999996,49.4995,14.046499999999998,35.453,171.6,1357.77,1186.17,764.685,593.085,171.6,11.0,17.0,6.0,14.0,3.0,11.0,3.0,4.0,1.0,3.5,0.5,3.0,102.0,132.0,30.0,117.0,15.0,102.0,1.9,3.16,1.2600000000000002,2.5300000000000002,0.6300000000000001,1.9,1.0,2.0,1.0,1.5,0.5,1.0,0.0,5.0,5.0,2.5,2.5,0.0,0.0,10.0,10.0,5.0,5.0,0.0,0.0,0.0,0.0,0.0,0.0,0.0,7.0,11.0,4.0,9.0,2.0,7.0,0.0,1.0,1.0,0.5,0.5,0.0,0.0,1.0,1.0,0.5,0.5,0.0,0.0,0.0,0.0,0.0,0.0,0.0,0.0,0.0,0.0,0.0,0.0,0.0,1.0,1.0,0.0,1.0,0.0,1.0,11.07,24.4975,13.427499999999998,17.783749999999998,6.713749999999999,11.07,0.0,2.493,2.493,1.2465,1.2465,0.0,0.0,0.0,0.0,0.0,0.0,0.0,64.0,225.0,161.0,144.5,80.5,64.0
mp-23290,PtCl2,Pt,Trigonal,R-3m,0.0,0.0,18,True,17.0,78.0,61.0,37.333333333333336,27.111111111111114,17.0,63.0,94.0,31.0,83.66666666666667,13.777777777777777,94.0,35.453,195.084,159.631,88.66333333333334,70.94711111111111,35.453,171.6,2041.4,1869.8000000000002,794.8666666666667,831.0222222222222,171.6,10.0,17.0,7.0,14.666666666666666,3.111111111111111,17.0,3.0,6.0,3.0,4.0,1.3333333333333333,3.0,102.0,136.0,34.0,113.33333333333333,15.111111111111109,102.0,2.28,3.16,0.8800000000000003,2.8666666666666667,0.39111111111111124,3.16,1.0,2.0,1.0,1.6666666666666667,0.4444444444444444,2.0,0.0,5.0,5.0,3.3333333333333335,2.222222222222222,5.0,0.0,9.0,9.0,3.0,4.0,0.0,0.0,14.0,14.0,4.666666666666667,6.222222222222221,0.0,7.0,24.0,17.0,12.666666666666666,7.5555555555555545,7.0,0.0,1.0,1.0,0.3333333333333333,0.4444444444444445,0.0,0.0,1.0,1.0,0.6666666666666666,0.4444444444444445,1.0,0.0,1.0,1.0,0.3333333333333333,0.4444444444444445,0.0,0.0,0.0,0.0,0.0,0.0,0.0,1.0,2.0,1.0,1.3333333333333333,0.4444444444444444,1.0,15.02,24.4975,9.4775,21.338333333333335,4.212222222222221,24.4975,0.0,2.493,2.493,1.662,1.1079999999999999,2.493,0.0,0.0,0.0,0.0,0.0,0.0,64.0,225.0,161.0,117.66666666666667,71.55555555555556,64.0
mp-23292,HgBr2,Hg,Orthorhombic,Cmc2_1,0.0,0.0,6,True,35.0,80.0,45.0,50.0,20.0,35.0,71.0,95.0,24.0,87.0,10.666666666666666,95.0,79.904,200.59,120.686,120.13266666666668,53.638222222222225,79.904,234.32,265.8,31.480000000000018,255.3066666666667,13.99111111111111,265.8,12.0,17.0,5.0,15.333333333333334,2.222222222222222,17.0,4.0,6.0,2.0,4.666666666666667,0.888888888888889,4.0,120.0,132.0,12.0,124.0,5.333333333333333,120.0,2.0,2.96,0.96,2.64,0.4266666666666666,2.96,2.0,2.0,0.0,2.0,0.0,2.0,0.0,5.0,5.0,3.3333333333333335,2.222222222222222,5.0,10.0,10.0,0.0,10.0,0.0,10.0,0.0,14.0,14.0,4.666666666666667,6.222222222222221,0.0,17.0,26.0,9.0,20.0,4.0,17.0,0.0,0.0,0.0,0.0,0.0,0.0,0.0,1.0,1.0,0.6666666666666666,0.4444444444444445,1.0,0.0,0.0,0.0,0.0,0.0,0.0,0.0,0.0,0.0,0.0,0.0,0.0,0.0,1.0,1.0,0.6666666666666666,0.4444444444444445,1.0,25.2375862069,29.48,4.242413793099999,28.065862068966666,1.8855172413777777,29.48,0.0,1.457,1.457,0.9713333333333334,0.6475555555555556,1.457,0.0,0.0,0.0,0.0,0.0,0.0,64.0,166.0,102.0,98.0,45.333333333333336,64.0
mp-23294,RuBr3,Ru,Orthorhombic,Pmmn,1.7320451,0.10825281875,16,False,35.0,44.0,9.0,37.25,3.375,35.0,56.0,95.0,39.0,85.25,14.625,95.0,79.904,101.07,21.165999999999997,85.1955,7.937249999999999,79.904,265.8,2607.0,2341.2,851.1,877.95,265.8,8.0,17.0,9.0,14.75,3.375,17.0,4.0,5.0,1.0,4.25,0.375,4.0,120.0,146.0,26.0,126.5,9.75,120.0,2.2,2.96,0.7599999999999998,2.7699999999999996,0.28500000000000014,2.96,1.0,2.0,1.0,1.75,0.375,2.0,0.0,5.0,5.0,3.75,1.875,5.0,7.0,10.0,3.0,9.25,1.125,10.0,0.0,0.0,0.0,0.0,0.0,0.0,8.0,17.0,9.0,14.75,3.375,17.0,0.0,1.0,1.0,0.25,0.375,0.0,0.0,1.0,1.0,0.75,0.375,1.0,0.0,3.0,3.0,0.75,1.125,0.0,0.0,0.0,0.0,0.0,0.0,0.0,1.0,4.0,3.0,1.75,1.125,1.0,13.51,29.48,15.97,25.4875,5.98875,29.48,0.0,1.457,1.457,1.09275,0.546375,1.457,0.0,0.0,0.0,0.0,0.0,0.0,64.0,194.0,130.0,96.5,48.75,64.0
mp-23306,CuI,Cu,Trigonal,R-3m,1.48e-05,3.7e-06,4,False,29.0,53.0,24.0,41.0,12.0,29.0,64.0,96.0,32.0,80.0,16.0,64.0,63.546,126.90447,63.358470000000004,95.225235,31.679235000000002,63.546,386.85,1357.77,970.92,872.31,485.46,386.85,11.0,17.0,6.0,14.0,3.0,11.0,4.0,5.0,1.0,4.5,0.5,4.0,132.0,139.0,7.0,135.5,3.5,132.0,1.9,2.66,0.7600000000000002,2.2800000000000002,0.3800000000000001,1.9,1.0,2.0,1.0,1.5,0.5,1.0,0.0,5.0,5.0,2.5,2.5,0.0,10.0,10.0,0.0,10.0,0.0,10.0,0.0,0.0,0.0,0.0,0.0,0.0,11.0,17.0,6.0,14.0,3.0,11.0,0.0,1.0,1.0,0.5,0.5,0.0,0.0,1.0,1.0,0.5,0.5,0.0,0.0,0.0,0.0,0.0,0.0,0.0,0.0,0.0,0.0,0.0,0.0,0.0,1.0,1.0,0.0,1.0,0.0,1.0,11.07,43.015,31.945,27.0425,15.9725,11.07,0.0,1.062,1.062,0.531,0.531,0.0,0.0,0.0,0.0,0.0,0.0,0.0,64.0,225.0,161.0,144.5,80.5,64.0
mp-23307,NbCl5,Nb,Monoclinic,C2/m,0.0,0.0,36,True,17.0,41.0,24.0,21.0,6.666666666666667,17.0,47.0,94.0,47.0,86.16666666666667,13.055555555555552,94.0,35.453,92.90638,57.453379999999996,45.02856333333333,15.959272222222218,35.453,171.6,2750.0,2578.4,601.3333333333334,716.2222222222223,171.6,5.0,17.0,12.0,15.0,3.3333333333333335,17.0,3.0,5.0,2.0,3.3333333333333335,0.5555555555555557,3.0,102.0,164.0,62.0,112.33333333333333,17.222222222222218,102.0,1.6,3.16,1.56,2.9000000000000004,0.4333333333333332,3.16,1.0,2.0,1.0,1.8333333333333333,0.27777777777777785,2.0,0.0,5.0,5.0,4.166666666666667,1.3888888888888886,5.0,0.0,4.0,4.0,0.6666666666666666,1.111111111111111,0.0,0.0,0.0,0.0,0.0,0.0,0.0,5.0,7.0,2.0,6.666666666666667,0.5555555555555554,7.0,0.0,1.0,1.0,0.16666666666666666,0.27777777777777773,0.0,0.0,1.0,1.0,0.8333333333333334,0.27777777777777773,1.0,0.0,6.0,6.0,1.0,1.6666666666666667,0.0,0.0,0.0,0.0,0.0,0.0,0.0,1.0,7.0,6.0,2.0,1.6666666666666667,1.0,18.18,24.4975,6.317499999999999,23.44458333333333,1.754861111111112,24.4975,0.0,2.493,2.493,2.0775,0.6924999999999999,2.493,0.0,0.0,0.0,0.0,0.0,0.0,64.0,229.0,165.0,91.5,45.833333333333336,64.0
mp-23309,ScCl3,Sc,Trigonal,R-3,0.0,0.0,8,True,17.0,21.0,4.0,18.0,1.5,17.0,11.0,94.0,83.0,73.25,31.125,94.0,35.453,44.955912,9.502911999999995,37.828728,3.5635919999999963,35.453,171.6,1814.0,1642.4,582.2,615.9000000000001,171.6,3.0,17.0,14.0,13.5,5.25,17.0,3.0,4.0,1.0,3.25,0.375,3.0,102.0,170.0,68.0,119.0,25.5,102.0,1.36,3.16,1.8,2.71,0.675,3.16,2.0,2.0,0.0,2.0,0.0,2.0,0.0,5.0,5.0,3.75,1.875,5.0,0.0,1.0,1.0,0.25,0.375,0.0,0.0,0.0,0.0,0.0,0.0,0.0,3.0,7.0,4.0,6.0,1.5,7.0,0.0,0.0,0.0,0.0,0.0,0.0,0.0,1.0,1.0,0.75,0.375,1.0,0.0,9.0,9.0,2.25,3.375,0.0,0.0,0.0,0.0,0.0,0.0,0.0,1.0,9.0,8.0,3.0,3.0,1.0,22.235,24.4975,2.2624999999999993,23.931874999999998,0.8484375000000002,24.4975,0.0,2.493,2.493,1.8697499999999998,0.934875,2.493,0.0,6.35e-06,6.35e-06,1.5875e-06,2.3812500000000003e-06,0.0,64.0,194.0,130.0,96.5,48.75,64.0
mp-23312,MoBr3,Mo,Orthorhombic,Pmmn,8.0,0.5,16,True,35.0,42.0,7.0,36.75,2.625,35.0,50.0,95.0,45.0,83.75,16.875,95.0,79.904,95.96,16.055999999999997,83.91799999999999,6.020999999999997,79.904,265.8,2896.0,2630.2,923.35,986.325,265.8,6.0,17.0,11.0,14.25,4.125,17.0,4.0,5.0,1.0,4.25,0.375,4.0,120.0,154.0,34.0,128.5,12.75,120.0,2.16,2.96,0.7999999999999998,2.76,0.30000000000000004,2.96,1.0,2.0,1.0,1.75,0.375,2.0,0.0,5.0,5.0,3.75,1.875,5.0,5.0,10.0,5.0,8.75,1.875,10.0,0.0,0.0,0.0,0.0,0.0,0.0,6.0,17.0,11.0,14.25,4.125,17.0,0.0,1.0,1.0,0.25,0.375,0.0,0.0,1.0,1.0,0.75,0.375,1.0,0.0,5.0,5.0,1.25,1.875,0.0,0.0,0.0,0.0,0.0,0.0,0.0,1.0,6.0,5.0,2.25,1.875,1.0,15.69,29.48,13.790000000000001,26.0325,5.171250000000001,29.48,0.0,1.457,1.457,1.09275,0.546375,1.457,0.0,0.0,0.0,0.0,0.0,0.0,64.0,229.0,165.0,105.25,61.875,64.0
mp-2353328,ZrCl3,Zr,Monoclinic,C2/m,2.0,0.25,8,False,17.0,40.0,23.0,22.75,8.625,17.0,44.0,94.0,50.0,81.5,18.75,94.0,35.453,91.224,55.771,49.39575000000001,20.914125000000002,35.453,171.6,2128.0,1956.4,660.7,733.6500000000001,171.6,4.0,17.0,13.0,13.75,4.875,17.0,3.0,5.0,2.0,3.5,0.75,3.0,102.0,175.0,73.0,120.25,27.375,102.0,1.33,3.16,1.83,2.7025,0.68625,3.16,2.0,2.0,0.0,2.0,0.0,2.0,0.0,5.0,5.0,3.75,1.875,5.0,0.0,2.0,2.0,0.5,0.75,0.0,0.0,0.0,0.0,0.0,0.0,0.0,4.0,7.0,3.0,6.25,1.125,7.0,0.0,0.0,0.0,0.0,0.0,0.0,0.0,1.0,1.0,0.75,0.375,1.0,0.0,8.0,8.0,2.0,3.0,0.0,0.0,0.0,0.0,0.0,0.0,0.0,1.0,8.0,7.0,2.75,2.625,1.0,23.195,24.4975,1.3024999999999984,24.171875,0.48843749999999897,24.4975,0.0,2.493,2.493,1.8697499999999998,0.934875,2.493,0.0,0.0,0.0,0.0,0.0,0.0,64.0,194.0,130.0,96.5,48.75,64.0
mp-2360071,CuBr2,Cu,Monoclinic,C2/m,0.0,0.0,3,True,29.0,35.0,6.0,33.0,2.6666666666666665,35.0,64.0,95.0,31.0,84.66666666666667,13.777777777777777,95.0,63.546,79.904,16.357999999999997,74.45133333333332,7.270222222222223,79.904,265.8,1357.77,1091.97,629.79,485.32,265.8,11.0,17.0,6.0,15.0,2.6666666666666665,17.0,4.0,4.0,0.0,4.0,0.0,4.0,120.0,132.0,12.0,124.0,5.333333333333333,120.0,1.9,2.96,1.06,2.606666666666667,0.47111111111111104,2.96,1.0,2.0,1.0,1.6666666666666667,0.4444444444444444,2.0,0.0,5.0,5.0,3.3333333333333335,2.222222222222222,5.0,10.0,10.0,0.0,10.0,0.0,10.0,0.0,0.0,0.0,0.0,0.0,0.0,11.0,17.0,6.0,15.0,2.6666666666666665,17.0,0.0,1.0,1.0,0.3333333333333333,0.4444444444444445,0.0,0.0,1.0,1.0,0.6666666666666666,0.4444444444444445,1.0,0.0,0.0,0.0,0.0,0.0,0.0,0.0,0.0,0.0,0.0,0.0,0.0,1.0,1.0,0.0,1.0,0.0,1.0,11.07,29.48,18.41,23.343333333333334,8.182222222222222,29.48,0.0,1.457,1.457,0.9713333333333334,0.6475555555555556,1.457,0.0,0.0,0.0,0.0,0.0,0.0,64.0,225.0,161.0,117.66666666666667,71.55555555555556,64.0
mp-241,CdF2,Cd,Cubic,Fm-3m,0.0,0.0,3,True,9.0,48.0,39.0,22.0,17.333333333333332,9.0,70.0,93.0,23.0,85.33333333333333,10.222222222222223,93.0,18.9984032,112.411,93.4125968,50.135935466666666,41.51670968888889,18.9984032,53.5,594.22,540.72,233.74,240.32000000000002,53.5,12.0,17.0,5.0,15.333333333333334,2.222222222222222,17.0,2.0,5.0,3.0,3.0,1.3333333333333333,2.0,57.0,144.0,87.0,86.0,38.666666666666664,57.0,1.69,3.98,2.29,3.216666666666667,1.0177777777777777,3.98,2.0,2.0,0.0,2.0,0.0,2.0,0.0,5.0,5.0,3.3333333333333335,2.222222222222222,5.0,0.0,10.0,10.0,3.3333333333333335,4.444444444444444,0.0,0.0,0.0,0.0,0.0,0.0,0.0,7.0,12.0,5.0,8.666666666666666,2.222222222222222,7.0,0.0,0.0,0.0,0.0,0.0,0.0,0.0,1.0,1.0,0.6666666666666666,0.4444444444444445,1.0,0.0,0.0,0.0,0.0,0.0,0.0,0.0,0.0,0.0,0.0,0.0,0.0,0.0,1.0,1.0,0.6666666666666666,0.4444444444444445,1.0,9.7075,19.495,9.787500000000001,12.969999999999999,4.3500000000000005,9.7075,0.0,1.97,1.97,1.3133333333333332,0.8755555555555556,1.97,0.0,0.0,0.0,0.0,0.0,0.0,15.0,194.0,179.0,74.66666666666667,79.55555555555556,15.0
mp-2416,YF3,Y,Orthorhombic,Pnma,0.0,0.0,16,True,9.0,39.0,30.0,16.5,11.25,9.0,12.0,93.0,81.0,72.75,30.375,93.0,18.9984032,88.90585,69.9074468,36.4752649,26.21529255,18.9984032,53.5,1799.0,1745.5,489.875,654.5625,53.5,3.0,17.0,14.0,13.5,5.25,17.0,2.0,5.0,3.0,2.75,1.125,2.0,57.0,190.0,133.0,90.25,49.875,57.0,1.22,3.98,2.76,3.29,1.0350000000000001,3.98,2.0,2.0,0.0,2.0,0.0,2.0,0.0,5.0,5.0,3.75,1.875,5.0,0.0,1.0,1.0,0.25,0.375,0.0,0.0,0.0,0.0,0.0,0.0,0.0,3.0,7.0,4.0,6.0,1.5,7.0,0.0,0.0,0.0,0.0,0.0,0.0,0.0,1.0,1.0,0.75,0.375,1.0,0.0,9.0,9.0,2.25,3.375,0.0,0.0,0.0,0.0,0.0,0.0,0.0,1.0,9.0,8.0,3.0,3.0,1.0,9.7075,32.365,22.657500000000002,15.371875,8.4965625,9.7075,0.0,1.97,1.97,1.4775,0.73875,1.97,0.0,0.0,0.0,0.0,0.0,0.0,15.0,194.0,179.0,59.75,67.125,15.0
mp-2437,IrF3,Ir,Trigonal,R-3c,0.0,0.0,8,True,9.0,77.0,68.0,26.0,25.5,9.0,60.0,93.0,33.0,84.75,12.375,93.0,18.9984032,192.217,173.2185968,62.3030524,64.95697380000001,18.9984032,53.5,2739.0,2685.5,724.875,1007.0625,53.5,9.0,17.0,8.0,15.0,3.0,17.0,2.0,6.0,4.0,3.0,1.5,2.0,57.0,141.0,84.0,78.0,31.5,57.0,2.2,3.98,1.7799999999999998,3.535,0.6674999999999999,3.98,2.0,2.0,0.0,2.0,0.0,2.0,0.0,5.0,5.0,3.75,1.875,5.0,0.0,7.0,7.0,1.75,2.625,0.0,0.0,14.0,14.0,3.5,5.25,0.0,7.0,23.0,16.0,11.0,6.0,7.0,0.0,0.0,0.0,0.0,0.0,0.0,0.0,1.0,1.0,0.75,0.375,1.0,0.0,3.0,3.0,0.75,1.125,0.0,0.0,0.0,0.0,0.0,0.0,0.0,1.0,3.0,2.0,1.5,0.75,1.0,9.7075,14.21,4.502500000000001,10.833124999999999,1.6884375,9.7075,0.0,1.97,1.97,1.4775,0.73875,1.97,0.0,0.0,0.0,0.0,0.0,0.0,15.0,225.0,210.0,67.5,78.75,15.0
mp-246,TiF3,Ti,Cubic,Pm-3m,2.0000001,0.2500000125,8,True,9.0,22.0,13.0,12.25,4.875,9.0,43.0,93.0,50.0,80.5,18.75,93.0,18.9984032,47.867,28.8685968,26.2155524,10.8257238,18.9984032,53.5,1941.0,1887.5,525.375,707.8125,53.5,4.0,17.0,13.0,13.75,4.875,17.0,2.0,4.0,2.0,2.5,0.75,2.0,57.0,160.0,103.0,82.75,38.625,57.0,1.54,3.98,2.44,3.37,0.9149999999999999,3.98,2.0,2.0,0.0,2.0,0.0,2.0,0.0,5.0,5.0,3.75,1.875,5.0,0.0,2.0,2.0,0.5,0.75,0.0,0.0,0.0,0.0,0.0,0.0,0.0,4.0,7.0,3.0,6.25,1.125,7.0,0.0,0.0,0.0,0.0,0.0,0.0,0.0,1.0,1.0,0.75,0.375,1.0,0.0,8.0,8.0,2.0,3.0,0.0,0.0,0.0,0.0,0.0,0.0,0.0,1.0,8.0,7.0,2.75,2.625,1.0,9.7075,16.69,6.982500000000002,11.453125,2.6184375000000006,9.7075,0.0,1.97,1.97,1.4775,0.73875,1.97,0.0,2.25333333333e-05,2.25333333333e-05,5.633333333325e-06,8.4499999999875e-06,0.0,15.0,194.0,179.0,59.75,67.125,15.0
mp-2647063,RuCl3,Ru,Monoclinic,C2/m,4.0005589,0.25003493125,16,False,17.0,44.0,27.0,23.75,10.125,17.0,56.0,94.0,38.0,84.5,14.25,94.0,35.453,101.07,65.61699999999999,51.85725,24.606374999999996,35.453,171.6,2607.0,2435.4,780.45,913.2750000000001,171.6,8.0,17.0,9.0,14.75,3.375,17.0,3.0,5.0,2.0,3.5,0.75,3.0,102.0,146.0,44.0,113.0,16.5,102.0,2.2,3.16,0.96,2.92,0.3600000000000001,3.16,1.0,2.0,1.0,1.75,0.375,2.0,0.0,5.0,5.0,3.75,1.875,5.0,0.0,7.0,7.0,1.75,2.625,0.0,0.0,0.0,0.0,0.0,0.0,0.0,7.0,8.0,1.0,7.25,0.375,7.0,0.0,1.0,1.0,0.25,0.375,0.0,0.0,1.0,1.0,0.75,0.375,1.0,0.0,3.0,3.0,0.75,1.125,0.0,0.0,0.0,0.0,0.0,0.0,0.0,1.0,4.0,3.0,1.75,1.125,1.0,13.51,24.4975,10.987499999999999,21.750625,4.120312499999999,24.4975,0.0,2.493,2.493,1.8697499999999998,0.934875,2.493,0.0,0.0,0.0,0.0,0.0,0.0,64.0,194.0,130.0,96.5,48.75,64.0
mp-27160,WCl5,W,Monoclinic,C2/m,5.9999999,0.1666666638888888,36,False,17.0,74.0,57.0,26.5,15.833333333333334,17.0,51.0,94.0,43.0,86.83333333333333,11.944444444444448,94.0,35.453,183.84,148.387,60.18416666666667,41.21861111111111,35.453,171.6,3695.0,3523.4,758.8333333333334,978.7222222222223,171.6,6.0,17.0,11.0,15.166666666666666,3.055555555555556,17.0,3.0,6.0,3.0,3.5,0.8333333333333334,3.0,102.0,162.0,60.0,112.0,16.666666666666668,102.0,2.36,3.16,0.8000000000000003,3.026666666666667,0.22222222222222224,3.16,2.0,2.0,0.0,2.0,0.0,2.0,0.0,5.0,5.0,4.166666666666667,1.3888888888888886,5.0,0.0,4.0,4.0,0.6666666666666666,1.111111111111111,0.0,0.0,14.0,14.0,2.3333333333333335,3.8888888888888893,0.0,7.0,20.0,13.0,9.166666666666666,3.6111111111111107,7.0,0.0,0.0,0.0,0.0,0.0,0.0,0.0,1.0,1.0,0.8333333333333334,0.27777777777777773,1.0,0.0,6.0,6.0,1.0,1.6666666666666667,0.0,0.0,0.0,0.0,0.0,0.0,0.0,1.0,6.0,5.0,1.8333333333333333,1.3888888888888886,1.0,16.05,24.4975,8.447499999999998,23.089583333333334,2.3465277777777764,24.4975,0.0,2.493,2.493,2.0775,0.6924999999999999,2.493,0.0,0.0,0.0,0.0,0.0,0.0,64.0,229.0,165.0,91.5,45.833333333333336,64.0
mp-27161,ZnI2,Zn,Tetragonal,I4_1/acd,0.0,0.0,48,True,30.0,53.0,23.0,45.333333333333336,10.222222222222221,53.0,69.0,96.0,27.0,87.0,12.0,96.0,65.38,126.90447,61.52447000000001,106.39631333333334,27.34420888888889,126.90447,386.85,692.68,305.8299999999999,488.79333333333335,135.92444444444442,386.85,12.0,17.0,5.0,15.333333333333334,2.222222222222222,17.0,4.0,5.0,1.0,4.666666666666667,0.44444444444444436,5.0,122.0,139.0,17.0,133.33333333333334,7.555555555555553,139.0,1.65,2.66,1.0100000000000002,2.3233333333333337,0.4488888888888889,2.66,2.0,2.0,0.0,2.0,0.0,2.0,0.0,5.0,5.0,3.3333333333333335,2.222222222222222,5.0,10.0,10.0,0.0,10.0,0.0,10.0,0.0,0.0,0.0,0.0,0.0,0.0,12.0,17.0,5.0,15.333333333333334,2.222222222222222,17.0,0.0,0.0,0.0,0.0,0.0,0.0,0.0,1.0,1.0,0.6666666666666666,0.4444444444444445,1.0,0.0,0.0,0.0,0.0,0.0,0.0,0.0,0.0,0.0,0.0,0.0,0.0,0.0,1.0,1.0,0.6666666666666666,0.4444444444444445,1.0,13.96,43.015,29.055,33.330000000000005,12.913333333333332,43.015,0.0,1.062,1.062,0.7080000000000001,0.472,1.062,0.0,0.0,0.0,0.0,0.0,0.0,64.0,194.0,130.0,107.33333333333333,57.77777777777777,64.0
mp-27213,AuBr3,Au,Monoclinic,P2_1/c,0.0,0.0,32,True,35.0,79.0,44.0,46.0,16.5,35.0,66.0,95.0,29.0,87.75,10.875,95.0,79.904,196.966569,117.062569,109.16964225,43.898463375,79.904,265.8,1337.33,1071.53,533.6825,401.82375,265.8,11.0,17.0,6.0,15.5,2.25,17.0,4.0,6.0,2.0,4.5,0.75,4.0,120.0,136.0,16.0,124.0,6.0,120.0,2.54,2.96,0.41999999999999993,2.8549999999999995,0.1575000000000002,2.96,1.0,2.0,1.0,1.75,0.375,2.0,0.0,5.0,5.0,3.75,1.875,5.0,10.0,10.0,0.0,10.0,0.0,10.0,0.0,14.0,14.0,3.5,5.25,0.0,17.0,25.0,8.0,19.0,3.0,17.0,0.0,1.0,1.0,0.25,0.375,0.0,0.0,1.0,1.0,0.75,0.375,1.0,0.0,0.0,0.0,0.0,0.0,0.0,0.0,0.0,0.0,0.0,0.0,0.0,1.0,1.0,0.0,1.0,0.0,1.0,16.7,29.48,12.780000000000001,26.285,4.7925,29.48,0.0,1.457,1.457,1.09275,0.546375,1.457,0.0,0.0,0.0,0.0,0.0,0.0,64.0,225.0,161.0,104.25,60.375,64.0
mp-27215,CrI2,Cr,Monoclinic,C2/m,4.0028545,1.3342848333333333,3,False,24.0,53.0,29.0,43.333333333333336,12.888888888888888,53.0,49.0,96.0,47.0,80.33333333333333,20.88888888888889,96.0,51.9961,126.90447,74.90837,101.93501333333334,33.292608888888886,126.90447,386.85,2180.0,1793.15,984.5666666666666,796.9555555555556,386.85,6.0,17.0,11.0,13.333333333333334,4.888888888888888,17.0,4.0,5.0,1.0,4.666666666666667,0.44444444444444436,5.0,139.0,139.0,0.0,139.0,0.0,139.0,1.66,2.66,1.0000000000000002,2.3266666666666667,0.4444444444444446,2.66,1.0,2.0,1.0,1.6666666666666667,0.4444444444444444,2.0,0.0,5.0,5.0,3.3333333333333335,2.222222222222222,5.0,5.0,10.0,5.0,8.333333333333334,2.222222222222222,10.0,0.0,0.0,0.0,0.0,0.0,0.0,6.0,17.0,11.0,13.333333333333334,4.888888888888888,17.0,0.0,1.0,1.0,0.3333333333333333,0.4444444444444445,0.0,0.0,1.0,1.0,0.6666666666666666,0.4444444444444445,1.0,0.0,5.0,5.0,1.6666666666666667,2.222222222222222,0.0,0.0,0.0,0.0,0.0,0.0,0.0,1.0,6.0,5.0,2.6666666666666665,2.222222222222222,1.0,11.19,43.015,31.825000000000003,32.406666666666666,14.144444444444446,43.015,0.0,1.062,1.062,0.7080000000000001,0.472,1.062,0.0,0.0,0.0,0.0,0.0,0.0,64.0,229.0,165.0,119.0,73.33333333333333,64.0
mp-27309,VF5,V,Orthorhombic,Pnma,0.0,0.0,48,True,9.0,23.0,14.0,11.333333333333334,3.8888888888888893,9.0,46.0,93.0,47.0,85.16666666666667,13.055555555555552,93.0,18.9984032,50.9415,31.9430968,24.322252666666667,8.873082444444446,18.9984032,53.5,2183.0,2129.5,408.4166666666667,591.5277777777778,53.5,5.0,17.0,12.0,15.0,3.3333333333333335,17.0,2.0,4.0,2.0,2.3333333333333335,0.5555555555555557,2.0,57.0,153.0,96.0,73.0,26.666666666666668,57.0,1.63,3.98,2.35,3.588333333333333,0.652777777777778,3.98,2.0,2.0,0.0,2.0,0.0,2.0,0.0,5.0,5.0,4.166666666666667,1.3888888888888886,5.0,0.0,3.0,3.0,0.5,0.8333333333333334,0.0,0.0,0.0,0.0,0.0,0.0,0.0,5.0,7.0,2.0,6.666666666666667,0.5555555555555554,7.0,0.0,0.0,0.0,0.0,0.0,0.0,0.0,1.0,1.0,0.8333333333333334,0.27777777777777773,1.0,0.0,7.0,7.0,1.1666666666666667,1.9444444444444446,0.0,0.0,0.0,0.0,0.0,0.0,0.0,1.0,7.0,6.0,2.0,1.6666666666666667,1.0,9.7075,13.01,3.3025,10.257916666666665,0.9173611111111102,9.7075,0.0,1.97,1.97,1.6416666666666666,0.5472222222222222,1.97,0.0,0.0,0.0,0.0,0.0,0.0,15.0,229.0,214.0,50.666666666666664,59.444444444444436,15.0
mp-27340,ReCl4,Re,Monoclinic,P2/c,8.0028372,0.40014186,20,False,17.0,75.0,58.0,28.6,18.560000000000002,17.0,54.0,94.0,40.0,86.0,12.8,94.0,35.453,186.207,150.754,65.6038,48.24128,35.453,171.6,3459.0,3287.4,829.0799999999999,1051.968,171.6,7.0,17.0,10.0,15.0,3.2,17.0,3.0,6.0,3.0,3.6,0.9600000000000002,3.0,102.0,151.0,49.0,111.8,15.679999999999998,102.0,1.9,3.16,1.2600000000000002,2.9080000000000004,0.4031999999999999,3.16,2.0,2.0,0.0,2.0,0.0,2.0,0.0,5.0,5.0,4.0,1.6,5.0,0.0,5.0,5.0,1.0,1.6,0.0,0.0,14.0,14.0,2.8,4.4799999999999995,0.0,7.0,21.0,14.0,9.8,4.48,7.0,0.0,0.0,0.0,0.0,0.0,0.0,0.0,1.0,1.0,0.8,0.31999999999999995,1.0,0.0,5.0,5.0,1.0,1.6,0.0,0.0,0.0,0.0,0.0,0.0,0.0,1.0,5.0,4.0,1.8,1.28,1.0,14.655,24.4975,9.8425,22.529,3.149599999999999,24.4975,0.0,2.493,2.493,1.9944,0.7977599999999999,2.493,0.0,0.0,0.0,0.0,0.0,0.0,64.0,194.0,130.0,90.0,41.6,64.0
mp-27396,NiCl2,Ni,Trigonal,R-3m,1.9999999,0.6666666333333333,3,True,17.0,28.0,11.0,20.666666666666668,4.888888888888889,17.0,61.0,94.0,33.0,83.0,14.666666666666666,94.0,35.453,58.6934,23.240399999999994,43.1998,10.329066666666664,35.453,171.6,1728.0,1556.4,690.4,691.7333333333332,171.6,10.0,17.0,7.0,14.666666666666666,3.111111111111111,17.0,3.0,4.0,1.0,3.3333333333333335,0.4444444444444445,3.0,102.0,124.0,22.0,109.33333333333333,9.777777777777777,102.0,1.91,3.16,1.2500000000000002,2.7433333333333336,0.5555555555555556,3.16,2.0,2.0,0.0,2.0,0.0,2.0,0.0,5.0,5.0,3.3333333333333335,2.222222222222222,5.0,0.0,8.0,8.0,2.6666666666666665,3.555555555555556,0.0,0.0,0.0,0.0,0.0,0.0,0.0,7.0,10.0,3.0,8.0,1.3333333333333333,7.0,0.0,0.0,0.0,0.0,0.0,0.0,0.0,1.0,1.0,0.6666666666666666,0.4444444444444445,1.0,0.0,2.0,2.0,0.6666666666666666,0.888888888888889,0.0,0.0,0.0,0.0,0.0,0.0,0.0,1.0,2.0,1.0,1.3333333333333333,0.4444444444444444,1.0,10.32,24.4975,14.177499999999998,19.771666666666665,6.301111111111111,24.4975,0.0,2.493,2.493,1.662,1.1079999999999999,2.493,0.0,0.5953947,0.5953947,0.19846490000000003,0.26461986666666665,0.0,64.0,225.0,161.0,117.66666666666667,71.55555555555556,64.0
mp-27397,IrBr3,Ir,Monoclinic,C2/m,2e-07,2.5e-08,8,True,35.0,77.0,42.0,45.5,15.75,35.0,60.0,95.0,35.0,86.25,13.125,95.0,79.904,192.217,112.31300000000002,107.98225,42.117375,79.904,265.8,2739.0,2473.2,884.1,927.45,265.8,9.0,17.0,8.0,15.0,3.0,17.0,4.0,6.0,2.0,4.5,0.75,4.0,120.0,141.0,21.0,125.25,7.875,120.0,2.2,2.96,0.7599999999999998,2.7699999999999996,0.28500000000000014,2.96,2.0,2.0,0.0,2.0,0.0,2.0,0.0,5.0,5.0,3.75,1.875,5.0,7.0,10.0,3.0,9.25,1.125,10.0,0.0,14.0,14.0,3.5,5.25,0.0,17.0,23.0,6.0,18.5,2.25,17.0,0.0,0.0,0.0,0.0,0.0,0.0,0.0,1.0,1.0,0.75,0.375,1.0,0.0,3.0,3.0,0.75,1.125,0.0,0.0,0.0,0.0,0.0,0.0,0.0,1.0,3.0,2.0,1.5,0.75,1.0,14.21,29.48,15.27,25.6625,5.726249999999999,29.48,0.0,1.457,1.457,1.09275,0.546375,1.457,0.0,0.0,0.0,0.0,0.0,0.0,64.0,225.0,161.0,104.25,60.375,64.0
mp-27440,ZrCl,Zr,Trigonal,R-3m,0.0,0.0,4,True,17.0,40.0,23.0,28.5,11.5,17.0,44.0,94.0,50.0,69.0,25.0,44.0,35.453,91.224,55.771,63.3385,27.8855,35.453,171.6,2128.0,1956.4,1149.8,978.2,171.6,4.0,17.0,13.0,10.5,6.5,4.0,3.0,5.0,2.0,4.0,1.0,3.0,102.0,175.0,73.0,138.5,36.5,102.0,1.33,3.16,1.83,2.245,0.915,1.33,2.0,2.0,0.0,2.0,0.0,2.0,0.0,5.0,5.0,2.5,2.5,0.0,0.0,2.0,2.0,1.0,1.0,0.0,0.0,0.0,0.0,0.0,0.0,0.0,4.0,7.0,3.0,5.5,1.5,4.0,0.0,0.0,0.0,0.0,0.0,0.0,0.0,1.0,1.0,0.5,0.5,0.0,0.0,8.0,8.0,4.0,4.0,0.0,0.0,0.0,0.0,0.0,0.0,0.0,1.0,8.0,7.0,4.5,3.5,1.0,23.195,24.4975,1.3024999999999984,23.846249999999998,0.6512499999999992,23.195,0.0,2.493,2.493,1.2465,1.2465,0.0,0.0,0.0,0.0,0.0,0.0,0.0,64.0,194.0,130.0,129.0,65.0,64.0
mp-27455,YCl3,Y,Monoclinic,C2/m,0.0,0.0,8,True,17.0,39.0,22.0,22.5,8.25,17.0,12.0,94.0,82.0,73.5,30.75,94.0,35.453,88.90585,53.45285,48.816212500000006,20.04481875,35.453,171.6,1799.0,1627.4,578.45,610.2750000000001,171.6,3.0,17.0,14.0,13.5,5.25,17.0,3.0,5.0,2.0,3.5,0.75,3.0,102.0,190.0,88.0,124.0,33.0,102.0,1.22,3.16,1.9400000000000002,2.6750000000000003,0.7275,3.16,2.0,2.0,0.0,2.0,0.0,2.0,0.0,5.0,5.0,3.75,1.875,5.0,0.0,1.0,1.0,0.25,0.375,0.0,0.0,0.0,0.0,0.0,0.0,0.0,3.0,7.0,4.0,6.0,1.5,7.0,0.0,0.0,0.0,0.0,0.0,0.0,0.0,1.0,1.0,0.75,0.375,1.0,0.0,9.0,9.0,2.25,3.375,0.0,0.0,0.0,0.0,0.0,0.0,0.0,1.0,9.0,8.0,3.0,3.0,1.0,24.4975,32.365,7.867500000000003,26.464374999999997,2.9503125,24.4975,0.0,2.493,2.493,1.8697499999999998,0.934875,2.493,0.0,0.0,0.0,0.0,0.0,0.0,64.0,194.0,130.0,96.5,48.75,64.0
mp-2745918,CuI4,Cu,Tetragonal,I-42m,0.0,0.0,5,False,29.0,53.0,24.0,48.2,7.679999999999998,53.0,64.0,96.0,32.0,89.6,10.240000000000004,96.0,63.546,126.90447,63.358470000000004,114.23277600000002,20.274710399999993,126.90447,386.85,1357.77,970.92,581.034,310.6944,386.85,11.0,17.0,6.0,15.8,1.9199999999999995,17.0,4.0,5.0,1.0,4.8,0.3200000000000001,5.0,132.0,139.0,7.0,137.6,2.2400000000000033,139.0,1.9,2.66,0.7600000000000002,2.508,0.24320000000000014,2.66,1.0,2.0,1.0,1.8,0.31999999999999995,2.0,0.0,5.0,5.0,4.0,1.6,5.0,10.0,10.0,0.0,10.0,0.0,10.0,0.0,0.0,0.0,0.0,0.0,0.0,11.0,17.0,6.0,15.8,1.9199999999999995,17.0,0.0,1.0,1.0,0.2,0.32,0.0,0.0,1.0,1.0,0.8,0.31999999999999995,1.0,0.0,0.0,0.0,0.0,0.0,0.0,0.0,0.0,0.0,0.0,0.0,0.0,1.0,1.0,0.0,1.0,0.0,1.0,11.07,43.015,31.945,36.626,10.222400000000002,43.015,0.0,1.062,1.062,0.8496,0.33984000000000003,1.062,0.0,0.0,0.0,0.0,0.0,0.0,64.0,225.0,161.0,96.2,51.52,64.0
mp-27507,ScCl,Sc,Trigonal,R-3m,1.5526911,0.388172775,4,False,17.0,21.0,4.0,19.0,2.0,17.0,11.0,94.0,83.0,52.5,41.5,11.0,35.453,44.955912,9.502911999999995,40.204456,4.7514559999999975,35.453,171.6,1814.0,1642.4,992.8,821.2,171.6,3.0,17.0,14.0,10.0,7.0,3.0,3.0,4.0,1.0,3.5,0.5,3.0,102.0,170.0,68.0,136.0,34.0,102.0,1.36,3.16,1.8,2.2600000000000002,0.9,1.36,2.0,2.0,0.0,2.0,0.0,2.0,0.0,5.0,5.0,2.5,2.5,0.0,0.0,1.0,1.0,0.5,0.5,0.0,0.0,0.0,0.0,0.0,0.0,0.0,3.0,7.0,4.0,5.0,2.0,3.0,0.0,0.0,0.0,0.0,0.0,0.0,0.0,1.0,1.0,0.5,0.5,0.0,0.0,9.0,9.0,4.5,4.5,0.0,0.0,0.0,0.0,0.0,0.0,0.0,1.0,9.0,8.0,5.0,4.0,1.0,22.235,24.4975,2.2624999999999993,23.36625,1.1312499999999996,22.235,0.0,2.493,2.493,1.2465,1.2465,0.0,0.0,6.35e-06,6.35e-06,3.175e-06,3.175e-06,0.0,64.0,194.0,130.0,129.0,65.0,64.0
mp-27513,Sc7Cl10,Sc,Monoclinic,C2/m,0.6374015,0.0374942058823529,17,True,17.0,21.0,4.0,18.647058823529413,1.9377162629757787,17.0,11.0,94.0,83.0,59.8235294117647,40.207612456747405,94.0,35.453,44.955912,9.502911999999995,39.36596376470588,4.603486782006918,35.453,171.6,1814.0,1642.4,847.8823529411765,795.6262975778545,171.6,3.0,17.0,14.0,11.235294117647058,6.782006920415225,17.0,3.0,4.0,1.0,3.411764705882353,0.48442906574394456,3.0,102.0,170.0,68.0,130.0,32.94117647058823,102.0,1.36,3.16,1.8,2.418823529411765,0.8719723183391004,3.16,2.0,2.0,0.0,2.0,0.0,2.0,0.0,5.0,5.0,2.9411764705882355,2.422145328719723,5.0,0.0,1.0,1.0,0.4117647058823529,0.48442906574394456,0.0,0.0,0.0,0.0,0.0,0.0,0.0,3.0,7.0,4.0,5.352941176470588,1.9377162629757787,7.0,0.0,0.0,0.0,0.0,0.0,0.0,0.0,1.0,1.0,0.5882352941176471,0.48442906574394456,1.0,0.0,9.0,9.0,3.7058823529411766,4.359861591695502,0.0,0.0,0.0,0.0,0.0,0.0,0.0,1.0,9.0,8.0,4.294117647058823,3.8754325259515565,1.0,22.235,24.4975,2.2624999999999993,23.565882352941177,1.096020761245674,24.4975,0.0,2.493,2.493,1.4664705882352942,1.2076816608996541,2.493,0.0,6.35e-06,6.35e-06,2.6147058823529414e-06,3.0761245674740487e-06,0.0,64.0,194.0,130.0,117.52941176470588,62.975778546712796,64.0
mp-2751956,WF4,W,Monoclinic,P2_1/c,4.0,0.4,10,False,9.0,74.0,65.0,22.0,20.8,9.0,51.0,93.0,42.0,84.6,13.440000000000003,93.0,18.9984032,183.84,164.8415968,51.966722559999994,52.74931097599999,18.9984032,53.5,3695.0,3641.5,781.8,1165.28,53.5,6.0,17.0,11.0,14.8,3.5199999999999996,17.0,2.0,6.0,4.0,2.8,1.2799999999999998,2.0,57.0,162.0,105.0,78.0,33.6,57.0,2.36,3.98,1.62,3.656,0.5184,3.98,2.0,2.0,0.0,2.0,0.0,2.0,0.0,5.0,5.0,4.0,1.6,5.0,0.0,4.0,4.0,0.8,1.28,0.0,0.0,14.0,14.0,2.8,4.4799999999999995,0.0,7.0,20.0,13.0,9.6,4.159999999999999,7.0,0.0,0.0,0.0,0.0,0.0,0.0,0.0,1.0,1.0,0.8,0.31999999999999995,1.0,0.0,6.0,6.0,1.2,1.92,0.0,0.0,0.0,0.0,0.0,0.0,0.0,1.0,6.0,5.0,2.0,1.6,1.0,9.7075,16.05,6.342500000000001,10.975999999999999,2.0296,9.7075,0.0,1.97,1.97,1.576,0.6304,1.97,0.0,0.0,0.0,0.0,0.0,0.0,15.0,229.0,214.0,57.8,68.47999999999999,15.0
mp-2757308,VBr3,V,Orthorhombic,Ama2,4.0000005,0.5000000625,8,True,23.0,35.0,12.0,32.0,4.5,35.0,46.0,95.0,49.0,82.75,18.375,95.0,50.9415,79.904,28.9625,72.663375,10.860937499999997,79.904,265.8,2183.0,1917.2,745.1,718.95,265.8,5.0,17.0,12.0,14.0,4.5,17.0,4.0,4.0,0.0,4.0,0.0,4.0,120.0,153.0,33.0,128.25,12.375,120.0,1.63,2.96,1.33,2.6274999999999995,0.49875000000000025,2.96,2.0,2.0,0.0,2.0,0.0,2.0,0.0,5.0,5.0,3.75,1.875,5.0,3.0,10.0,7.0,8.25,2.625,10.0,0.0,0.0,0.0,0.0,0.0,0.0,5.0,17.0,12.0,14.0,4.5,17.0,0.0,0.0,0.0,0.0,0.0,0.0,0.0,1.0,1.0,0.75,0.375,1.0,0.0,7.0,7.0,1.75,2.625,0.0,0.0,0.0,0.0,0.0,0.0,0.0,1.0,7.0,6.0,2.5,2.25,1.0,13.01,29.48,16.47,25.3625,6.17625,29.48,0.0,1.457,1.457,1.09275,0.546375,1.457,0.0,0.0,0.0,0.0,0.0,0.0,64.0,229.0,165.0,105.25,61.875,64.0
mp-2761222,CoF3,Co,Monoclinic,C2,7.9999999,0.49999999375,16,False,9.0,27.0,18.0,13.5,6.75,9.0,58.0,93.0,35.0,84.25,13.125,93.0,18.9984032,58.933195,39.9347918,28.98210115,14.975546925,18.9984032,53.5,1768.0,1714.5,482.125,642.9375,53.5,9.0,17.0,8.0,15.0,3.0,17.0,2.0,4.0,2.0,2.5,0.75,2.0,57.0,126.0,69.0,74.25,25.875,57.0,1.88,3.98,2.1,3.455,0.7875,3.98,2.0,2.0,0.0,2.0,0.0,2.0,0.0,5.0,5.0,3.75,1.875,5.0,0.0,7.0,7.0,1.75,2.625,0.0,0.0,0.0,0.0,0.0,0.0,0.0,7.0,9.0,2.0,7.5,0.75,7.0,0.0,0.0,0.0,0.0,0.0,0.0,0.0,1.0,1.0,0.75,0.375,1.0,0.0,3.0,3.0,0.75,1.125,0.0,0.0,0.0,0.0,0.0,0.0,0.0,1.0,3.0,2.0,1.5,0.75,1.0,9.7075,10.245,0.5374999999999996,9.841875,0.2015625000000001,9.7075,0.0,1.97,1.97,1.4775,0.73875,1.97,0.0,1.5484712,1.5484712,0.3871178,0.5806767,0.0,15.0,194.0,179.0,59.75,67.125,15.0
mp-27630,CrCl3,Cr,Monoclinic,C2/m,6.0,0.75,8,False,17.0,24.0,7.0,18.75,2.625,17.0,49.0,94.0,45.0,82.75,16.875,94.0,35.453,51.9961,16.543099999999995,39.588775,6.2036624999999965,35.453,171.6,2180.0,2008.4,673.7,753.1500000000001,171.6,6.0,17.0,11.0,14.25,4.125,17.0,3.0,4.0,1.0,3.25,0.375,3.0,102.0,139.0,37.0,111.25,13.875,102.0,1.66,3.16,1.5000000000000002,2.785,0.5625,3.16,1.0,2.0,1.0,1.75,0.375,2.0,0.0,5.0,5.0,3.75,1.875,5.0,0.0,5.0,5.0,1.25,1.875,0.0,0.0,0.0,0.0,0.0,0.0,0.0,6.0,7.0,1.0,6.75,0.375,7.0,0.0,1.0,1.0,0.25,0.375,0.0,0.0,1.0,1.0,0.75,0.375,1.0,0.0,5.0,5.0,1.25,1.875,0.0,0.0,0.0,0.0,0.0,0.0,0.0,1.0,6.0,5.0,2.25,1.875,1.0,11.19,24.4975,13.3075,21.170624999999998,4.9903125,24.4975,0.0,2.493,2.493,1.8697499999999998,0.934875,2.493,0.0,0.0,0.0,0.0,0.0,0.0,64.0,229.0,165.0,105.25,61.875,64.0
mp-27634,TiBr4,Ti,Monoclinic,P2_1/c,0.0,0.0,20,False,22.0,35.0,13.0,32.4,4.160000000000001,35.0,43.0,95.0,52.0,84.6,16.640000000000004,95.0,47.867,79.904,32.037,73.4966,10.251839999999998,79.904,265.8,1941.0,1675.2,600.8399999999999,536.064,265.8,4.0,17.0,13.0,14.4,4.159999999999999,17.0,4.0,4.0,0.0,4.0,0.0,4.0,120.0,160.0,40.0,128.0,12.8,120.0,1.54,2.96,1.42,2.6759999999999997,0.45440000000000014,2.96,2.0,2.0,0.0,2.0,0.0,2.0,0.0,5.0,5.0,4.0,1.6,5.0,2.0,10.0,8.0,8.4,2.5599999999999996,10.0,0.0,0.0,0.0,0.0,0.0,0.0,4.0,17.0,13.0,14.4,4.159999999999999,17.0,0.0,0.0,0.0,0.0,0.0,0.0,0.0,1.0,1.0,0.8,0.31999999999999995,1.0,0.0,8.0,8.0,1.6,2.56,0.0,0.0,0.0,0.0,0.0,0.0,0.0,1.0,8.0,7.0,2.4,2.2399999999999998,1.0,16.69,29.48,12.79,26.922000000000004,4.092799999999998,29.48,0.0,1.457,1.457,1.1656,0.4662400000000001,1.457,0.0,2.25333333333e-05,2.25333333333e-05,4.50666666666e-06,7.210666666656e-06,0.0,64.0,194.0,130.0,90.0,41.6,64.0
mp-27637,NiBr2,Ni,Trigonal,R-3m,2.0,0.6666666666666666,3,True,28.0,35.0,7.0,32.666666666666664,3.111111111111112,35.0,61.0,95.0,34.0,83.66666666666667,15.111111111111109,95.0,58.6934,79.904,21.2106,72.8338,9.426933333333332,79.904,265.8,1728.0,1462.2,753.1999999999999,649.8666666666667,265.8,10.0,17.0,7.0,14.666666666666666,3.111111111111111,17.0,4.0,4.0,0.0,4.0,0.0,4.0,120.0,124.0,4.0,121.33333333333333,1.7777777777777761,120.0,1.91,2.96,1.05,2.61,0.46666666666666673,2.96,2.0,2.0,0.0,2.0,0.0,2.0,0.0,5.0,5.0,3.3333333333333335,2.222222222222222,5.0,8.0,10.0,2.0,9.333333333333334,0.8888888888888887,10.0,0.0,0.0,0.0,0.0,0.0,0.0,10.0,17.0,7.0,14.666666666666666,3.111111111111111,17.0,0.0,0.0,0.0,0.0,0.0,0.0,0.0,1.0,1.0,0.6666666666666666,0.4444444444444445,1.0,0.0,2.0,2.0,0.6666666666666666,0.888888888888889,0.0,0.0,0.0,0.0,0.0,0.0,0.0,1.0,2.0,1.0,1.3333333333333333,0.4444444444444444,1.0,10.32,29.48,19.16,23.093333333333334,8.515555555555556,29.48,0.0,1.457,1.457,0.9713333333333334,0.6475555555555556,1.457,0.0,0.5953947,0.5953947,0.19846490000000003,0.26461986666666665,0.0,64.0,225.0,161.0,117.66666666666667,71.55555555555556,64.0
mp-27638,NiI2,Ni,Trigonal,R-3m,2.0002597,0.6667532333333334,3,True,28.0,53.0,25.0,44.666666666666664,11.111111111111112,53.0,61.0,96.0,35.0,84.33333333333333,15.555555555555557,96.0,58.6934,126.90447,68.21107,104.16744666666666,30.316031111111116,126.90447,386.85,1728.0,1341.15,833.9,596.0666666666666,386.85,10.0,17.0,7.0,14.666666666666666,3.111111111111111,17.0,4.0,5.0,1.0,4.666666666666667,0.44444444444444436,5.0,124.0,139.0,15.0,134.0,6.666666666666667,139.0,1.91,2.66,0.7500000000000002,2.41,0.3333333333333334,2.66,2.0,2.0,0.0,2.0,0.0,2.0,0.0,5.0,5.0,3.3333333333333335,2.222222222222222,5.0,8.0,10.0,2.0,9.333333333333334,0.8888888888888887,10.0,0.0,0.0,0.0,0.0,0.0,0.0,10.0,17.0,7.0,14.666666666666666,3.111111111111111,17.0,0.0,0.0,0.0,0.0,0.0,0.0,0.0,1.0,1.0,0.6666666666666666,0.4444444444444445,1.0,0.0,2.0,2.0,0.6666666666666666,0.888888888888889,0.0,0.0,0.0,0.0,0.0,0.0,0.0,1.0,2.0,1.0,1.3333333333333333,0.4444444444444444,1.0,10.32,43.015,32.695,32.11666666666667,14.53111111111111,43.015,0.0,1.062,1.062,0.7080000000000001,0.472,1.062,0.0,0.5953947,0.5953947,0.19846490000000003,0.26461986666666665,0.0,64.0,225.0,161.0,117.66666666666667,71.55555555555556,64.0
mp-27645,ReCl5,Re,Monoclinic,P2_1/c,0.010574,0.0002202916666666,48,False,17.0,75.0,58.0,26.666666666666668,16.11111111111111,17.0,54.0,94.0,40.0,87.33333333333333,11.111111111111114,94.0,35.453,186.207,150.754,60.57866666666666,41.87611111111111,35.453,171.6,3459.0,3287.4,719.5,913.1666666666666,171.6,7.0,17.0,10.0,15.333333333333334,2.7777777777777772,17.0,3.0,6.0,3.0,3.5,0.8333333333333334,3.0,102.0,151.0,49.0,110.16666666666667,13.611111111111114,102.0,1.9,3.16,1.2600000000000002,2.9499999999999997,0.3500000000000003,3.16,2.0,2.0,0.0,2.0,0.0,2.0,0.0,5.0,5.0,4.166666666666667,1.3888888888888886,5.0,0.0,5.0,5.0,0.8333333333333334,1.388888888888889,0.0,0.0,14.0,14.0,2.3333333333333335,3.8888888888888893,0.0,7.0,21.0,14.0,9.333333333333334,3.8888888888888893,7.0,0.0,0.0,0.0,0.0,0.0,0.0,0.0,1.0,1.0,0.8333333333333334,0.27777777777777773,1.0,0.0,5.0,5.0,0.8333333333333334,1.388888888888889,0.0,0.0,0.0,0.0,0.0,0.0,0.0,1.0,5.0,4.0,1.6666666666666667,1.1111111111111112,1.0,14.655,24.4975,9.8425,22.857083333333332,2.734027777777778,24.4975,0.0,2.493,2.493,2.0775,0.6924999999999999,2.493,0.0,0.0,0.0,0.0,0.0,0.0,64.0,194.0,130.0,85.66666666666667,36.111111111111114,64.0
mp-27647,AuCl3,Au,Monoclinic,P2_1/c,0.0,0.0,16,True,17.0,79.0,62.0,32.5,23.25,17.0,66.0,94.0,28.0,87.0,10.5,94.0,35.453,196.966569,161.513569,75.83139225,60.56758837499999,35.453,171.6,1337.33,1165.73,463.03249999999997,437.14874999999995,171.6,11.0,17.0,6.0,15.5,2.25,17.0,3.0,6.0,3.0,3.75,1.125,3.0,102.0,136.0,34.0,110.5,12.75,102.0,2.54,3.16,0.6200000000000001,3.005,0.23250000000000015,3.16,1.0,2.0,1.0,1.75,0.375,2.0,0.0,5.0,5.0,3.75,1.875,5.0,0.0,10.0,10.0,2.5,3.75,0.0,0.0,14.0,14.0,3.5,5.25,0.0,7.0,25.0,18.0,11.5,6.75,7.0,0.0,1.0,1.0,0.25,0.375,0.0,0.0,1.0,1.0,0.75,0.375,1.0,0.0,0.0,0.0,0.0,0.0,0.0,0.0,0.0,0.0,0.0,0.0,0.0,1.0,1.0,0.0,1.0,0.0,1.0,16.7,24.4975,7.797499999999999,22.548125,2.9240625,24.4975,0.0,2.493,2.493,1.8697499999999998,0.934875,2.493,0.0,0.0,0.0,0.0,0.0,0.0,64.0,225.0,161.0,104.25,60.375,64.0
mp-2765625,VF4,V,Orthorhombic,Pnma,7.9999997,0.1999999925,40,False,9.0,23.0,14.0,11.8,4.48,9.0,46.0,93.0,47.0,83.6,15.040000000000003,93.0,18.9984032,50.9415,31.9430968,25.38702256,10.221790976,18.9984032,53.5,2183.0,2129.5,479.4,681.4399999999999,53.5,5.0,17.0,12.0,14.6,3.8400000000000007,17.0,2.0,4.0,2.0,2.4,0.6399999999999999,2.0,57.0,153.0,96.0,76.2,30.720000000000006,57.0,1.63,3.98,2.35,3.5100000000000002,0.7519999999999999,3.98,2.0,2.0,0.0,2.0,0.0,2.0,0.0,5.0,5.0,4.0,1.6,5.0,0.0,3.0,3.0,0.6,0.96,0.0,0.0,0.0,0.0,0.0,0.0,0.0,5.0,7.0,2.0,6.6,0.6400000000000002,7.0,0.0,0.0,0.0,0.0,0.0,0.0,0.0,1.0,1.0,0.8,0.31999999999999995,1.0,0.0,7.0,7.0,1.4,2.2399999999999998,0.0,0.0,0.0,0.0,0.0,0.0,0.0,1.0,7.0,6.0,2.2,1.9200000000000004,1.0,9.7075,13.01,3.3025,10.367999999999999,1.0567999999999995,9.7075,0.0,1.97,1.97,1.576,0.6304,1.97,0.0,0.0,0.0,0.0,0.0,0.0,15.0,229.0,214.0,57.8,68.47999999999999,15.0
mp-2766484,CuI4,Cu,Orthorhombic,Fmm2,0.0,0.0,5,False,29.0,53.0,24.0,48.2,7.679999999999998,53.0,64.0,96.0,32.0,89.6,10.240000000000004,96.0,63.546,126.90447,63.358470000000004,114.23277600000002,20.274710399999993,126.90447,386.85,1357.77,970.92,581.034,310.6944,386.85,11.0,17.0,6.0,15.8,1.9199999999999995,17.0,4.0,5.0,1.0,4.8,0.3200000000000001,5.0,132.0,139.0,7.0,137.6,2.2400000000000033,139.0,1.9,2.66,0.7600000000000002,2.508,0.24320000000000014,2.66,1.0,2.0,1.0,1.8,0.31999999999999995,2.0,0.0,5.0,5.0,4.0,1.6,5.0,10.0,10.0,0.0,10.0,0.0,10.0,0.0,0.0,0.0,0.0,0.0,0.0,11.0,17.0,6.0,15.8,1.9199999999999995,17.0,0.0,1.0,1.0,0.2,0.32,0.0,0.0,1.0,1.0,0.8,0.31999999999999995,1.0,0.0,0.0,0.0,0.0,0.0,0.0,0.0,0.0,0.0,0.0,0.0,0.0,1.0,1.0,0.0,1.0,0.0,1.0,11.07,43.015,31.945,36.626,10.222400000000002,43.015,0.0,1.062,1.062,0.8496,0.33984000000000003,1.062,0.0,0.0,0.0,0.0,0.0,0.0,64.0,225.0,161.0,96.2,51.52,64.0
mp-27666,IrCl3,Ir,Monoclinic,C2/m,0.0,0.0,8,False,17.0,77.0,60.0,32.0,22.5,17.0,60.0,94.0,34.0,85.5,12.75,94.0,35.453,192.217,156.764,74.644,58.786500000000004,35.453,171.6,2739.0,2567.4,813.45,962.7750000000001,171.6,9.0,17.0,8.0,15.0,3.0,17.0,3.0,6.0,3.0,3.75,1.125,3.0,102.0,141.0,39.0,111.75,14.625,102.0,2.2,3.16,0.96,2.92,0.3600000000000001,3.16,2.0,2.0,0.0,2.0,0.0,2.0,0.0,5.0,5.0,3.75,1.875,5.0,0.0,7.0,7.0,1.75,2.625,0.0,0.0,14.0,14.0,3.5,5.25,0.0,7.0,23.0,16.0,11.0,6.0,7.0,0.0,0.0,0.0,0.0,0.0,0.0,0.0,1.0,1.0,0.75,0.375,1.0,0.0,3.0,3.0,0.75,1.125,0.0,0.0,0.0,0.0,0.0,0.0,0.0,1.0,3.0,2.0,1.5,0.75,1.0,14.21,24.4975,10.287499999999998,21.925624999999997,3.8578125000000005,24.4975,0.0,2.493,2.493,1.8697499999999998,0.934875,2.493,0.0,0.0,0.0,0.0,0.0,0.0,64.0,225.0,161.0,104.25,60.375,64.0
mp-2767736,CoF3,Co,Orthorhombic,Cmc2_1,16.0042452,1.000265325,16,False,9.0,27.0,18.0,13.5,6.75,9.0,58.0,93.0,35.0,84.25,13.125,93.0,18.9984032,58.933195,39.9347918,28.98210115,14.975546925,18.9984032,53.5,1768.0,1714.5,482.125,642.9375,53.5,9.0,17.0,8.0,15.0,3.0,17.0,2.0,4.0,2.0,2.5,0.75,2.0,57.0,126.0,69.0,74.25,25.875,57.0,1.88,3.98,2.1,3.455,0.7875,3.98,2.0,2.0,0.0,2.0,0.0,2.0,0.0,5.0,5.0,3.75,1.875,5.0,0.0,7.0,7.0,1.75,2.625,0.0,0.0,0.0,0.0,0.0,0.0,0.0,7.0,9.0,2.0,7.5,0.75,7.0,0.0,0.0,0.0,0.0,0.0,0.0,0.0,1.0,1.0,0.75,0.375,1.0,0.0,3.0,3.0,0.75,1.125,0.0,0.0,0.0,0.0,0.0,0.0,0.0,1.0,3.0,2.0,1.5,0.75,1.0,9.7075,10.245,0.5374999999999996,9.841875,0.2015625000000001,9.7075,0.0,1.97,1.97,1.4775,0.73875,1.97,0.0,1.5484712,1.5484712,0.3871178,0.5806767,0.0,15.0,194.0,179.0,59.75,67.125,15.0
mp-27678,Y2Cl3,Y,Monoclinic,C2/m,0.0,0.0,10,True,17.0,39.0,22.0,25.8,10.559999999999999,17.0,12.0,94.0,82.0,61.2,39.36,94.0,35.453,88.90585,53.45285,56.834140000000005,25.657367999999998,35.453,171.6,1799.0,1627.4,822.5600000000001,781.152,171.6,3.0,17.0,14.0,11.4,6.719999999999999,17.0,3.0,5.0,2.0,3.8,0.96,3.0,102.0,190.0,88.0,137.2,42.239999999999995,102.0,1.22,3.16,1.9400000000000002,2.384,0.9312000000000001,3.16,2.0,2.0,0.0,2.0,0.0,2.0,0.0,5.0,5.0,3.0,2.4,5.0,0.0,1.0,1.0,0.4,0.4800000000000001,0.0,0.0,0.0,0.0,0.0,0.0,0.0,3.0,7.0,4.0,5.4,1.92,7.0,0.0,0.0,0.0,0.0,0.0,0.0,0.0,1.0,1.0,0.6,0.4800000000000001,1.0,0.0,9.0,9.0,3.6,4.32,0.0,0.0,0.0,0.0,0.0,0.0,0.0,1.0,9.0,8.0,4.2,3.8400000000000007,1.0,24.4975,32.365,7.867500000000003,27.6445,3.7764000000000015,24.4975,0.0,2.493,2.493,1.4957999999999998,1.19664,2.493,0.0,0.0,0.0,0.0,0.0,0.0,64.0,194.0,130.0,116.0,62.4,64.0
mp-27725,AuI,Au,Tetragonal,P4_2/ncm,0.0,0.0,8,True,53.0,79.0,26.0,66.0,13.0,53.0,66.0,96.0,30.0,81.0,15.0,66.0,126.90447,196.966569,70.06209899999999,161.9355195,35.031049499999995,126.90447,386.85,1337.33,950.4799999999999,862.0899999999999,475.23999999999995,386.85,11.0,17.0,6.0,14.0,3.0,11.0,5.0,6.0,1.0,5.5,0.5,5.0,136.0,139.0,3.0,137.5,1.5,136.0,2.54,2.66,0.1200000000000001,2.6,0.06000000000000005,2.54,1.0,2.0,1.0,1.5,0.5,1.0,0.0,5.0,5.0,2.5,2.5,0.0,10.0,10.0,0.0,10.0,0.0,10.0,0.0,14.0,14.0,7.0,7.0,0.0,17.0,25.0,8.0,21.0,4.0,17.0,0.0,1.0,1.0,0.5,0.5,0.0,0.0,1.0,1.0,0.5,0.5,0.0,0.0,0.0,0.0,0.0,0.0,0.0,0.0,0.0,0.0,0.0,0.0,0.0,1.0,1.0,0.0,1.0,0.0,1.0,16.7,43.015,26.315,29.8575,13.1575,16.7,0.0,1.062,1.062,0.531,0.531,0.0,0.0,0.0,0.0,0.0,0.0,0.0,64.0,225.0,161.0,144.5,80.5,64.0
mp-27734,CrBr3,Cr,Trigonal,R-3,17.9999994,0.749999975,24,True,24.0,35.0,11.0,32.25,4.125,35.0,49.0,95.0,46.0,83.5,17.25,95.0,51.9961,79.904,27.907899999999998,72.927025,10.465462499999997,79.904,265.8,2180.0,1914.2,744.35,717.825,265.8,6.0,17.0,11.0,14.25,4.125,17.0,4.0,4.0,0.0,4.0,0.0,4.0,120.0,139.0,19.0,124.75,7.125,120.0,1.66,2.96,1.3,2.635,0.4875000000000001,2.96,1.0,2.0,1.0,1.75,0.375,2.0,0.0,5.0,5.0,3.75,1.875,5.0,5.0,10.0,5.0,8.75,1.875,10.0,0.0,0.0,0.0,0.0,0.0,0.0,6.0,17.0,11.0,14.25,4.125,17.0,0.0,1.0,1.0,0.25,0.375,0.0,0.0,1.0,1.0,0.75,0.375,1.0,0.0,5.0,5.0,1.25,1.875,0.0,0.0,0.0,0.0,0.0,0.0,0.0,1.0,6.0,5.0,2.25,1.875,1.0,11.19,29.48,18.29,24.9075,6.858750000000001,29.48,0.0,1.457,1.457,1.09275,0.546375,1.457,0.0,0.0,0.0,0.0,0.0,0.0,64.0,229.0,165.0,105.25,61.875,64.0
mp-27747,PdI2,Pd,Monoclinic,P2_1/c,0.0,0.0,12,True,46.0,53.0,7.0,50.666666666666664,3.111111111111112,53.0,62.0,96.0,34.0,84.66666666666667,15.111111111111109,96.0,106.42,126.90447,20.48447,120.07631333333335,9.104208888888886,126.90447,386.85,1828.05,1441.1999999999998,867.25,640.5333333333333,386.85,10.0,17.0,7.0,14.666666666666666,3.111111111111111,17.0,5.0,5.0,0.0,5.0,0.0,5.0,139.0,139.0,0.0,139.0,0.0,139.0,2.2,2.66,0.45999999999999996,2.506666666666667,0.20444444444444443,2.66,0.0,2.0,2.0,1.3333333333333333,0.888888888888889,2.0,0.0,5.0,5.0,3.3333333333333335,2.222222222222222,5.0,10.0,10.0,0.0,10.0,0.0,10.0,0.0,0.0,0.0,0.0,0.0,0.0,10.0,17.0,7.0,14.666666666666666,3.111111111111111,17.0,0.0,0.0,0.0,0.0,0.0,0.0,0.0,1.0,1.0,0.6666666666666666,0.4444444444444445,1.0,0.0,0.0,0.0,0.0,0.0,0.0,0.0,0.0,0.0,0.0,0.0,0.0,0.0,1.0,1.0,0.6666666666666666,0.4444444444444445,1.0,14.41,43.015,28.605,33.48,12.713333333333333,43.015,0.0,1.062,1.062,0.7080000000000001,0.472,1.062,0.0,0.0,0.0,0.0,0.0,0.0,64.0,225.0,161.0,117.66666666666667,71.55555555555556,64.0
mp-27765,W3Br8,W,Orthorhombic,Cmce,4.0332691,0.0916652068181818,44,False,35.0,74.0,39.0,45.63636363636363,15.471074380165287,35.0,51.0,95.0,44.0,83.0,17.454545454545453,95.0,79.904,183.84,103.936,108.25018181818182,41.23080991735537,79.904,265.8,3695.0,3429.2,1201.0363636363636,1360.3438016528926,265.8,6.0,17.0,11.0,14.0,4.363636363636363,17.0,4.0,6.0,2.0,4.545454545454546,0.7933884297520664,4.0,120.0,162.0,42.0,131.45454545454547,16.661157024793393,120.0,2.36,2.96,0.6000000000000001,2.7963636363636364,0.23801652892561984,2.96,2.0,2.0,0.0,2.0,0.0,2.0,0.0,5.0,5.0,3.6363636363636362,1.9834710743801656,5.0,4.0,10.0,6.0,8.363636363636363,2.3801652892561984,10.0,0.0,14.0,14.0,3.8181818181818183,5.553719008264463,0.0,17.0,20.0,3.0,17.818181818181817,1.1900826446280985,17.0,0.0,0.0,0.0,0.0,0.0,0.0,0.0,1.0,1.0,0.7272727272727273,0.396694214876033,1.0,0.0,6.0,6.0,1.6363636363636365,2.380165289256198,0.0,0.0,0.0,0.0,0.0,0.0,0.0,1.0,6.0,5.0,2.3636363636363638,1.9834710743801656,1.0,16.05,29.48,13.43,25.817272727272726,5.327603305785124,29.48,0.0,1.457,1.457,1.0596363636363637,0.5779834710743802,1.457,0.0,0.0,0.0,0.0,0.0,0.0,64.0,229.0,165.0,109.0,65.45454545454545,64.0
mp-27770,RhCl3,Rh,Monoclinic,C2/m,0.0,0.0,8,True,17.0,45.0,28.0,24.0,10.5,17.0,59.0,94.0,35.0,85.25,13.125,94.0,35.453,102.9055,67.4525,52.316125,25.2946875,35.453,171.6,2237.0,2065.4,687.95,774.5250000000001,171.6,9.0,17.0,8.0,15.0,3.0,17.0,3.0,5.0,2.0,3.5,0.75,3.0,102.0,142.0,40.0,112.0,15.0,102.0,2.28,3.16,0.8800000000000003,2.94,0.3300000000000002,3.16,1.0,2.0,1.0,1.75,0.375,2.0,0.0,5.0,5.0,3.75,1.875,5.0,0.0,8.0,8.0,2.0,3.0,0.0,0.0,0.0,0.0,0.0,0.0,0.0,7.0,9.0,2.0,7.5,0.75,7.0,0.0,1.0,1.0,0.25,0.375,0.0,0.0,1.0,1.0,0.75,0.375,1.0,0.0,2.0,2.0,0.5,0.75,0.0,0.0,0.0,0.0,0.0,0.0,0.0,1.0,3.0,2.0,1.5,0.75,1.0,13.64,24.4975,10.857499999999998,21.783125,4.0715625,24.4975,0.0,2.493,2.493,1.8697499999999998,0.934875,2.493,0.0,0.0,0.0,0.0,0.0,0.0,64.0,225.0,161.0,104.25,60.375,64.0
mp-27771,Nb3Br8,Nb,Trigonal,R-3m,2.0,0.0909090909090909,22,True,35.0,41.0,6.0,36.63636363636363,2.380165289256197,35.0,47.0,95.0,48.0,81.9090909090909,19.041322314049587,95.0,79.904,92.90638,13.002380000000002,83.45010363636362,5.15796892561983,79.904,265.8,2750.0,2484.2,943.3090909090909,985.4677685950413,265.8,5.0,17.0,12.0,13.727272727272727,4.760330578512397,17.0,4.0,5.0,1.0,4.2727272727272725,0.39669421487603296,4.0,120.0,164.0,44.0,132.0,17.454545454545453,120.0,1.6,2.96,1.3599999999999999,2.5890909090909093,0.5395041322314048,2.96,1.0,2.0,1.0,1.7272727272727273,0.396694214876033,2.0,0.0,5.0,5.0,3.6363636363636362,1.9834710743801656,5.0,4.0,10.0,6.0,8.363636363636363,2.3801652892561984,10.0,0.0,0.0,0.0,0.0,0.0,0.0,5.0,17.0,12.0,13.727272727272727,4.760330578512397,17.0,0.0,1.0,1.0,0.2727272727272727,0.396694214876033,0.0,0.0,1.0,1.0,0.7272727272727273,0.396694214876033,1.0,0.0,6.0,6.0,1.6363636363636365,2.380165289256198,0.0,0.0,0.0,0.0,0.0,0.0,0.0,1.0,7.0,6.0,2.6363636363636362,2.380165289256198,1.0,18.18,29.48,11.3,26.39818181818182,4.482644628099174,29.48,0.0,1.457,1.457,1.0596363636363637,0.5779834710743802,1.457,0.0,0.0,0.0,0.0,0.0,0.0,64.0,229.0,165.0,109.0,65.45454545454545,64.0
mp-27772,Nb3I8,Nb,Trigonal,R-3m,0.0,0.0,22,True,41.0,53.0,12.0,49.72727272727273,4.760330578512397,53.0,47.0,96.0,49.0,82.63636363636364,19.43801652892562,96.0,92.90638,126.90447,33.998090000000005,117.63226363636363,13.486845619834718,126.90447,386.85,2750.0,2363.15,1031.3454545454545,937.4479338842975,386.85,5.0,17.0,12.0,13.727272727272727,4.760330578512397,17.0,5.0,5.0,0.0,5.0,0.0,5.0,139.0,164.0,25.0,145.8181818181818,9.917355371900824,139.0,1.6,2.66,1.06,2.370909090909091,0.420495867768595,2.66,1.0,2.0,1.0,1.7272727272727273,0.396694214876033,2.0,0.0,5.0,5.0,3.6363636363636362,1.9834710743801656,5.0,4.0,10.0,6.0,8.363636363636363,2.3801652892561984,10.0,0.0,0.0,0.0,0.0,0.0,0.0,5.0,17.0,12.0,13.727272727272727,4.760330578512397,17.0,0.0,1.0,1.0,0.2727272727272727,0.396694214876033,0.0,0.0,1.0,1.0,0.7272727272727273,0.396694214876033,1.0,0.0,6.0,6.0,1.6363636363636365,2.380165289256198,0.0,0.0,0.0,0.0,0.0,0.0,0.0,1.0,7.0,6.0,2.6363636363636362,2.380165289256198,1.0,18.18,43.015,24.835,36.24181818181818,9.85190082644628,43.015,0.0,1.062,1.062,0.7723636363636364,0.4212892561983472,1.062,0.0,0.0,0.0,0.0,0.0,0.0,64.0,229.0,165.0,109.0,65.45454545454545,64.0
mp-27780,TcCl4,Tc,Orthorhombic,Pbca,24.0000001,0.6000000025000001,40,True,17.0,43.0,26.0,22.2,8.319999999999999,17.0,53.0,94.0,41.0,85.8,13.120000000000001,94.0,35.453,98.0,62.547,47.9624,20.01504,35.453,171.6,2430.0,2258.4,623.28,722.6879999999999,171.6,7.0,17.0,10.0,15.0,3.2,17.0,3.0,5.0,2.0,3.4,0.6399999999999999,3.0,102.0,147.0,45.0,111.0,14.4,102.0,1.9,3.16,1.2600000000000002,2.9080000000000004,0.4031999999999999,3.16,2.0,2.0,0.0,2.0,0.0,2.0,0.0,5.0,5.0,4.0,1.6,5.0,0.0,5.0,5.0,1.0,1.6,0.0,0.0,0.0,0.0,0.0,0.0,0.0,7.0,7.0,0.0,7.0,0.0,7.0,0.0,0.0,0.0,0.0,0.0,0.0,0.0,1.0,1.0,0.8,0.31999999999999995,1.0,0.0,5.0,5.0,1.0,1.6,0.0,0.0,0.0,0.0,0.0,0.0,0.0,1.0,5.0,4.0,1.8,1.28,1.0,14.285,24.4975,10.212499999999999,22.455,3.268,24.4975,0.0,2.493,2.493,1.9944,0.7977599999999999,2.493,0.0,0.0,0.0,0.0,0.0,0.0,64.0,194.0,130.0,90.0,41.6,64.0
mp-27785,TiBr2,Ti,Trigonal,P-3m1,2.0,0.6666666666666666,3,False,22.0,35.0,13.0,30.666666666666668,5.777777777777778,35.0,43.0,95.0,52.0,77.66666666666667,23.11111111111111,95.0,47.867,79.904,32.037,69.225,14.238666666666667,79.904,265.8,1941.0,1675.2,824.1999999999999,744.5333333333333,265.8,4.0,17.0,13.0,12.666666666666666,5.777777777777779,17.0,4.0,4.0,0.0,4.0,0.0,4.0,120.0,160.0,40.0,133.33333333333334,17.777777777777782,120.0,1.54,2.96,1.42,2.486666666666667,0.6311111111111111,2.96,2.0,2.0,0.0,2.0,0.0,2.0,0.0,5.0,5.0,3.3333333333333335,2.222222222222222,5.0,2.0,10.0,8.0,7.333333333333333,3.555555555555556,10.0,0.0,0.0,0.0,0.0,0.0,0.0,4.0,17.0,13.0,12.666666666666666,5.777777777777779,17.0,0.0,0.0,0.0,0.0,0.0,0.0,0.0,1.0,1.0,0.6666666666666666,0.4444444444444445,1.0,0.0,8.0,8.0,2.6666666666666665,3.555555555555556,0.0,0.0,0.0,0.0,0.0,0.0,0.0,1.0,8.0,7.0,3.3333333333333335,3.1111111111111107,1.0,16.69,29.48,12.79,25.21666666666667,5.684444444444444,29.48,0.0,1.457,1.457,0.9713333333333334,0.6475555555555556,1.457,0.0,2.25333333333e-05,2.25333333333e-05,7.5111111111e-06,1.00148148148e-05,0.0,64.0,194.0,130.0,107.33333333333333,57.77777777777777,64.0
mp-27857,PdBr2,Pd,Monoclinic,C2/c,0.0,0.0,24,True,35.0,46.0,11.0,38.666666666666664,4.888888888888888,35.0,62.0,95.0,33.0,84.0,14.666666666666666,95.0,79.904,106.42,26.516000000000005,88.74266666666666,11.784888888888892,79.904,265.8,1828.05,1562.25,786.5500000000001,694.3333333333334,265.8,10.0,17.0,7.0,14.666666666666666,3.111111111111111,17.0,4.0,5.0,1.0,4.333333333333333,0.44444444444444436,4.0,120.0,139.0,19.0,126.33333333333333,8.444444444444443,120.0,2.2,2.96,0.7599999999999998,2.706666666666667,0.33777777777777757,2.96,0.0,2.0,2.0,1.3333333333333333,0.888888888888889,2.0,0.0,5.0,5.0,3.3333333333333335,2.222222222222222,5.0,10.0,10.0,0.0,10.0,0.0,10.0,0.0,0.0,0.0,0.0,0.0,0.0,10.0,17.0,7.0,14.666666666666666,3.111111111111111,17.0,0.0,0.0,0.0,0.0,0.0,0.0,0.0,1.0,1.0,0.6666666666666666,0.4444444444444445,1.0,0.0,0.0,0.0,0.0,0.0,0.0,0.0,0.0,0.0,0.0,0.0,0.0,0.0,1.0,1.0,0.6666666666666666,0.4444444444444445,1.0,14.41,29.48,15.07,24.456666666666667,6.697777777777778,29.48,0.0,1.457,1.457,0.9713333333333334,0.6475555555555556,1.457,0.0,0.0,0.0,0.0,0.0,0.0,64.0,225.0,161.0,117.66666666666667,71.55555555555556,64.0
mp-27871,RhBr3,Rh,Monoclinic,C2/m,0.0,0.0,8,True,35.0,45.0,10.0,37.5,3.75,35.0,59.0,95.0,36.0,86.0,13.5,95.0,79.904,102.9055,23.001500000000007,85.654375,8.625562500000004,79.904,265.8,2237.0,1971.2,758.6,739.2,265.8,9.0,17.0,8.0,15.0,3.0,17.0,4.0,5.0,1.0,4.25,0.375,4.0,120.0,142.0,22.0,125.5,8.25,120.0,2.28,2.96,0.6800000000000002,2.7899999999999996,0.2550000000000002,2.96,1.0,2.0,1.0,1.75,0.375,2.0,0.0,5.0,5.0,3.75,1.875,5.0,8.0,10.0,2.0,9.5,0.75,10.0,0.0,0.0,0.0,0.0,0.0,0.0,9.0,17.0,8.0,15.0,3.0,17.0,0.0,1.0,1.0,0.25,0.375,0.0,0.0,1.0,1.0,0.75,0.375,1.0,0.0,2.0,2.0,0.5,0.75,0.0,0.0,0.0,0.0,0.0,0.0,0.0,1.0,3.0,2.0,1.5,0.75,1.0,13.64,29.48,15.84,25.52,5.94,29.48,0.0,1.457,1.457,1.09275,0.546375,1.457,0.0,0.0,0.0,0.0,0.0,0.0,64.0,225.0,161.0,104.25,60.375,64.0
mp-27880,Nb3Cl7,Nb,Orthorhombic,Cmce,0.0,0.0,40,True,17.0,41.0,24.0,24.2,10.08,17.0,47.0,94.0,47.0,79.9,19.74,94.0,35.453,92.90638,57.453379999999996,52.689014,24.1304196,35.453,171.6,2750.0,2578.4,945.1200000000001,1082.9279999999999,171.6,5.0,17.0,12.0,13.4,5.04,17.0,3.0,5.0,2.0,3.6,0.8400000000000001,3.0,102.0,164.0,62.0,120.6,26.04,102.0,1.6,3.16,1.56,2.692,0.6552,3.16,1.0,2.0,1.0,1.7,0.42000000000000004,2.0,0.0,5.0,5.0,3.5,2.1,5.0,0.0,4.0,4.0,1.2,1.6799999999999997,0.0,0.0,0.0,0.0,0.0,0.0,0.0,5.0,7.0,2.0,6.4,0.8399999999999999,7.0,0.0,1.0,1.0,0.3,0.41999999999999993,0.0,0.0,1.0,1.0,0.7,0.42000000000000004,1.0,0.0,6.0,6.0,1.8,2.5200000000000005,0.0,0.0,0.0,0.0,0.0,0.0,0.0,1.0,7.0,6.0,2.8,2.52,1.0,18.18,24.4975,6.317499999999999,22.602249999999998,2.65335,24.4975,0.0,2.493,2.493,1.7451,1.0470599999999999,2.493,0.0,0.0,0.0,0.0,0.0,0.0,64.0,229.0,165.0,113.5,69.3,64.0
mp-27934,CdBr2,Cd,Hexagonal,P6_3mc,0.0,0.0,6,False,35.0,48.0,13.0,39.333333333333336,5.777777777777779,35.0,70.0,95.0,25.0,86.66666666666667,11.111111111111109,95.0,79.904,112.411,32.507000000000005,90.73966666666666,14.447555555555558,79.904,265.8,594.22,328.42,375.27333333333337,145.96444444444447,265.8,12.0,17.0,5.0,15.333333333333334,2.222222222222222,17.0,4.0,5.0,1.0,4.333333333333333,0.44444444444444436,4.0,120.0,144.0,24.0,128.0,10.666666666666666,120.0,1.69,2.96,1.27,2.5366666666666666,0.5644444444444444,2.96,2.0,2.0,0.0,2.0,0.0,2.0,0.0,5.0,5.0,3.3333333333333335,2.222222222222222,5.0,10.0,10.0,0.0,10.0,0.0,10.0,0.0,0.0,0.0,0.0,0.0,0.0,12.0,17.0,5.0,15.333333333333334,2.222222222222222,17.0,0.0,0.0,0.0,0.0,0.0,0.0,0.0,1.0,1.0,0.6666666666666666,0.4444444444444445,1.0,0.0,0.0,0.0,0.0,0.0,0.0,0.0,0.0,0.0,0.0,0.0,0.0,0.0,1.0,1.0,0.6666666666666666,0.4444444444444445,1.0,19.495,29.48,9.985,26.151666666666667,4.437777777777778,29.48,0.0,1.457,1.457,0.9713333333333334,0.6475555555555556,1.457,0.0,0.0,0.0,0.0,0.0,0.0,64.0,194.0,130.0,107.33333333333333,57.77777777777777,64.0
mp-28013,MnI2,Mn,Trigonal,P-3m1,5.0000003,1.6666667666666666,3,True,25.0,53.0,28.0,43.666666666666664,12.444444444444445,53.0,52.0,96.0,44.0,81.33333333333333,19.555555555555557,96.0,54.938045,126.90447,71.966425,102.91566166666667,31.98507777777778,126.90447,386.85,1519.0,1132.15,764.2333333333332,503.17777777777775,386.85,7.0,17.0,10.0,13.666666666666666,4.444444444444445,17.0,4.0,5.0,1.0,4.666666666666667,0.44444444444444436,5.0,139.0,139.0,0.0,139.0,0.0,139.0,1.55,2.66,1.11,2.29,0.4933333333333334,2.66,2.0,2.0,0.0,2.0,0.0,2.0,0.0,5.0,5.0,3.3333333333333335,2.222222222222222,5.0,5.0,10.0,5.0,8.333333333333334,2.222222222222222,10.0,0.0,0.0,0.0,0.0,0.0,0.0,7.0,17.0,10.0,13.666666666666666,4.444444444444445,17.0,0.0,0.0,0.0,0.0,0.0,0.0,0.0,1.0,1.0,0.6666666666666666,0.4444444444444445,1.0,0.0,5.0,5.0,1.6666666666666667,2.222222222222222,0.0,0.0,0.0,0.0,0.0,0.0,0.0,1.0,5.0,4.0,2.3333333333333335,1.777777777777778,1.0,10.4875862069,43.015,32.5274137931,32.172528735633335,14.45662835248889,43.015,0.0,1.062,1.062,0.7080000000000001,0.472,1.062,0.0,0.000310120689655,0.000310120689655,0.00010337356321833333,0.00013783141762444443,0.0,64.0,217.0,153.0,115.0,68.0,64.0
mp-28116,TiCl2,Ti,Trigonal,P-3m1,1.9922387,0.6640795666666667,3,False,17.0,22.0,5.0,18.666666666666668,2.2222222222222228,17.0,43.0,94.0,51.0,77.0,22.666666666666668,94.0,35.453,47.867,12.413999999999994,39.591,5.5173333333333305,35.453,171.6,1941.0,1769.4,761.4,786.4,171.6,4.0,17.0,13.0,12.666666666666666,5.777777777777779,17.0,3.0,4.0,1.0,3.3333333333333335,0.4444444444444445,3.0,102.0,160.0,58.0,121.33333333333333,25.777777777777775,102.0,1.54,3.16,1.62,2.62,0.7200000000000001,3.16,2.0,2.0,0.0,2.0,0.0,2.0,0.0,5.0,5.0,3.3333333333333335,2.222222222222222,5.0,0.0,2.0,2.0,0.6666666666666666,0.888888888888889,0.0,0.0,0.0,0.0,0.0,0.0,0.0,4.0,7.0,3.0,6.0,1.3333333333333333,7.0,0.0,0.0,0.0,0.0,0.0,0.0,0.0,1.0,1.0,0.6666666666666666,0.4444444444444445,1.0,0.0,8.0,8.0,2.6666666666666665,3.555555555555556,0.0,0.0,0.0,0.0,0.0,0.0,0.0,1.0,8.0,7.0,3.3333333333333335,3.1111111111111107,1.0,16.69,24.4975,7.807499999999997,21.895,3.469999999999999,24.4975,0.0,2.493,2.493,1.662,1.1079999999999999,2.493,0.0,2.25333333333e-05,2.25333333333e-05,7.5111111111e-06,1.00148148148e-05,0.0,64.0,194.0,130.0,107.33333333333333,57.77777777777777,64.0
mp-28117,VCl3,V,Trigonal,R-3,4.0000001,0.5000000125,8,True,17.0,23.0,6.0,18.5,2.25,17.0,46.0,94.0,48.0,82.0,18.0,94.0,35.453,50.9415,15.488499999999995,39.325125,5.808187499999997,35.453,171.6,2183.0,2011.4,674.45,754.2750000000001,171.6,5.0,17.0,12.0,14.0,4.5,17.0,3.0,4.0,1.0,3.25,0.375,3.0,102.0,153.0,51.0,114.75,19.125,102.0,1.63,3.16,1.5300000000000002,2.7775,0.5737500000000002,3.16,2.0,2.0,0.0,2.0,0.0,2.0,0.0,5.0,5.0,3.75,1.875,5.0,0.0,3.0,3.0,0.75,1.125,0.0,0.0,0.0,0.0,0.0,0.0,0.0,5.0,7.0,2.0,6.5,0.75,7.0,0.0,0.0,0.0,0.0,0.0,0.0,0.0,1.0,1.0,0.75,0.375,1.0,0.0,7.0,7.0,1.75,2.625,0.0,0.0,0.0,0.0,0.0,0.0,0.0,1.0,7.0,6.0,2.5,2.25,1.0,13.01,24.4975,11.487499999999999,21.625625,4.307812499999999,24.4975,0.0,2.493,2.493,1.8697499999999998,0.934875,2.493,0.0,0.0,0.0,0.0,0.0,0.0,64.0,229.0,165.0,105.25,61.875,64.0
mp-282,TiF2,Ti,Cubic,Fm-3m,2.0000162,0.6666720666666667,3,False,9.0,22.0,13.0,13.333333333333334,5.777777777777779,9.0,43.0,93.0,50.0,76.33333333333333,22.222222222222225,93.0,18.9984032,47.867,28.8685968,28.621268799999996,12.830487466666666,18.9984032,53.5,1941.0,1887.5,682.6666666666666,838.888888888889,53.5,4.0,17.0,13.0,12.666666666666666,5.777777777777779,17.0,2.0,4.0,2.0,2.6666666666666665,0.8888888888888888,2.0,57.0,160.0,103.0,91.33333333333333,45.77777777777777,57.0,1.54,3.98,2.44,3.1666666666666665,1.0844444444444445,3.98,2.0,2.0,0.0,2.0,0.0,2.0,0.0,5.0,5.0,3.3333333333333335,2.222222222222222,5.0,0.0,2.0,2.0,0.6666666666666666,0.888888888888889,0.0,0.0,0.0,0.0,0.0,0.0,0.0,4.0,7.0,3.0,6.0,1.3333333333333333,7.0,0.0,0.0,0.0,0.0,0.0,0.0,0.0,1.0,1.0,0.6666666666666666,0.4444444444444445,1.0,0.0,8.0,8.0,2.6666666666666665,3.555555555555556,0.0,0.0,0.0,0.0,0.0,0.0,0.0,1.0,8.0,7.0,3.3333333333333335,3.1111111111111107,1.0,9.7075,16.69,6.982500000000002,12.035000000000002,3.103333333333335,9.7075,0.0,1.97,1.97,1.3133333333333332,0.8755555555555556,1.97,0.0,2.25333333333e-05,2.25333333333e-05,7.5111111111e-06,1.00148148148e-05,0.0,15.0,194.0,179.0,74.66666666666667,79.55555555555556,15.0
mp-28214,TiBr3,Ti,Triclinic,P-1,2.0000001,0.2500000125,8,True,22.0,35.0,13.0,31.75,4.875,35.0,43.0,95.0,52.0,82.0,19.5,95.0,47.867,79.904,32.037,71.89475,12.013874999999997,79.904,265.8,1941.0,1675.2,684.6,628.2,265.8,4.0,17.0,13.0,13.75,4.875,17.0,4.0,4.0,0.0,4.0,0.0,4.0,120.0,160.0,40.0,130.0,15.0,120.0,1.54,2.96,1.42,2.6049999999999995,0.5325000000000002,2.96,2.0,2.0,0.0,2.0,0.0,2.0,0.0,5.0,5.0,3.75,1.875,5.0,2.0,10.0,8.0,8.0,3.0,10.0,0.0,0.0,0.0,0.0,0.0,0.0,4.0,17.0,13.0,13.75,4.875,17.0,0.0,0.0,0.0,0.0,0.0,0.0,0.0,1.0,1.0,0.75,0.375,1.0,0.0,8.0,8.0,2.0,3.0,0.0,0.0,0.0,0.0,0.0,0.0,0.0,1.0,8.0,7.0,2.75,2.625,1.0,16.69,29.48,12.79,26.2825,4.796250000000001,29.48,0.0,1.457,1.457,1.09275,0.546375,1.457,0.0,2.25333333333e-05,2.25333333333e-05,5.633333333325e-06,8.4499999999875e-06,0.0,64.0,194.0,130.0,96.5,48.75,64.0
mp-28233,MnCl2,Mn,Trigonal,R-3m,5.0,1.6666666666666667,3,True,17.0,25.0,8.0,19.666666666666668,3.555555555555556,17.0,52.0,94.0,42.0,80.0,18.666666666666668,94.0,35.453,54.938045,19.485045,41.948015000000005,8.660020000000001,35.453,171.6,1519.0,1347.4,620.7333333333333,598.8444444444444,171.6,7.0,17.0,10.0,13.666666666666666,4.444444444444445,17.0,3.0,4.0,1.0,3.3333333333333335,0.4444444444444445,3.0,102.0,139.0,37.0,114.33333333333333,16.444444444444443,102.0,1.55,3.16,1.61,2.6233333333333335,0.7155555555555555,3.16,2.0,2.0,0.0,2.0,0.0,2.0,0.0,5.0,5.0,3.3333333333333335,2.222222222222222,5.0,0.0,5.0,5.0,1.6666666666666667,2.222222222222222,0.0,0.0,0.0,0.0,0.0,0.0,0.0,7.0,7.0,0.0,7.0,0.0,7.0,0.0,0.0,0.0,0.0,0.0,0.0,0.0,1.0,1.0,0.6666666666666666,0.4444444444444445,1.0,0.0,5.0,5.0,1.6666666666666667,2.222222222222222,0.0,0.0,0.0,0.0,0.0,0.0,0.0,1.0,5.0,4.0,2.3333333333333335,1.777777777777778,1.0,10.4875862069,24.4975,14.009913793099999,19.827528735633333,6.226628352488888,24.4975,0.0,2.493,2.493,1.662,1.1079999999999999,2.493,0.0,0.000310120689655,0.000310120689655,0.00010337356321833333,0.00013783141762444443,0.0,64.0,217.0,153.0,115.0,68.0,64.0
mp-28241,ZrI2,Zr,Trigonal,R-3,1.9956793,0.1108710722222222,18,False,40.0,53.0,13.0,48.666666666666664,5.777777777777779,53.0,44.0,96.0,52.0,78.66666666666667,23.11111111111111,96.0,91.224,126.90447,35.68047,115.01098,15.857986666666667,126.90447,386.85,2128.0,1741.15,967.2333333333332,773.8444444444444,386.85,4.0,17.0,13.0,12.666666666666666,5.777777777777779,17.0,5.0,5.0,0.0,5.0,0.0,5.0,139.0,175.0,36.0,151.0,16.0,139.0,1.33,2.66,1.33,2.216666666666667,0.5911111111111111,2.66,2.0,2.0,0.0,2.0,0.0,2.0,0.0,5.0,5.0,3.3333333333333335,2.222222222222222,5.0,2.0,10.0,8.0,7.333333333333333,3.555555555555556,10.0,0.0,0.0,0.0,0.0,0.0,0.0,4.0,17.0,13.0,12.666666666666666,5.777777777777779,17.0,0.0,0.0,0.0,0.0,0.0,0.0,0.0,1.0,1.0,0.6666666666666666,0.4444444444444445,1.0,0.0,8.0,8.0,2.6666666666666665,3.555555555555556,0.0,0.0,0.0,0.0,0.0,0.0,0.0,1.0,8.0,7.0,3.3333333333333335,3.1111111111111107,1.0,23.195,43.015,19.82,36.40833333333333,8.80888888888889,43.015,0.0,1.062,1.062,0.7080000000000001,0.472,1.062,0.0,0.0,0.0,0.0,0.0,0.0,64.0,194.0,130.0,107.33333333333333,57.77777777777777,64.0
mp-28248,CdI2,Cd,Hexagonal,P6_3mc,0.0,0.0,6,False,48.0,53.0,5.0,51.333333333333336,2.2222222222222214,53.0,70.0,96.0,26.0,87.33333333333333,11.555555555555557,96.0,112.411,126.90447,14.493470000000002,122.07331333333333,6.441542222222225,126.90447,386.85,594.22,207.37,455.97333333333336,92.16444444444444,386.85,12.0,17.0,5.0,15.333333333333334,2.222222222222222,17.0,5.0,5.0,0.0,5.0,0.0,5.0,139.0,144.0,5.0,140.66666666666666,2.222222222222219,139.0,1.69,2.66,0.9700000000000002,2.3366666666666664,0.4311111111111113,2.66,2.0,2.0,0.0,2.0,0.0,2.0,0.0,5.0,5.0,3.3333333333333335,2.222222222222222,5.0,10.0,10.0,0.0,10.0,0.0,10.0,0.0,0.0,0.0,0.0,0.0,0.0,12.0,17.0,5.0,15.333333333333334,2.222222222222222,17.0,0.0,0.0,0.0,0.0,0.0,0.0,0.0,1.0,1.0,0.6666666666666666,0.4444444444444445,1.0,0.0,0.0,0.0,0.0,0.0,0.0,0.0,0.0,0.0,0.0,0.0,0.0,0.0,1.0,1.0,0.6666666666666666,0.4444444444444445,1.0,19.495,43.015,23.52,35.175000000000004,10.453333333333331,43.015,0.0,1.062,1.062,0.7080000000000001,0.472,1.062,0.0,0.0,0.0,0.0,0.0,0.0,64.0,194.0,130.0,107.33333333333333,57.77777777777777,64.0
mp-28268,PtI3,Pt,Monoclinic,C2/c,0.0,0.0,16,True,53.0,78.0,25.0,59.25,9.375,53.0,63.0,96.0,33.0,87.75,12.375,96.0,126.90447,195.084,68.17953,143.9493525,25.56732375,126.90447,386.85,2041.4,1654.5500000000002,800.4875000000001,620.45625,386.85,10.0,17.0,7.0,15.25,2.625,17.0,5.0,6.0,1.0,5.25,0.375,5.0,136.0,139.0,3.0,138.25,1.125,139.0,2.28,2.66,0.38000000000000034,2.565,0.14250000000000018,2.66,1.0,2.0,1.0,1.75,0.375,2.0,0.0,5.0,5.0,3.75,1.875,5.0,9.0,10.0,1.0,9.75,0.375,10.0,0.0,14.0,14.0,3.5,5.25,0.0,17.0,24.0,7.0,18.75,2.625,17.0,0.0,1.0,1.0,0.25,0.375,0.0,0.0,1.0,1.0,0.75,0.375,1.0,0.0,1.0,1.0,0.25,0.375,0.0,0.0,0.0,0.0,0.0,0.0,0.0,1.0,2.0,1.0,1.25,0.375,1.0,15.02,43.015,27.995,36.01625000000001,10.498124999999998,43.015,0.0,1.062,1.062,0.7965,0.39825000000000005,1.062,0.0,0.0,0.0,0.0,0.0,0.0,64.0,225.0,161.0,104.25,60.375,64.0
mp-28301,OsBr4,Os,Orthorhombic,Pbca,15.9966082,0.399915205,40,True,35.0,76.0,41.0,43.2,13.120000000000001,35.0,57.0,95.0,38.0,87.4,12.159999999999997,95.0,79.904,190.23,110.326,101.9692,35.304320000000004,79.904,265.8,3306.0,3040.2,873.8399999999999,972.8639999999999,265.8,8.0,17.0,9.0,15.2,2.8800000000000003,17.0,4.0,6.0,2.0,4.4,0.6400000000000002,4.0,120.0,144.0,24.0,124.8,7.679999999999998,120.0,2.2,2.96,0.7599999999999998,2.808,0.24320000000000003,2.96,2.0,2.0,0.0,2.0,0.0,2.0,0.0,5.0,5.0,4.0,1.6,5.0,6.0,10.0,4.0,9.2,1.2800000000000005,10.0,0.0,14.0,14.0,2.8,4.4799999999999995,0.0,17.0,22.0,5.0,18.0,1.6,17.0,0.0,0.0,0.0,0.0,0.0,0.0,0.0,1.0,1.0,0.8,0.31999999999999995,1.0,0.0,4.0,4.0,0.8,1.28,0.0,0.0,0.0,0.0,0.0,0.0,0.0,1.0,4.0,3.0,1.6,0.9600000000000002,1.0,14.09,29.48,15.39,26.401999999999997,4.924800000000002,29.48,0.0,1.457,1.457,1.1656,0.4662400000000001,1.457,0.0,0.0,0.0,0.0,0.0,0.0,64.0,194.0,130.0,90.0,41.6,64.0
mp-28306,MnBr2,Mn,Trigonal,P-3m1,4.9999999,1.666666633333333,3,True,25.0,35.0,10.0,31.666666666666668,4.444444444444444,35.0,52.0,95.0,43.0,80.66666666666667,19.11111111111111,95.0,54.938045,79.904,24.965954999999994,71.582015,11.095979999999997,79.904,265.8,1519.0,1253.2,683.5333333333333,556.9777777777778,265.8,7.0,17.0,10.0,13.666666666666666,4.444444444444445,17.0,4.0,4.0,0.0,4.0,0.0,4.0,120.0,139.0,19.0,126.33333333333333,8.444444444444443,120.0,1.55,2.96,1.41,2.4899999999999998,0.6266666666666667,2.96,2.0,2.0,0.0,2.0,0.0,2.0,0.0,5.0,5.0,3.3333333333333335,2.222222222222222,5.0,5.0,10.0,5.0,8.333333333333334,2.222222222222222,10.0,0.0,0.0,0.0,0.0,0.0,0.0,7.0,17.0,10.0,13.666666666666666,4.444444444444445,17.0,0.0,0.0,0.0,0.0,0.0,0.0,0.0,1.0,1.0,0.6666666666666666,0.4444444444444445,1.0,0.0,5.0,5.0,1.6666666666666667,2.222222222222222,0.0,0.0,0.0,0.0,0.0,0.0,0.0,1.0,5.0,4.0,2.3333333333333335,1.777777777777778,1.0,10.4875862069,29.48,18.9924137931,23.1491954023,8.441072796933334,29.48,0.0,1.457,1.457,0.9713333333333334,0.6475555555555556,1.457,0.0,0.000310120689655,0.000310120689655,0.00010337356321833333,0.00013783141762444443,0.0,64.0,217.0,153.0,115.0,68.0,64.0
mp-28319,PtI2,Pt,Monoclinic,P2_1/c,0.0,0.0,12,True,53.0,78.0,25.0,61.333333333333336,11.111111111111112,53.0,63.0,96.0,33.0,85.0,14.666666666666666,96.0,126.90447,195.084,68.17953,149.63098,30.30201333333333,126.90447,386.85,2041.4,1654.5500000000002,938.3666666666668,735.3555555555555,386.85,10.0,17.0,7.0,14.666666666666666,3.111111111111111,17.0,5.0,6.0,1.0,5.333333333333333,0.44444444444444436,5.0,136.0,139.0,3.0,138.0,1.3333333333333333,139.0,2.28,2.66,0.38000000000000034,2.533333333333333,0.1688888888888891,2.66,1.0,2.0,1.0,1.6666666666666667,0.4444444444444444,2.0,0.0,5.0,5.0,3.3333333333333335,2.222222222222222,5.0,9.0,10.0,1.0,9.666666666666666,0.44444444444444464,10.0,0.0,14.0,14.0,4.666666666666667,6.222222222222221,0.0,17.0,24.0,7.0,19.333333333333332,3.1111111111111107,17.0,0.0,1.0,1.0,0.3333333333333333,0.4444444444444445,0.0,0.0,1.0,1.0,0.6666666666666666,0.4444444444444445,1.0,0.0,1.0,1.0,0.3333333333333333,0.4444444444444445,0.0,0.0,0.0,0.0,0.0,0.0,0.0,1.0,2.0,1.0,1.3333333333333333,0.4444444444444444,1.0,15.02,43.015,27.995,33.68333333333333,12.442222222222222,43.015,0.0,1.062,1.062,0.7080000000000001,0.472,1.062,0.0,0.0,0.0,0.0,0.0,0.0,64.0,225.0,161.0,117.66666666666667,71.55555555555556,64.0
mp-28320,Pt3I8,Pt,Tetragonal,P4_12_12,0.0,0.0,44,True,53.0,78.0,25.0,59.81818181818182,9.917355371900827,53.0,63.0,96.0,33.0,87.0,13.090909090909092,96.0,126.90447,195.084,68.17953,145.49888727272727,27.046425123966937,126.90447,386.85,2041.4,1654.5500000000002,838.0909090909091,656.3504132231405,386.85,10.0,17.0,7.0,15.090909090909092,2.776859504132231,17.0,5.0,6.0,1.0,5.2727272727272725,0.39669421487603296,5.0,136.0,139.0,3.0,138.1818181818182,1.1900826446280968,139.0,2.28,2.66,0.38000000000000034,2.5563636363636366,0.1507438016528926,2.66,1.0,2.0,1.0,1.7272727272727273,0.396694214876033,2.0,0.0,5.0,5.0,3.6363636363636362,1.9834710743801656,5.0,9.0,10.0,1.0,9.727272727272727,0.39669421487603335,10.0,0.0,14.0,14.0,3.8181818181818183,5.553719008264463,0.0,17.0,24.0,7.0,18.90909090909091,2.776859504132232,17.0,0.0,1.0,1.0,0.2727272727272727,0.396694214876033,0.0,0.0,1.0,1.0,0.7272727272727273,0.396694214876033,1.0,0.0,1.0,1.0,0.2727272727272727,0.396694214876033,0.0,0.0,0.0,0.0,0.0,0.0,0.0,1.0,2.0,1.0,1.2727272727272727,0.396694214876033,1.0,15.02,43.015,27.995,35.38,11.105454545454545,43.015,0.0,1.062,1.062,0.7723636363636364,0.4212892561983472,1.062,0.0,0.0,0.0,0.0,0.0,0.0,64.0,225.0,161.0,107.9090909090909,63.86776859504132,64.0
mp-28483,WBr6,W,Trigonal,R-3,0.0,0.0,7,True,35.0,74.0,39.0,40.57142857142857,9.551020408163264,35.0,51.0,95.0,44.0,88.71428571428571,10.775510204081638,95.0,79.904,183.84,103.936,94.752,25.453714285714284,79.904,265.8,3695.0,3429.2,755.6857142857143,839.804081632653,265.8,6.0,17.0,11.0,15.428571428571429,2.6938775510204076,17.0,4.0,6.0,2.0,4.285714285714286,0.48979591836734687,4.0,120.0,162.0,42.0,126.0,10.285714285714286,120.0,2.36,2.96,0.6000000000000001,2.874285714285714,0.1469387755102042,2.96,2.0,2.0,0.0,2.0,0.0,2.0,0.0,5.0,5.0,4.285714285714286,1.2244897959183676,5.0,4.0,10.0,6.0,9.142857142857142,1.4693877551020411,10.0,0.0,14.0,14.0,2.0,3.4285714285714284,0.0,17.0,20.0,3.0,17.428571428571427,0.7346938775510193,17.0,0.0,0.0,0.0,0.0,0.0,0.0,0.0,1.0,1.0,0.8571428571428571,0.2448979591836735,1.0,0.0,6.0,6.0,0.8571428571428571,1.4693877551020407,0.0,0.0,0.0,0.0,0.0,0.0,0.0,1.0,6.0,5.0,1.7142857142857142,1.2244897959183672,1.0,16.05,29.48,13.43,27.56142857142857,3.288979591836735,29.48,0.0,1.457,1.457,1.2488571428571429,0.3568163265306123,1.457,0.0,0.0,0.0,0.0,0.0,0.0,64.0,229.0,165.0,87.57142857142857,40.40816326530613,64.0
mp-28495,ZrBr2,Zr,Trigonal,R-3,2.0045619,0.11136455,18,False,35.0,40.0,5.0,36.666666666666664,2.2222222222222214,35.0,44.0,95.0,51.0,78.0,22.666666666666668,95.0,79.904,91.224,11.320000000000007,83.67733333333332,5.0311111111111115,79.904,265.8,2128.0,1862.2,886.5333333333333,827.6444444444445,265.8,4.0,17.0,13.0,12.666666666666666,5.777777777777779,17.0,4.0,5.0,1.0,4.333333333333333,0.44444444444444436,4.0,120.0,175.0,55.0,138.33333333333334,24.444444444444446,120.0,1.33,2.96,1.63,2.4166666666666665,0.7244444444444444,2.96,2.0,2.0,0.0,2.0,0.0,2.0,0.0,5.0,5.0,3.3333333333333335,2.222222222222222,5.0,2.0,10.0,8.0,7.333333333333333,3.555555555555556,10.0,0.0,0.0,0.0,0.0,0.0,0.0,4.0,17.0,13.0,12.666666666666666,5.777777777777779,17.0,0.0,0.0,0.0,0.0,0.0,0.0,0.0,1.0,1.0,0.6666666666666666,0.4444444444444445,1.0,0.0,8.0,8.0,2.6666666666666665,3.555555555555556,0.0,0.0,0.0,0.0,0.0,0.0,0.0,1.0,8.0,7.0,3.3333333333333335,3.1111111111111107,1.0,23.195,29.48,6.285,27.385,2.793333333333333,29.48,0.0,1.457,1.457,0.9713333333333334,0.6475555555555556,1.457,0.0,0.0,0.0,0.0,0.0,0.0,64.0,194.0,130.0,107.33333333333333,57.77777777777777,64.0
mp-28601,NbBr5,Nb,Orthorhombic,Pnma,0.0,0.0,48,True,35.0,41.0,6.0,36.0,1.6666666666666667,35.0,47.0,95.0,48.0,87.0,13.333333333333334,95.0,79.904,92.90638,13.002380000000002,82.07106333333333,3.6117722222222213,79.904,265.8,2750.0,2484.2,679.8333333333334,690.0555555555557,265.8,5.0,17.0,12.0,15.0,3.3333333333333335,17.0,4.0,5.0,1.0,4.166666666666667,0.27777777777777796,4.0,120.0,164.0,44.0,127.33333333333333,12.22222222222222,120.0,1.6,2.96,1.3599999999999999,2.733333333333334,0.3777777777777774,2.96,1.0,2.0,1.0,1.8333333333333333,0.27777777777777785,2.0,0.0,5.0,5.0,4.166666666666667,1.3888888888888886,5.0,4.0,10.0,6.0,9.0,1.6666666666666667,10.0,0.0,0.0,0.0,0.0,0.0,0.0,5.0,17.0,12.0,15.0,3.3333333333333335,17.0,0.0,1.0,1.0,0.16666666666666666,0.27777777777777773,0.0,0.0,1.0,1.0,0.8333333333333334,0.27777777777777773,1.0,0.0,6.0,6.0,1.0,1.6666666666666667,0.0,0.0,0.0,0.0,0.0,0.0,0.0,1.0,7.0,6.0,2.0,1.6666666666666667,1.0,18.18,29.48,11.3,27.596666666666668,3.138888888888889,29.48,0.0,1.457,1.457,1.2141666666666666,0.40472222222222226,1.457,0.0,0.0,0.0,0.0,0.0,0.0,64.0,229.0,165.0,91.5,45.833333333333336,64.0
mp-28880,W3Br7,W,Cubic,Pn-3,0.0104502,0.0001306275,80,False,35.0,74.0,39.0,46.7,16.380000000000003,35.0,51.0,95.0,44.0,81.8,18.48,95.0,79.904,183.84,103.936,111.0848,43.65312,79.904,265.8,3695.0,3429.2,1294.56,1440.264,265.8,6.0,17.0,11.0,13.7,4.62,17.0,4.0,6.0,2.0,4.6,0.8399999999999999,4.0,120.0,162.0,42.0,132.6,17.639999999999997,120.0,2.36,2.96,0.6000000000000001,2.78,0.2520000000000001,2.96,2.0,2.0,0.0,2.0,0.0,2.0,0.0,5.0,5.0,3.5,2.1,5.0,4.0,10.0,6.0,8.2,2.5200000000000005,10.0,0.0,14.0,14.0,4.2,5.880000000000001,0.0,17.0,20.0,3.0,17.9,1.2599999999999993,17.0,0.0,0.0,0.0,0.0,0.0,0.0,0.0,1.0,1.0,0.7,0.42000000000000004,1.0,0.0,6.0,6.0,1.8,2.5200000000000005,0.0,0.0,0.0,0.0,0.0,0.0,0.0,1.0,6.0,5.0,2.5,2.1,1.0,16.05,29.48,13.43,25.451,5.6406,29.48,0.0,1.457,1.457,1.0199,0.61194,1.457,0.0,0.0,0.0,0.0,0.0,0.0,64.0,229.0,165.0,113.5,69.3,64.0
mp-28974,TiF4,Ti,Orthorhombic,Pnma,0.0,0.0,60,True,9.0,22.0,13.0,11.6,4.159999999999999,9.0,43.0,93.0,50.0,83.0,16.0,93.0,18.9984032,47.867,28.8685968,24.772122559999996,9.237950975999999,18.9984032,53.5,1941.0,1887.5,431.0,604.0,53.5,4.0,17.0,13.0,14.4,4.159999999999999,17.0,2.0,4.0,2.0,2.4,0.6399999999999999,2.0,57.0,160.0,103.0,77.6,32.959999999999994,57.0,1.54,3.98,2.44,3.492,0.7807999999999999,3.98,2.0,2.0,0.0,2.0,0.0,2.0,0.0,5.0,5.0,4.0,1.6,5.0,0.0,2.0,2.0,0.4,0.64,0.0,0.0,0.0,0.0,0.0,0.0,0.0,4.0,7.0,3.0,6.4,0.9599999999999997,7.0,0.0,0.0,0.0,0.0,0.0,0.0,0.0,1.0,1.0,0.8,0.31999999999999995,1.0,0.0,8.0,8.0,1.6,2.56,0.0,0.0,0.0,0.0,0.0,0.0,0.0,1.0,8.0,7.0,2.4,2.2399999999999998,1.0,9.7075,16.69,6.982500000000002,11.104,2.2344,9.7075,0.0,1.97,1.97,1.576,0.6304,1.97,0.0,2.25333333333e-05,2.25333333333e-05,4.50666666666e-06,7.210666666656e-06,0.0,15.0,194.0,179.0,50.8,57.279999999999994,15.0
mp-2901880,TiF3,Ti,Trigonal,R-3m,0.9999933,0.249998325,4,False,9.0,22.0,13.0,12.25,4.875,9.0,43.0,93.0,50.0,80.5,18.75,93.0,18.9984032,47.867,28.8685968,26.2155524,10.8257238,18.9984032,53.5,1941.0,1887.5,525.375,707.8125,53.5,4.0,17.0,13.0,13.75,4.875,17.0,2.0,4.0,2.0,2.5,0.75,2.0,57.0,160.0,103.0,82.75,38.625,57.0,1.54,3.98,2.44,3.37,0.9149999999999999,3.98,2.0,2.0,0.0,2.0,0.0,2.0,0.0,5.0,5.0,3.75,1.875,5.0,0.0,2.0,2.0,0.5,0.75,0.0,0.0,0.0,0.0,0.0,0.0,0.0,4.0,7.0,3.0,6.25,1.125,7.0,0.0,0.0,0.0,0.0,0.0,0.0,0.0,1.0,1.0,0.75,0.375,1.0,0.0,8.0,8.0,2.0,3.0,0.0,0.0,0.0,0.0,0.0,0.0,0.0,1.0,8.0,7.0,2.75,2.625,1.0,9.7075,16.69,6.982500000000002,11.453125,2.6184375000000006,9.7075,0.0,1.97,1.97,1.4775,0.73875,1.97,0.0,2.25333333333e-05,2.25333333333e-05,5.633333333325e-06,8.4499999999875e-06,0.0,15.0,194.0,179.0,59.75,67.125,15.0
mp-29147,MoCl5,Mo,Monoclinic,P2_1/c,7.9967306,0.1665985541666666,48,False,17.0,42.0,25.0,21.166666666666668,6.9444444444444455,17.0,50.0,94.0,44.0,86.66666666666667,12.22222222222222,94.0,35.453,95.96,60.50699999999999,45.5375,16.807499999999997,35.453,171.6,2896.0,2724.4,625.6666666666666,756.7777777777777,171.6,6.0,17.0,11.0,15.166666666666666,3.055555555555556,17.0,3.0,5.0,2.0,3.3333333333333335,0.5555555555555557,3.0,102.0,154.0,52.0,110.66666666666667,14.444444444444448,102.0,2.16,3.16,1.0,2.9933333333333336,0.2777777777777777,3.16,1.0,2.0,1.0,1.8333333333333333,0.27777777777777785,2.0,0.0,5.0,5.0,4.166666666666667,1.3888888888888886,5.0,0.0,5.0,5.0,0.8333333333333334,1.388888888888889,0.0,0.0,0.0,0.0,0.0,0.0,0.0,6.0,7.0,1.0,6.833333333333333,0.27777777777777796,7.0,0.0,1.0,1.0,0.16666666666666666,0.27777777777777773,0.0,0.0,1.0,1.0,0.8333333333333334,0.27777777777777773,1.0,0.0,5.0,5.0,0.8333333333333334,1.388888888888889,0.0,0.0,0.0,0.0,0.0,0.0,0.0,1.0,6.0,5.0,1.8333333333333333,1.3888888888888886,1.0,15.69,24.4975,8.8075,23.029583333333335,2.4465277777777756,24.4975,0.0,2.493,2.493,2.0775,0.6924999999999999,2.493,0.0,0.0,0.0,0.0,0.0,0.0,64.0,229.0,165.0,91.5,45.833333333333336,64.0
mp-29412,Ta3Br7,Ta,Orthorhombic,Cmce,0.0,0.0,40,True,35.0,73.0,38.0,46.4,15.959999999999999,35.0,48.0,95.0,47.0,80.9,19.74,95.0,79.904,180.94788,101.04388,110.217164,42.4384296,79.904,265.8,3290.0,3024.2,1173.06,1270.164,265.8,5.0,17.0,12.0,13.4,5.04,17.0,4.0,6.0,2.0,4.6,0.8399999999999999,4.0,120.0,170.0,50.0,135.0,21.0,120.0,1.5,2.96,1.46,2.522,0.6132000000000001,2.96,2.0,2.0,0.0,2.0,0.0,2.0,0.0,5.0,5.0,3.5,2.1,5.0,3.0,10.0,7.0,7.9,2.94,10.0,0.0,14.0,14.0,4.2,5.880000000000001,0.0,17.0,19.0,2.0,17.6,0.8400000000000005,17.0,0.0,0.0,0.0,0.0,0.0,0.0,0.0,1.0,1.0,0.7,0.42000000000000004,1.0,0.0,7.0,7.0,2.1,2.9400000000000004,0.0,0.0,0.0,0.0,0.0,0.0,0.0,1.0,7.0,6.0,2.8,2.52,1.0,18.12,29.48,11.36,26.072000000000003,4.7711999999999986,29.48,0.0,1.457,1.457,1.0199,0.61194,1.457,0.0,0.0,0.0,0.0,0.0,0.0,64.0,229.0,165.0,113.5,69.3,64.0
mp-29422,HfCl4,Hf,Monoclinic,P2/c,0.0,0.0,10,True,17.0,72.0,55.0,28.0,17.6,17.0,45.0,94.0,49.0,84.2,15.679999999999998,94.0,35.453,178.49,143.037,64.0604,45.77184,35.453,171.6,2506.0,2334.4,638.48,747.008,171.6,4.0,17.0,13.0,14.4,4.159999999999999,17.0,3.0,6.0,3.0,3.6,0.9600000000000002,3.0,102.0,175.0,73.0,116.6,23.359999999999996,102.0,1.3,3.16,1.86,2.7880000000000003,0.5952,3.16,2.0,2.0,0.0,2.0,0.0,2.0,0.0,5.0,5.0,4.0,1.6,5.0,0.0,2.0,2.0,0.4,0.64,0.0,0.0,14.0,14.0,2.8,4.4799999999999995,0.0,7.0,18.0,11.0,9.2,3.5199999999999996,7.0,0.0,0.0,0.0,0.0,0.0,0.0,0.0,1.0,1.0,0.8,0.31999999999999995,1.0,0.0,8.0,8.0,1.6,2.56,0.0,0.0,0.0,0.0,0.0,0.0,0.0,1.0,8.0,7.0,2.4,2.2399999999999998,1.0,22.2,24.4975,2.2974999999999994,24.038,0.735199999999999,24.4975,0.0,2.493,2.493,1.9944,0.7977599999999999,2.493,0.0,0.0,0.0,0.0,0.0,0.0,64.0,194.0,130.0,90.0,41.6,64.0
mp-29465,TaCl4,Ta,Monoclinic,C2/m,0.0,0.0,10,False,17.0,73.0,56.0,28.2,17.919999999999998,17.0,48.0,94.0,46.0,84.8,14.720000000000002,94.0,35.453,180.94788,145.49488,64.551976,46.5583616,35.453,171.6,3290.0,3118.4,795.28,997.8880000000001,171.6,5.0,17.0,12.0,14.6,3.8400000000000007,17.0,3.0,6.0,3.0,3.6,0.9600000000000002,3.0,102.0,170.0,68.0,115.6,21.759999999999998,102.0,1.5,3.16,1.6600000000000001,2.8280000000000003,0.5311999999999999,3.16,2.0,2.0,0.0,2.0,0.0,2.0,0.0,5.0,5.0,4.0,1.6,5.0,0.0,3.0,3.0,0.6,0.96,0.0,0.0,14.0,14.0,2.8,4.4799999999999995,0.0,7.0,19.0,12.0,9.4,3.8400000000000007,7.0,0.0,0.0,0.0,0.0,0.0,0.0,0.0,1.0,1.0,0.8,0.31999999999999995,1.0,0.0,7.0,7.0,1.4,2.2399999999999998,0.0,0.0,0.0,0.0,0.0,0.0,0.0,1.0,7.0,6.0,2.2,1.9200000000000004,1.0,18.12,24.4975,6.377499999999998,23.222,2.040799999999998,24.4975,0.0,2.493,2.493,1.9944,0.7977599999999999,2.493,0.0,0.0,0.0,0.0,0.0,0.0,64.0,229.0,165.0,97.0,52.8,64.0
mp-29487,PdCl2,Pd,Trigonal,R-3,0.0,0.0,18,True,17.0,46.0,29.0,26.666666666666668,12.888888888888891,17.0,62.0,94.0,32.0,83.33333333333333,14.222222222222223,94.0,35.453,106.42,70.967,59.10866666666667,31.54088888888889,35.453,171.6,1828.05,1656.45,723.75,736.1999999999999,171.6,10.0,17.0,7.0,14.666666666666666,3.111111111111111,17.0,3.0,5.0,2.0,3.6666666666666665,0.8888888888888888,3.0,102.0,139.0,37.0,114.33333333333333,16.444444444444443,102.0,2.2,3.16,0.96,2.84,0.42666666666666675,3.16,0.0,2.0,2.0,1.3333333333333333,0.888888888888889,2.0,0.0,5.0,5.0,3.3333333333333335,2.222222222222222,5.0,0.0,10.0,10.0,3.3333333333333335,4.444444444444444,0.0,0.0,0.0,0.0,0.0,0.0,0.0,7.0,10.0,3.0,8.0,1.3333333333333333,7.0,0.0,0.0,0.0,0.0,0.0,0.0,0.0,1.0,1.0,0.6666666666666666,0.4444444444444445,1.0,0.0,0.0,0.0,0.0,0.0,0.0,0.0,0.0,0.0,0.0,0.0,0.0,0.0,1.0,1.0,0.6666666666666666,0.4444444444444445,1.0,14.41,24.4975,10.087499999999999,21.135,4.483333333333332,24.4975,0.0,2.493,2.493,1.662,1.1079999999999999,2.493,0.0,0.0,0.0,0.0,0.0,0.0,64.0,225.0,161.0,117.66666666666667,71.55555555555556,64.0
mp-29498,WBr2,W,Orthorhombic,Cmce,0.0,0.0,36,True,35.0,74.0,39.0,48.0,17.333333333333332,35.0,51.0,95.0,44.0,80.33333333333333,19.555555555555557,95.0,79.904,183.84,103.936,114.54933333333334,46.19377777777779,79.904,265.8,3695.0,3429.2,1408.8666666666668,1524.0888888888887,265.8,6.0,17.0,11.0,13.333333333333334,4.888888888888888,17.0,4.0,6.0,2.0,4.666666666666667,0.888888888888889,4.0,120.0,162.0,42.0,134.0,18.666666666666668,120.0,2.36,2.96,0.6000000000000001,2.76,0.2666666666666668,2.96,2.0,2.0,0.0,2.0,0.0,2.0,0.0,5.0,5.0,3.3333333333333335,2.222222222222222,5.0,4.0,10.0,6.0,8.0,2.6666666666666665,10.0,0.0,14.0,14.0,4.666666666666667,6.222222222222221,0.0,17.0,20.0,3.0,18.0,1.3333333333333333,17.0,0.0,0.0,0.0,0.0,0.0,0.0,0.0,1.0,1.0,0.6666666666666666,0.4444444444444445,1.0,0.0,6.0,6.0,2.0,2.6666666666666665,0.0,0.0,0.0,0.0,0.0,0.0,0.0,1.0,6.0,5.0,2.6666666666666665,2.222222222222222,1.0,16.05,29.48,13.43,25.003333333333334,5.9688888888888885,29.48,0.0,1.457,1.457,0.9713333333333334,0.6475555555555556,1.457,0.0,0.0,0.0,0.0,0.0,0.0,64.0,229.0,165.0,119.0,73.33333333333333,64.0
mp-29554,WBr5,W,Monoclinic,C2/m,5.9328042,0.1648001166666666,36,False,35.0,74.0,39.0,41.5,10.833333333333334,35.0,51.0,95.0,44.0,87.66666666666667,12.22222222222222,95.0,79.904,183.84,103.936,97.22666666666667,28.87111111111112,79.904,265.8,3695.0,3429.2,837.3333333333334,952.5555555555555,265.8,6.0,17.0,11.0,15.166666666666666,3.055555555555556,17.0,4.0,6.0,2.0,4.333333333333333,0.5555555555555554,4.0,120.0,162.0,42.0,127.0,11.666666666666666,120.0,2.36,2.96,0.6000000000000001,2.86,0.16666666666666674,2.96,2.0,2.0,0.0,2.0,0.0,2.0,0.0,5.0,5.0,4.166666666666667,1.3888888888888886,5.0,4.0,10.0,6.0,9.0,1.6666666666666667,10.0,0.0,14.0,14.0,2.3333333333333335,3.8888888888888893,0.0,17.0,20.0,3.0,17.5,0.8333333333333334,17.0,0.0,0.0,0.0,0.0,0.0,0.0,0.0,1.0,1.0,0.8333333333333334,0.27777777777777773,1.0,0.0,6.0,6.0,1.0,1.6666666666666667,0.0,0.0,0.0,0.0,0.0,0.0,0.0,1.0,6.0,5.0,1.8333333333333333,1.3888888888888886,1.0,16.05,29.48,13.43,27.24166666666667,3.730555555555553,29.48,0.0,1.457,1.457,1.2141666666666666,0.40472222222222226,1.457,0.0,0.0,0.0,0.0,0.0,0.0,64.0,229.0,165.0,91.5,45.833333333333336,64.0
mp-29555,MoBr2,Mo,Orthorhombic,Cmce,0.0,0.0,36,True,35.0,42.0,7.0,37.333333333333336,3.111111111111112,35.0,50.0,95.0,45.0,80.0,20.0,95.0,79.904,95.96,16.055999999999997,85.25599999999999,7.135999999999996,79.904,265.8,2896.0,2630.2,1142.5333333333333,1168.9777777777779,265.8,6.0,17.0,11.0,13.333333333333334,4.888888888888888,17.0,4.0,5.0,1.0,4.333333333333333,0.44444444444444436,4.0,120.0,154.0,34.0,131.33333333333334,15.111111111111114,120.0,2.16,2.96,0.7999999999999998,2.6933333333333334,0.35555555555555546,2.96,1.0,2.0,1.0,1.6666666666666667,0.4444444444444444,2.0,0.0,5.0,5.0,3.3333333333333335,2.222222222222222,5.0,5.0,10.0,5.0,8.333333333333334,2.222222222222222,10.0,0.0,0.0,0.0,0.0,0.0,0.0,6.0,17.0,11.0,13.333333333333334,4.888888888888888,17.0,0.0,1.0,1.0,0.3333333333333333,0.4444444444444445,0.0,0.0,1.0,1.0,0.6666666666666666,0.4444444444444445,1.0,0.0,5.0,5.0,1.6666666666666667,2.222222222222222,0.0,0.0,0.0,0.0,0.0,0.0,0.0,1.0,6.0,5.0,2.6666666666666665,2.222222222222222,1.0,15.69,29.48,13.790000000000001,24.883333333333336,6.128888888888888,29.48,0.0,1.457,1.457,0.9713333333333334,0.6475555555555556,1.457,0.0,0.0,0.0,0.0,0.0,0.0,64.0,229.0,165.0,119.0,73.33333333333333,64.0
mp-29831,TaCl5,Ta,Monoclinic,C2/m,0.0,0.0,36,True,17.0,73.0,56.0,26.333333333333332,15.555555555555555,17.0,48.0,94.0,46.0,86.33333333333333,12.77777777777778,94.0,35.453,180.94788,145.49488,59.70214666666667,40.41524444444445,35.453,171.6,3290.0,3118.4,691.3333333333334,866.2222222222223,171.6,5.0,17.0,12.0,15.0,3.3333333333333335,17.0,3.0,6.0,3.0,3.5,0.8333333333333334,3.0,102.0,170.0,68.0,113.33333333333333,18.888888888888886,102.0,1.5,3.16,1.6600000000000001,2.8833333333333333,0.46111111111111125,3.16,2.0,2.0,0.0,2.0,0.0,2.0,0.0,5.0,5.0,4.166666666666667,1.3888888888888886,5.0,0.0,3.0,3.0,0.5,0.8333333333333334,0.0,0.0,14.0,14.0,2.3333333333333335,3.8888888888888893,0.0,7.0,19.0,12.0,9.0,3.3333333333333335,7.0,0.0,0.0,0.0,0.0,0.0,0.0,0.0,1.0,1.0,0.8333333333333334,0.27777777777777773,1.0,0.0,7.0,7.0,1.1666666666666667,1.9444444444444446,0.0,0.0,0.0,0.0,0.0,0.0,0.0,1.0,7.0,6.0,2.0,1.6666666666666667,1.0,18.12,24.4975,6.377499999999998,23.434583333333332,1.7715277777777771,24.4975,0.0,2.493,2.493,2.0775,0.6924999999999999,2.493,0.0,0.0,0.0,0.0,0.0,0.0,64.0,229.0,165.0,91.5,45.833333333333336,64.0
mp-29950,Nb3Cl8,Nb,Trigonal,P-3m1,1.9932237,0.0906010772727272,22,True,17.0,41.0,24.0,23.545454545454547,9.520661157024794,17.0,47.0,94.0,47.0,81.18181818181819,18.644628099173552,94.0,35.453,92.90638,57.453379999999996,51.12210363636363,22.791423471074378,35.453,171.6,2750.0,2578.4,874.8,1022.8363636363637,171.6,5.0,17.0,12.0,13.727272727272727,4.760330578512397,17.0,3.0,5.0,2.0,3.5454545454545454,0.793388429752066,3.0,102.0,164.0,62.0,118.9090909090909,24.595041322314046,102.0,1.6,3.16,1.56,2.734545454545455,0.6188429752066115,3.16,1.0,2.0,1.0,1.7272727272727273,0.396694214876033,2.0,0.0,5.0,5.0,3.6363636363636362,1.9834710743801656,5.0,0.0,4.0,4.0,1.0909090909090908,1.586776859504132,0.0,0.0,0.0,0.0,0.0,0.0,0.0,5.0,7.0,2.0,6.454545454545454,0.7933884297520664,7.0,0.0,1.0,1.0,0.2727272727272727,0.396694214876033,0.0,0.0,1.0,1.0,0.7272727272727273,0.396694214876033,1.0,0.0,6.0,6.0,1.6363636363636365,2.380165289256198,0.0,0.0,0.0,0.0,0.0,0.0,0.0,1.0,7.0,6.0,2.6363636363636362,2.380165289256198,1.0,18.18,24.4975,6.317499999999999,22.774545454545454,2.5061157024793386,24.4975,0.0,2.493,2.493,1.813090909090909,0.9889586776859502,2.493,0.0,0.0,0.0,0.0,0.0,0.0,64.0,229.0,165.0,109.0,65.45454545454545,64.0
mp-30033,CoBr2,Co,Trigonal,P-3m1,3.0043052,1.0014350666666667,3,True,27.0,35.0,8.0,32.333333333333336,3.555555555555555,35.0,58.0,95.0,37.0,82.66666666666667,16.444444444444443,95.0,58.933195,79.904,20.970805,72.91373166666666,9.320357777777778,79.904,265.8,1768.0,1502.2,766.5333333333333,667.6444444444445,265.8,9.0,17.0,8.0,14.333333333333334,3.5555555555555554,17.0,4.0,4.0,0.0,4.0,0.0,4.0,120.0,126.0,6.0,122.0,2.6666666666666665,120.0,1.88,2.96,1.08,2.6,0.48,2.96,2.0,2.0,0.0,2.0,0.0,2.0,0.0,5.0,5.0,3.3333333333333335,2.222222222222222,5.0,7.0,10.0,3.0,9.0,1.3333333333333333,10.0,0.0,0.0,0.0,0.0,0.0,0.0,9.0,17.0,8.0,14.333333333333334,3.5555555555555554,17.0,0.0,0.0,0.0,0.0,0.0,0.0,0.0,1.0,1.0,0.6666666666666666,0.4444444444444445,1.0,0.0,3.0,3.0,1.0,1.3333333333333333,0.0,0.0,0.0,0.0,0.0,0.0,0.0,1.0,3.0,2.0,1.6666666666666667,0.888888888888889,1.0,10.245,29.48,19.235,23.06833333333333,8.54888888888889,29.48,0.0,1.457,1.457,0.9713333333333334,0.6475555555555556,1.457,0.0,1.5484712,1.5484712,0.5161570666666667,0.6882094222222221,0.0,64.0,194.0,130.0,107.33333333333333,57.77777777777777,64.0
mp-30092,TiCl4,Ti,Monoclinic,P2_1/c,0.0,0.0,20,True,17.0,22.0,5.0,18.0,1.6,17.0,43.0,94.0,51.0,83.8,16.32,94.0,35.453,47.867,12.413999999999994,37.9358,3.9724799999999973,35.453,171.6,1941.0,1769.4,525.48,566.208,171.6,4.0,17.0,13.0,14.4,4.159999999999999,17.0,3.0,4.0,1.0,3.2,0.3200000000000001,3.0,102.0,160.0,58.0,113.6,18.559999999999995,102.0,1.54,3.16,1.62,2.836,0.5184000000000002,3.16,2.0,2.0,0.0,2.0,0.0,2.0,0.0,5.0,5.0,4.0,1.6,5.0,0.0,2.0,2.0,0.4,0.64,0.0,0.0,0.0,0.0,0.0,0.0,0.0,4.0,7.0,3.0,6.4,0.9599999999999997,7.0,0.0,0.0,0.0,0.0,0.0,0.0,0.0,1.0,1.0,0.8,0.31999999999999995,1.0,0.0,8.0,8.0,1.6,2.56,0.0,0.0,0.0,0.0,0.0,0.0,0.0,1.0,8.0,7.0,2.4,2.2399999999999998,1.0,16.69,24.4975,7.807499999999997,22.936,2.498399999999999,24.4975,0.0,2.493,2.493,1.9944,0.7977599999999999,2.493,0.0,2.25333333333e-05,2.25333333333e-05,4.50666666666e-06,7.210666666656e-06,0.0,64.0,194.0,130.0,90.0,41.6,64.0
mp-30103,AuF5,Au,Orthorhombic,Pnma,0.0,0.0,48,True,9.0,79.0,70.0,20.666666666666668,19.444444444444446,9.0,66.0,93.0,27.0,88.5,7.5,93.0,18.9984032,196.966569,177.9681658,48.65976416666666,49.43560161111111,18.9984032,53.5,1337.33,1283.83,267.47166666666664,356.61944444444435,53.5,11.0,17.0,6.0,16.0,1.6666666666666667,17.0,2.0,6.0,4.0,2.6666666666666665,1.111111111111111,2.0,57.0,136.0,79.0,70.16666666666667,21.944444444444446,57.0,2.54,3.98,1.44,3.7399999999999998,0.40000000000000013,3.98,1.0,2.0,1.0,1.8333333333333333,0.27777777777777785,2.0,0.0,5.0,5.0,4.166666666666667,1.3888888888888886,5.0,0.0,10.0,10.0,1.6666666666666667,2.777777777777778,0.0,0.0,14.0,14.0,2.3333333333333335,3.8888888888888893,0.0,7.0,25.0,18.0,10.0,5.0,7.0,0.0,1.0,1.0,0.16666666666666666,0.27777777777777773,0.0,0.0,1.0,1.0,0.8333333333333334,0.27777777777777773,1.0,0.0,0.0,0.0,0.0,0.0,0.0,0.0,0.0,0.0,0.0,0.0,0.0,1.0,1.0,0.0,1.0,0.0,1.0,9.7075,16.7,6.9925,10.872916666666667,1.9423611111111114,9.7075,0.0,1.97,1.97,1.6416666666666666,0.5472222222222222,1.97,0.0,0.0,0.0,0.0,0.0,0.0,15.0,225.0,210.0,50.0,58.333333333333336,15.0
mp-30999,CuCl2,Cu,Monoclinic,C2/m,1.0004368,0.3334789333333333,3,True,17.0,29.0,12.0,21.0,5.333333333333333,17.0,64.0,94.0,30.0,84.0,13.333333333333334,94.0,35.453,63.546,28.092999999999996,44.81733333333333,12.485777777777775,35.453,171.6,1357.77,1186.17,566.99,527.1866666666666,171.6,11.0,17.0,6.0,15.0,2.6666666666666665,17.0,3.0,4.0,1.0,3.3333333333333335,0.4444444444444445,3.0,102.0,132.0,30.0,112.0,13.333333333333334,102.0,1.9,3.16,1.2600000000000002,2.74,0.56,3.16,1.0,2.0,1.0,1.6666666666666667,0.4444444444444444,2.0,0.0,5.0,5.0,3.3333333333333335,2.222222222222222,5.0,0.0,10.0,10.0,3.3333333333333335,4.444444444444444,0.0,0.0,0.0,0.0,0.0,0.0,0.0,7.0,11.0,4.0,8.333333333333334,1.777777777777778,7.0,0.0,1.0,1.0,0.3333333333333333,0.4444444444444445,0.0,0.0,1.0,1.0,0.6666666666666666,0.4444444444444445,1.0,0.0,0.0,0.0,0.0,0.0,0.0,0.0,0.0,0.0,0.0,0.0,0.0,1.0,1.0,0.0,1.0,0.0,1.0,11.07,24.4975,13.427499999999998,20.021666666666665,5.967777777777777,24.4975,0.0,2.493,2.493,1.662,1.1079999999999999,2.493,0.0,0.0,0.0,0.0,0.0,0.0,64.0,225.0,161.0,117.66666666666667,71.55555555555556,64.0
mp-31033,HfF4,Hf,Monoclinic,C2/c,0.0,0.0,30,True,9.0,72.0,63.0,21.6,20.160000000000004,9.0,45.0,93.0,48.0,83.4,15.359999999999996,93.0,18.9984032,178.49,159.49159680000002,50.89672256,51.037310976,18.9984032,53.5,2506.0,2452.5,544.0,784.8,53.5,4.0,17.0,13.0,14.4,4.159999999999999,17.0,2.0,6.0,4.0,2.8,1.2799999999999998,2.0,57.0,175.0,118.0,80.6,37.76,57.0,1.3,3.98,2.6799999999999997,3.444,0.8576,3.98,2.0,2.0,0.0,2.0,0.0,2.0,0.0,5.0,5.0,4.0,1.6,5.0,0.0,2.0,2.0,0.4,0.64,0.0,0.0,14.0,14.0,2.8,4.4799999999999995,0.0,7.0,18.0,11.0,9.2,3.5199999999999996,7.0,0.0,0.0,0.0,0.0,0.0,0.0,0.0,1.0,1.0,0.8,0.31999999999999995,1.0,0.0,8.0,8.0,1.6,2.56,0.0,0.0,0.0,0.0,0.0,0.0,0.0,1.0,8.0,7.0,2.4,2.2399999999999998,1.0,9.7075,22.2,12.4925,12.206,3.9976,9.7075,0.0,1.97,1.97,1.576,0.6304,1.97,0.0,0.0,0.0,0.0,0.0,0.0,15.0,194.0,179.0,50.8,57.279999999999994,15.0
mp-31040,NbCl4,Nb,Monoclinic,C2/m,0.0,0.0,10,True,17.0,41.0,24.0,21.8,7.6800000000000015,17.0,47.0,94.0,47.0,84.6,15.040000000000003,94.0,35.453,92.90638,57.453379999999996,46.943676,18.3850816,35.453,171.6,2750.0,2578.4,687.28,825.0880000000001,171.6,5.0,17.0,12.0,14.6,3.8400000000000007,17.0,3.0,5.0,2.0,3.4,0.6399999999999999,3.0,102.0,164.0,62.0,114.4,19.840000000000003,102.0,1.6,3.16,1.56,2.848,0.4992000000000002,3.16,1.0,2.0,1.0,1.8,0.31999999999999995,2.0,0.0,5.0,5.0,4.0,1.6,5.0,0.0,4.0,4.0,0.8,1.28,0.0,0.0,0.0,0.0,0.0,0.0,0.0,5.0,7.0,2.0,6.6,0.6400000000000002,7.0,0.0,1.0,1.0,0.2,0.32,0.0,0.0,1.0,1.0,0.8,0.31999999999999995,1.0,0.0,6.0,6.0,1.2,1.92,0.0,0.0,0.0,0.0,0.0,0.0,0.0,1.0,7.0,6.0,2.2,1.9200000000000004,1.0,18.18,24.4975,6.317499999999999,23.233999999999998,2.0216000000000003,24.4975,0.0,2.493,2.493,1.9944,0.7977599999999999,2.493,0.0,0.0,0.0,0.0,0.0,0.0,64.0,229.0,165.0,97.0,52.8,64.0
mp-31134,PtCl3,Pt,Trigonal,R-3,1.1e-06,2.2916666666666667e-08,48,True,17.0,78.0,61.0,32.25,22.875,17.0,63.0,94.0,31.0,86.25,11.625,94.0,35.453,195.084,159.631,75.36075,59.861625,35.453,171.6,2041.4,1869.8000000000002,639.05,701.175,171.6,10.0,17.0,7.0,15.25,2.625,17.0,3.0,6.0,3.0,3.75,1.125,3.0,102.0,136.0,34.0,110.5,12.75,102.0,2.28,3.16,0.8800000000000003,2.94,0.3300000000000002,3.16,1.0,2.0,1.0,1.75,0.375,2.0,0.0,5.0,5.0,3.75,1.875,5.0,0.0,9.0,9.0,2.25,3.375,0.0,0.0,14.0,14.0,3.5,5.25,0.0,7.0,24.0,17.0,11.25,6.375,7.0,0.0,1.0,1.0,0.25,0.375,0.0,0.0,1.0,1.0,0.75,0.375,1.0,0.0,1.0,1.0,0.25,0.375,0.0,0.0,0.0,0.0,0.0,0.0,0.0,1.0,2.0,1.0,1.25,0.375,1.0,15.02,24.4975,9.4775,22.128124999999997,3.5540625000000006,24.4975,0.0,2.493,2.493,1.8697499999999998,0.934875,2.493,0.0,0.0,0.0,0.0,0.0,0.0,64.0,225.0,161.0,104.25,60.375,64.0
mp-31487,NbI5,Nb,Monoclinic,P2_1/c,0.0,0.0,24,False,41.0,53.0,12.0,51.0,3.3333333333333335,53.0,47.0,96.0,49.0,87.83333333333333,13.611111111111114,96.0,92.90638,126.90447,33.998090000000005,121.23812166666666,9.443913888888899,126.90447,386.85,2750.0,2363.15,780.7083333333334,656.4305555555555,386.85,5.0,17.0,12.0,15.0,3.3333333333333335,17.0,5.0,5.0,0.0,5.0,0.0,5.0,139.0,164.0,25.0,143.16666666666666,6.944444444444438,139.0,1.6,2.66,1.06,2.4833333333333334,0.2944444444444445,2.66,1.0,2.0,1.0,1.8333333333333333,0.27777777777777785,2.0,0.0,5.0,5.0,4.166666666666667,1.3888888888888886,5.0,4.0,10.0,6.0,9.0,1.6666666666666667,10.0,0.0,0.0,0.0,0.0,0.0,0.0,5.0,17.0,12.0,15.0,3.3333333333333335,17.0,0.0,1.0,1.0,0.16666666666666666,0.27777777777777773,0.0,0.0,1.0,1.0,0.8333333333333334,0.27777777777777773,1.0,0.0,6.0,6.0,1.0,1.6666666666666667,0.0,0.0,0.0,0.0,0.0,0.0,0.0,1.0,7.0,6.0,2.0,1.6666666666666667,1.0,18.18,43.015,24.835,38.87583333333333,6.898611111111112,43.015,0.0,1.062,1.062,0.8850000000000001,0.295,1.062,0.0,0.0,0.0,0.0,0.0,0.0,64.0,229.0,165.0,91.5,45.833333333333336,64.0
mp-32554,Ta2I5,Ta,Triclinic,P1,0.9900626,0.1414375142857143,7,False,53.0,73.0,20.0,58.714285714285715,8.16326530612245,53.0,48.0,96.0,48.0,82.28571428571429,19.591836734693874,96.0,126.90447,180.94788,54.043409999999994,142.34544428571428,22.058534693877544,126.90447,386.85,3290.0,2903.15,1216.3214285714287,1184.9591836734694,386.85,5.0,17.0,12.0,13.571428571428571,4.89795918367347,17.0,5.0,6.0,1.0,5.285714285714286,0.4081632653061224,5.0,139.0,170.0,31.0,147.85714285714286,12.653061224489798,139.0,1.5,2.66,1.1600000000000001,2.3285714285714287,0.47346938775510206,2.66,2.0,2.0,0.0,2.0,0.0,2.0,0.0,5.0,5.0,3.5714285714285716,2.0408163265306123,5.0,3.0,10.0,7.0,8.0,2.857142857142857,10.0,0.0,14.0,14.0,4.0,5.714285714285714,0.0,17.0,19.0,2.0,17.571428571428573,0.8163265306122456,17.0,0.0,0.0,0.0,0.0,0.0,0.0,0.0,1.0,1.0,0.7142857142857143,0.4081632653061224,1.0,0.0,7.0,7.0,2.0,2.857142857142857,0.0,0.0,0.0,0.0,0.0,0.0,0.0,1.0,7.0,6.0,2.7142857142857144,2.448979591836735,1.0,18.12,43.015,24.895,35.902142857142856,10.161224489795918,43.015,0.0,1.062,1.062,0.7585714285714287,0.433469387755102,1.062,0.0,0.0,0.0,0.0,0.0,0.0,64.0,229.0,165.0,111.14285714285714,67.34693877551021,64.0
mp-32625,MoCl4,Mo,Monoclinic,P2/c,11.9999999,0.3999999966666667,30,False,17.0,42.0,25.0,22.0,8.0,17.0,50.0,94.0,44.0,85.2,14.079999999999998,94.0,35.453,95.96,60.50699999999999,47.5544,19.362239999999996,35.453,171.6,2896.0,2724.4,716.48,871.808,171.6,6.0,17.0,11.0,14.8,3.5199999999999996,17.0,3.0,5.0,2.0,3.4,0.6399999999999999,3.0,102.0,154.0,52.0,112.4,16.640000000000004,102.0,2.16,3.16,1.0,2.96,0.3200000000000001,3.16,1.0,2.0,1.0,1.8,0.31999999999999995,2.0,0.0,5.0,5.0,4.0,1.6,5.0,0.0,5.0,5.0,1.0,1.6,0.0,0.0,0.0,0.0,0.0,0.0,0.0,6.0,7.0,1.0,6.8,0.3200000000000001,7.0,0.0,1.0,1.0,0.2,0.32,0.0,0.0,1.0,1.0,0.8,0.31999999999999995,1.0,0.0,5.0,5.0,1.0,1.6,0.0,0.0,0.0,0.0,0.0,0.0,0.0,1.0,6.0,5.0,2.0,1.6,1.0,15.69,24.4975,8.8075,22.735999999999997,2.818400000000001,24.4975,0.0,2.493,2.493,1.9944,0.7977599999999999,2.493,0.0,0.0,0.0,0.0,0.0,0.0,64.0,229.0,165.0,97.0,52.8,64.0
mp-32750,CuI,Cu,Trigonal,R3m,0.0,0.0,8,False,29.0,53.0,24.0,41.0,12.0,29.0,64.0,96.0,32.0,80.0,16.0,64.0,63.546,126.90447,63.358470000000004,95.225235,31.679235000000002,63.546,386.85,1357.77,970.92,872.31,485.46,386.85,11.0,17.0,6.0,14.0,3.0,11.0,4.0,5.0,1.0,4.5,0.5,4.0,132.0,139.0,7.0,135.5,3.5,132.0,1.9,2.66,0.7600000000000002,2.2800000000000002,0.3800000000000001,1.9,1.0,2.0,1.0,1.5,0.5,1.0,0.0,5.0,5.0,2.5,2.5,0.0,10.0,10.0,0.0,10.0,0.0,10.0,0.0,0.0,0.0,0.0,0.0,0.0,11.0,17.0,6.0,14.0,3.0,11.0,0.0,1.0,1.0,0.5,0.5,0.0,0.0,1.0,1.0,0.5,0.5,0.0,0.0,0.0,0.0,0.0,0.0,0.0,0.0,0.0,0.0,0.0,0.0,0.0,1.0,1.0,0.0,1.0,0.0,1.0,11.07,43.015,31.945,27.0425,15.9725,11.07,0.0,1.062,1.062,0.531,0.531,0.0,0.0,0.0,0.0,0.0,0.0,0.0,64.0,225.0,161.0,144.5,80.5,64.0
mp-32780,AuCl,Au,Tetragonal,I4_1/amd,0.0,0.0,8,True,17.0,79.0,62.0,48.0,31.0,17.0,66.0,94.0,28.0,80.0,14.0,66.0,35.453,196.966569,161.513569,116.2097845,80.7567845,35.453,171.6,1337.33,1165.73,754.4649999999999,582.865,171.6,11.0,17.0,6.0,14.0,3.0,11.0,3.0,6.0,3.0,4.5,1.5,3.0,102.0,136.0,34.0,119.0,17.0,102.0,2.54,3.16,0.6200000000000001,2.85,0.31000000000000005,2.54,1.0,2.0,1.0,1.5,0.5,1.0,0.0,5.0,5.0,2.5,2.5,0.0,0.0,10.0,10.0,5.0,5.0,0.0,0.0,14.0,14.0,7.0,7.0,0.0,7.0,25.0,18.0,16.0,9.0,7.0,0.0,1.0,1.0,0.5,0.5,0.0,0.0,1.0,1.0,0.5,0.5,0.0,0.0,0.0,0.0,0.0,0.0,0.0,0.0,0.0,0.0,0.0,0.0,0.0,1.0,1.0,0.0,1.0,0.0,1.0,16.7,24.4975,7.797499999999999,20.59875,3.8987499999999997,16.7,0.0,2.493,2.493,1.2465,1.2465,0.0,0.0,0.0,0.0,0.0,0.0,0.0,64.0,225.0,161.0,144.5,80.5,64.0
mp-32829,CuCl4,Cu,Tetragonal,I-42m,2.574957,0.5149914,5,False,17.0,29.0,12.0,19.4,3.839999999999999,17.0,64.0,94.0,30.0,88.0,9.6,94.0,35.453,63.546,28.092999999999996,41.071600000000004,8.98976,35.453,171.6,1357.77,1186.17,408.834,379.57439999999997,171.6,11.0,17.0,6.0,15.8,1.9199999999999995,17.0,3.0,4.0,1.0,3.2,0.3200000000000001,3.0,102.0,132.0,30.0,108.0,9.6,102.0,1.9,3.16,1.2600000000000002,2.9080000000000004,0.4031999999999999,3.16,1.0,2.0,1.0,1.8,0.31999999999999995,2.0,0.0,5.0,5.0,4.0,1.6,5.0,0.0,10.0,10.0,2.0,3.2,0.0,0.0,0.0,0.0,0.0,0.0,0.0,7.0,11.0,4.0,7.8,1.2799999999999998,7.0,0.0,1.0,1.0,0.2,0.32,0.0,0.0,1.0,1.0,0.8,0.31999999999999995,1.0,0.0,0.0,0.0,0.0,0.0,0.0,0.0,0.0,0.0,0.0,0.0,0.0,1.0,1.0,0.0,1.0,0.0,1.0,11.07,24.4975,13.427499999999998,21.812,4.296799999999998,24.4975,0.0,2.493,2.493,1.9944,0.7977599999999999,2.493,0.0,0.0,0.0,0.0,0.0,0.0,64.0,225.0,161.0,96.2,51.52,64.0
mp-32880,CuBr,Cu,Tetragonal,I-4m2,0.0001354,6.77e-05,2,False,29.0,35.0,6.0,32.0,3.0,29.0,64.0,95.0,31.0,79.5,15.5,64.0,63.546,79.904,16.357999999999997,71.725,8.178999999999998,63.546,265.8,1357.77,1091.97,811.785,545.9849999999999,265.8,11.0,17.0,6.0,14.0,3.0,11.0,4.0,4.0,0.0,4.0,0.0,4.0,120.0,132.0,12.0,126.0,6.0,120.0,1.9,2.96,1.06,2.4299999999999997,0.53,1.9,1.0,2.0,1.0,1.5,0.5,1.0,0.0,5.0,5.0,2.5,2.5,0.0,10.0,10.0,0.0,10.0,0.0,10.0,0.0,0.0,0.0,0.0,0.0,0.0,11.0,17.0,6.0,14.0,3.0,11.0,0.0,1.0,1.0,0.5,0.5,0.0,0.0,1.0,1.0,0.5,0.5,0.0,0.0,0.0,0.0,0.0,0.0,0.0,0.0,0.0,0.0,0.0,0.0,0.0,1.0,1.0,0.0,1.0,0.0,1.0,11.07,29.48,18.41,20.275,9.205,11.07,0.0,1.457,1.457,0.7285,0.7285,0.0,0.0,0.0,0.0,0.0,0.0,0.0,64.0,225.0,161.0,144.5,80.5,64.0
mp-33154,AgI2,Ag,Tetragonal,P-4m2,0.0014103,0.0004701,3,False,47.0,53.0,6.0,51.0,2.6666666666666665,53.0,65.0,96.0,31.0,85.66666666666667,13.777777777777777,96.0,107.8682,126.90447,19.036270000000002,120.55904666666667,8.460564444444444,126.90447,386.85,1234.93,848.08,669.5433333333334,376.92444444444453,386.85,11.0,17.0,6.0,15.0,2.6666666666666665,17.0,5.0,5.0,0.0,5.0,0.0,5.0,139.0,145.0,6.0,141.0,2.6666666666666665,139.0,1.93,2.66,0.7300000000000002,2.4166666666666665,0.3244444444444446,2.66,1.0,2.0,1.0,1.6666666666666667,0.4444444444444444,2.0,0.0,5.0,5.0,3.3333333333333335,2.222222222222222,5.0,10.0,10.0,0.0,10.0,0.0,10.0,0.0,0.0,0.0,0.0,0.0,0.0,11.0,17.0,6.0,15.0,2.6666666666666665,17.0,0.0,1.0,1.0,0.3333333333333333,0.4444444444444445,0.0,0.0,1.0,1.0,0.6666666666666666,0.4444444444444445,1.0,0.0,0.0,0.0,0.0,0.0,0.0,0.0,0.0,0.0,0.0,0.0,0.0,1.0,1.0,0.0,1.0,0.0,1.0,16.33,43.015,26.685000000000002,34.12,11.860000000000001,43.015,0.0,1.062,1.062,0.7080000000000001,0.472,1.062,0.0,0.0,0.0,0.0,0.0,0.0,64.0,225.0,161.0,117.66666666666667,71.55555555555556,64.0
mp-33218,CuI4,Cu,Tetragonal,I-42m,0.0009155,0.0001831,5,True,29.0,53.0,24.0,48.2,7.679999999999998,53.0,64.0,96.0,32.0,89.6,10.240000000000004,96.0,63.546,126.90447,63.358470000000004,114.23277600000002,20.274710399999993,126.90447,386.85,1357.77,970.92,581.034,310.6944,386.85,11.0,17.0,6.0,15.8,1.9199999999999995,17.0,4.0,5.0,1.0,4.8,0.3200000000000001,5.0,132.0,139.0,7.0,137.6,2.2400000000000033,139.0,1.9,2.66,0.7600000000000002,2.508,0.24320000000000014,2.66,1.0,2.0,1.0,1.8,0.31999999999999995,2.0,0.0,5.0,5.0,4.0,1.6,5.0,10.0,10.0,0.0,10.0,0.0,10.0,0.0,0.0,0.0,0.0,0.0,0.0,11.0,17.0,6.0,15.8,1.9199999999999995,17.0,0.0,1.0,1.0,0.2,0.32,0.0,0.0,1.0,1.0,0.8,0.31999999999999995,1.0,0.0,0.0,0.0,0.0,0.0,0.0,0.0,0.0,0.0,0.0,0.0,0.0,1.0,1.0,0.0,1.0,0.0,1.0,11.07,43.015,31.945,36.626,10.222400000000002,43.015,0.0,1.062,1.062,0.8496,0.33984000000000003,1.062,0.0,0.0,0.0,0.0,0.0,0.0,64.0,225.0,161.0,96.2,51.52,64.0
mp-34260,ZrF4,Zr,Tetragonal,P4/mmm,0.0011875,0.0002375,5,False,9.0,40.0,31.0,15.2,9.919999999999998,9.0,44.0,93.0,49.0,83.2,15.679999999999998,93.0,18.9984032,91.224,72.2255968,33.44352256,23.112190976,18.9984032,53.5,2128.0,2074.5,468.4,663.8399999999999,53.5,4.0,17.0,13.0,14.4,4.159999999999999,17.0,2.0,5.0,3.0,2.6,0.9600000000000002,2.0,57.0,175.0,118.0,80.6,37.76,57.0,1.33,3.98,2.65,3.45,0.8479999999999999,3.98,2.0,2.0,0.0,2.0,0.0,2.0,0.0,5.0,5.0,4.0,1.6,5.0,0.0,2.0,2.0,0.4,0.64,0.0,0.0,0.0,0.0,0.0,0.0,0.0,4.0,7.0,3.0,6.4,0.9599999999999997,7.0,0.0,0.0,0.0,0.0,0.0,0.0,0.0,1.0,1.0,0.8,0.31999999999999995,1.0,0.0,8.0,8.0,1.6,2.56,0.0,0.0,0.0,0.0,0.0,0.0,0.0,1.0,8.0,7.0,2.4,2.2399999999999998,1.0,9.7075,23.195,13.4875,12.405,4.316,9.7075,0.0,1.97,1.97,1.576,0.6304,1.97,0.0,0.0,0.0,0.0,0.0,0.0,15.0,194.0,179.0,50.8,57.279999999999994,15.0
mp-466,Nb2F5,Nb,Cubic,Im-3m,1.0,0.0476190476190476,21,True,9.0,41.0,32.0,18.142857142857142,13.061224489795917,9.0,47.0,93.0,46.0,79.85714285714286,18.77551020408163,93.0,18.9984032,92.90638,73.9079768,40.114968,30.16652114285714,18.9984032,53.5,2750.0,2696.5,823.9285714285714,1100.612244897959,53.5,5.0,17.0,12.0,13.571428571428571,4.89795918367347,17.0,2.0,5.0,3.0,2.857142857142857,1.2244897959183676,2.0,57.0,164.0,107.0,87.57142857142857,43.6734693877551,57.0,1.6,3.98,2.38,3.3,0.9714285714285715,3.98,1.0,2.0,1.0,1.7142857142857142,0.4081632653061225,2.0,0.0,5.0,5.0,3.5714285714285716,2.0408163265306123,5.0,0.0,4.0,4.0,1.1428571428571428,1.6326530612244896,0.0,0.0,0.0,0.0,0.0,0.0,0.0,5.0,7.0,2.0,6.428571428571429,0.8163265306122448,7.0,0.0,1.0,1.0,0.2857142857142857,0.4081632653061224,0.0,0.0,1.0,1.0,0.7142857142857143,0.4081632653061224,1.0,0.0,6.0,6.0,1.7142857142857142,2.4489795918367347,0.0,0.0,0.0,0.0,0.0,0.0,0.0,1.0,7.0,6.0,2.7142857142857144,2.448979591836735,1.0,9.7075,18.18,8.4725,12.128214285714284,3.4581632653061223,9.7075,0.0,1.97,1.97,1.407142857142857,0.8040816326530613,1.97,0.0,0.0,0.0,0.0,0.0,0.0,15.0,229.0,214.0,76.14285714285714,87.3469387755102,15.0
mp-504594,ZrBr,Zr,Trigonal,R-3m,0.0,0.0,4,True,35.0,40.0,5.0,37.5,2.5,35.0,44.0,95.0,51.0,69.5,25.5,44.0,79.904,91.224,11.320000000000007,85.564,5.660000000000004,79.904,265.8,2128.0,1862.2,1196.9,931.1,265.8,4.0,17.0,13.0,10.5,6.5,4.0,4.0,5.0,1.0,4.5,0.5,4.0,120.0,175.0,55.0,147.5,27.5,120.0,1.33,2.96,1.63,2.145,0.815,1.33,2.0,2.0,0.0,2.0,0.0,2.0,0.0,5.0,5.0,2.5,2.5,0.0,2.0,10.0,8.0,6.0,4.0,2.0,0.0,0.0,0.0,0.0,0.0,0.0,4.0,17.0,13.0,10.5,6.5,4.0,0.0,0.0,0.0,0.0,0.0,0.0,0.0,1.0,1.0,0.5,0.5,0.0,0.0,8.0,8.0,4.0,4.0,0.0,0.0,0.0,0.0,0.0,0.0,0.0,1.0,8.0,7.0,4.5,3.5,1.0,23.195,29.48,6.285,26.3375,3.1425,23.195,0.0,1.457,1.457,0.7285,0.7285,0.0,0.0,0.0,0.0,0.0,0.0,0.0,64.0,194.0,130.0,129.0,65.0,64.0
mp-504759,MoF5,Mo,Monoclinic,C2/m,4.0000001,0.1666666708333333,24,True,9.0,42.0,33.0,14.5,9.166666666666666,9.0,50.0,93.0,43.0,85.83333333333333,11.944444444444448,93.0,18.9984032,95.96,76.9615968,31.825335999999997,21.37822133333333,18.9984032,53.5,2896.0,2842.5,527.25,789.5833333333334,53.5,6.0,17.0,11.0,15.166666666666666,3.055555555555556,17.0,2.0,5.0,3.0,2.5,0.8333333333333334,2.0,57.0,154.0,97.0,73.16666666666667,26.944444444444446,57.0,2.16,3.98,1.8199999999999998,3.6766666666666663,0.5055555555555558,3.98,1.0,2.0,1.0,1.8333333333333333,0.27777777777777785,2.0,0.0,5.0,5.0,4.166666666666667,1.3888888888888886,5.0,0.0,5.0,5.0,0.8333333333333334,1.388888888888889,0.0,0.0,0.0,0.0,0.0,0.0,0.0,6.0,7.0,1.0,6.833333333333333,0.27777777777777796,7.0,0.0,1.0,1.0,0.16666666666666666,0.27777777777777773,0.0,0.0,1.0,1.0,0.8333333333333334,0.27777777777777773,1.0,0.0,5.0,5.0,0.8333333333333334,1.388888888888889,0.0,0.0,0.0,0.0,0.0,0.0,0.0,1.0,6.0,5.0,1.8333333333333333,1.3888888888888886,1.0,9.7075,15.69,5.9825,10.704583333333332,1.6618055555555549,9.7075,0.0,1.97,1.97,1.6416666666666666,0.5472222222222222,1.97,0.0,0.0,0.0,0.0,0.0,0.0,15.0,229.0,214.0,50.666666666666664,59.444444444444436,15.0
mp-505319,PtF6,Pt,Orthorhombic,Pnma,7.9999998,0.2857142785714285,28,True,9.0,78.0,69.0,18.857142857142858,16.897959183673468,9.0,63.0,93.0,30.0,88.71428571428571,7.346938775510209,93.0,18.9984032,195.084,176.08559680000002,44.15348845714285,43.12300329795918,18.9984032,53.5,2041.4,1987.9,337.4857142857143,486.83265306122456,53.5,10.0,17.0,7.0,16.0,1.7142857142857142,17.0,2.0,6.0,4.0,2.5714285714285716,0.979591836734694,2.0,57.0,136.0,79.0,68.28571428571429,19.346938775510207,57.0,2.28,3.98,1.7000000000000002,3.737142857142857,0.41632653061224495,3.98,1.0,2.0,1.0,1.8571428571428572,0.24489795918367344,2.0,0.0,5.0,5.0,4.285714285714286,1.2244897959183676,5.0,0.0,9.0,9.0,1.2857142857142858,2.2040816326530615,0.0,0.0,14.0,14.0,2.0,3.4285714285714284,0.0,7.0,24.0,17.0,9.428571428571429,4.163265306122449,7.0,0.0,1.0,1.0,0.14285714285714285,0.2448979591836735,0.0,0.0,1.0,1.0,0.8571428571428571,0.2448979591836735,1.0,0.0,1.0,1.0,0.14285714285714285,0.2448979591836735,0.0,0.0,0.0,0.0,0.0,0.0,0.0,1.0,2.0,1.0,1.1428571428571428,0.24489795918367344,1.0,9.7075,15.02,5.3125,10.46642857142857,1.301020408163265,9.7075,0.0,1.97,1.97,1.6885714285714286,0.4824489795918367,1.97,0.0,0.0,0.0,0.0,0.0,0.0,15.0,225.0,210.0,45.0,51.42857142857143,15.0
mp-505366,AuBr,Au,Tetragonal,P4_2/ncm,0.0,0.0,8,True,35.0,79.0,44.0,57.0,22.0,35.0,66.0,95.0,29.0,80.5,14.5,66.0,79.904,196.966569,117.062569,138.4352845,58.5312845,79.904,265.8,1337.33,1071.53,801.5649999999999,535.7649999999999,265.8,11.0,17.0,6.0,14.0,3.0,11.0,4.0,6.0,2.0,5.0,1.0,4.0,120.0,136.0,16.0,128.0,8.0,120.0,2.54,2.96,0.41999999999999993,2.75,0.20999999999999996,2.54,1.0,2.0,1.0,1.5,0.5,1.0,0.0,5.0,5.0,2.5,2.5,0.0,10.0,10.0,0.0,10.0,0.0,10.0,0.0,14.0,14.0,7.0,7.0,0.0,17.0,25.0,8.0,21.0,4.0,17.0,0.0,1.0,1.0,0.5,0.5,0.0,0.0,1.0,1.0,0.5,0.5,0.0,0.0,0.0,0.0,0.0,0.0,0.0,0.0,0.0,0.0,0.0,0.0,0.0,1.0,1.0,0.0,1.0,0.0,1.0,16.7,29.48,12.780000000000001,23.09,6.390000000000001,16.7,0.0,1.457,1.457,0.7285,0.7285,0.0,0.0,0.0,0.0,0.0,0.0,0.0,64.0,225.0,161.0,144.5,80.5,64.0
mp-540622,RhF5,Rh,Monoclinic,P2_1/c,15.9999999,0.33333333125,48,True,9.0,45.0,36.0,15.0,10.0,9.0,59.0,93.0,34.0,87.33333333333333,9.444444444444448,93.0,18.9984032,102.9055,83.9070968,32.982919333333335,23.30752688888889,18.9984032,53.5,2237.0,2183.5,417.4166666666667,606.5277777777778,53.5,9.0,17.0,8.0,15.666666666666666,2.2222222222222228,17.0,2.0,5.0,3.0,2.5,0.8333333333333334,2.0,57.0,142.0,85.0,71.16666666666667,23.611111111111114,57.0,2.28,3.98,1.7000000000000002,3.6966666666666668,0.47222222222222215,3.98,1.0,2.0,1.0,1.8333333333333333,0.27777777777777785,2.0,0.0,5.0,5.0,4.166666666666667,1.3888888888888886,5.0,0.0,8.0,8.0,1.3333333333333333,2.222222222222222,0.0,0.0,0.0,0.0,0.0,0.0,0.0,7.0,9.0,2.0,7.333333333333333,0.5555555555555554,7.0,0.0,1.0,1.0,0.16666666666666666,0.27777777777777773,0.0,0.0,1.0,1.0,0.8333333333333334,0.27777777777777773,1.0,0.0,2.0,2.0,0.3333333333333333,0.5555555555555555,0.0,0.0,0.0,0.0,0.0,0.0,0.0,1.0,3.0,2.0,1.3333333333333333,0.5555555555555555,1.0,9.7075,13.64,3.932500000000001,10.362916666666665,1.0923611111111107,9.7075,0.0,1.97,1.97,1.6416666666666666,0.5472222222222222,1.97,0.0,0.0,0.0,0.0,0.0,0.0,15.0,225.0,210.0,50.0,58.333333333333336,15.0
mp-540671,Ti7Cl16,Ti,Orthorhombic,Pnnm,8.0260813,0.1744800282608695,46,False,17.0,22.0,5.0,18.52173913043478,2.1172022684310012,17.0,43.0,94.0,51.0,78.47826086956522,21.595463137996216,94.0,35.453,47.867,12.413999999999994,39.23117391304348,5.256589792060488,35.453,171.6,1941.0,1769.4,710.1130434782609,749.235538752363,171.6,4.0,17.0,13.0,13.043478260869565,5.504725897920605,17.0,3.0,4.0,1.0,3.3043478260869565,0.4234404536862004,3.0,102.0,160.0,58.0,119.65217391304348,24.559546313799625,102.0,1.54,3.16,1.62,2.6669565217391304,0.6859735349716447,3.16,2.0,2.0,0.0,2.0,0.0,2.0,0.0,5.0,5.0,3.4782608695652173,2.117202268431002,5.0,0.0,2.0,2.0,0.6086956521739131,0.8468809073724008,0.0,0.0,0.0,0.0,0.0,0.0,0.0,4.0,7.0,3.0,6.086956521739131,1.2703213610586008,7.0,0.0,0.0,0.0,0.0,0.0,0.0,0.0,1.0,1.0,0.6956521739130435,0.4234404536862004,1.0,0.0,8.0,8.0,2.4347826086956523,3.3875236294896034,0.0,0.0,0.0,0.0,0.0,0.0,0.0,1.0,8.0,7.0,3.130434782608696,2.964083175803403,1.0,16.69,24.4975,7.807499999999997,22.121304347826086,3.3060113421550086,24.4975,0.0,2.493,2.493,1.7342608695652173,1.0556370510396975,2.493,0.0,2.25333333333e-05,2.25333333333e-05,6.857971014482609e-06,9.541524889714935e-06,0.0,64.0,194.0,130.0,103.56521739130434,55.04725897920604,64.0
mp-540672,Ti7Br16,Ti,Orthorhombic,Pnnm,8.0132036,0.1742000782608695,46,True,22.0,35.0,13.0,31.043478260869566,5.504725897920605,35.0,43.0,95.0,52.0,79.17391304347827,22.01890359168242,95.0,47.867,79.904,32.037,70.15360869565217,13.565761814744802,79.904,265.8,1941.0,1675.2,775.6434782608695,709.3474480151228,265.8,4.0,17.0,13.0,13.043478260869565,5.504725897920605,17.0,4.0,4.0,0.0,4.0,0.0,4.0,120.0,160.0,40.0,132.17391304347825,16.93761814744801,120.0,1.54,2.96,1.42,2.5278260869565217,0.6012854442344046,2.96,2.0,2.0,0.0,2.0,0.0,2.0,0.0,5.0,5.0,3.4782608695652173,2.117202268431002,5.0,2.0,10.0,8.0,7.565217391304348,3.3875236294896034,10.0,0.0,0.0,0.0,0.0,0.0,0.0,4.0,17.0,13.0,13.043478260869565,5.504725897920605,17.0,0.0,0.0,0.0,0.0,0.0,0.0,0.0,1.0,1.0,0.6956521739130435,0.4234404536862004,1.0,0.0,8.0,8.0,2.4347826086956523,3.3875236294896034,0.0,0.0,0.0,0.0,0.0,0.0,0.0,1.0,8.0,7.0,3.130434782608696,2.964083175803403,1.0,16.69,29.48,12.79,25.587391304347825,5.415803402646503,29.48,0.0,1.457,1.457,1.0135652173913043,0.616952741020794,1.457,0.0,2.25333333333e-05,2.25333333333e-05,6.857971014482609e-06,9.541524889714935e-06,0.0,64.0,194.0,130.0,103.56521739130434,55.04725897920604,64.0
mp-540829,RuF5,Ru,Monoclinic,P2_1/c,24.0000008,0.5000000166666666,48,True,9.0,44.0,35.0,14.833333333333334,9.722222222222223,9.0,56.0,93.0,37.0,86.83333333333333,10.27777777777778,93.0,18.9984032,101.07,82.0715968,32.67700266666666,22.797665777777777,18.9984032,53.5,2607.0,2553.5,479.0833333333333,709.3055555555555,53.5,8.0,17.0,9.0,15.5,2.5,17.0,2.0,5.0,3.0,2.5,0.8333333333333334,2.0,57.0,146.0,89.0,71.83333333333333,24.722222222222218,57.0,2.2,3.98,1.7799999999999998,3.683333333333333,0.4944444444444445,3.98,1.0,2.0,1.0,1.8333333333333333,0.27777777777777785,2.0,0.0,5.0,5.0,4.166666666666667,1.3888888888888886,5.0,0.0,7.0,7.0,1.1666666666666667,1.9444444444444446,0.0,0.0,0.0,0.0,0.0,0.0,0.0,7.0,8.0,1.0,7.166666666666667,0.27777777777777796,7.0,0.0,1.0,1.0,0.16666666666666666,0.27777777777777773,0.0,0.0,1.0,1.0,0.8333333333333334,0.27777777777777773,1.0,0.0,3.0,3.0,0.5,0.8333333333333334,0.0,0.0,0.0,0.0,0.0,0.0,0.0,1.0,4.0,3.0,1.5,0.8333333333333334,1.0,9.7075,13.51,3.8025,10.341249999999999,1.0562499999999995,9.7075,0.0,1.97,1.97,1.6416666666666666,0.5472222222222222,1.97,0.0,0.0,0.0,0.0,0.0,0.0,15.0,194.0,179.0,44.833333333333336,49.72222222222223,15.0
mp-540830,OsF5,Os,Monoclinic,P2_1/c,23.9999999,0.4999999979166666,48,True,9.0,76.0,67.0,20.166666666666668,18.61111111111111,9.0,57.0,93.0,36.0,87.0,10.0,93.0,18.9984032,190.23,171.23159679999998,47.537002666666666,47.56433244444444,18.9984032,53.5,3306.0,3252.5,595.5833333333334,903.4722222222223,53.5,8.0,17.0,9.0,15.5,2.5,17.0,2.0,6.0,4.0,2.6666666666666665,1.111111111111111,2.0,57.0,144.0,87.0,71.5,24.166666666666668,57.0,2.2,3.98,1.7799999999999998,3.683333333333333,0.4944444444444445,3.98,2.0,2.0,0.0,2.0,0.0,2.0,0.0,5.0,5.0,4.166666666666667,1.3888888888888886,5.0,0.0,6.0,6.0,1.0,1.6666666666666667,0.0,0.0,14.0,14.0,2.3333333333333335,3.8888888888888893,0.0,7.0,22.0,15.0,9.5,4.166666666666667,7.0,0.0,0.0,0.0,0.0,0.0,0.0,0.0,1.0,1.0,0.8333333333333334,0.27777777777777773,1.0,0.0,4.0,4.0,0.6666666666666666,1.111111111111111,0.0,0.0,0.0,0.0,0.0,0.0,0.0,1.0,4.0,3.0,1.5,0.8333333333333334,1.0,9.7075,14.09,4.3825,10.437916666666666,1.2173611111111111,9.7075,0.0,1.97,1.97,1.6416666666666666,0.5472222222222222,1.97,0.0,0.0,0.0,0.0,0.0,0.0,15.0,194.0,179.0,44.833333333333336,49.72222222222223,15.0
mp-540884,YCl,Y,Trigonal,R-3m,1.7137729,0.428443225,4,False,17.0,39.0,22.0,28.0,11.0,17.0,12.0,94.0,82.0,53.0,41.0,12.0,35.453,88.90585,53.45285,62.179425,26.726425,35.453,171.6,1799.0,1627.4,985.3,813.7,171.6,3.0,17.0,14.0,10.0,7.0,3.0,3.0,5.0,2.0,4.0,1.0,3.0,102.0,190.0,88.0,146.0,44.0,102.0,1.22,3.16,1.9400000000000002,2.19,0.9700000000000001,1.22,2.0,2.0,0.0,2.0,0.0,2.0,0.0,5.0,5.0,2.5,2.5,0.0,0.0,1.0,1.0,0.5,0.5,0.0,0.0,0.0,0.0,0.0,0.0,0.0,3.0,7.0,4.0,5.0,2.0,3.0,0.0,0.0,0.0,0.0,0.0,0.0,0.0,1.0,1.0,0.5,0.5,0.0,0.0,9.0,9.0,4.5,4.5,0.0,0.0,0.0,0.0,0.0,0.0,0.0,1.0,9.0,8.0,5.0,4.0,1.0,24.4975,32.365,7.867500000000003,28.43125,3.9337500000000016,24.4975,0.0,2.493,2.493,1.2465,1.2465,0.0,0.0,0.0,0.0,0.0,0.0,0.0,64.0,194.0,130.0,129.0,65.0,64.0
mp-541013,TiI4,Ti,Monoclinic,C2/c,0.0,0.0,10,True,22.0,53.0,31.0,46.8,9.920000000000002,53.0,43.0,96.0,53.0,85.4,16.959999999999997,96.0,47.867,126.90447,79.03747000000001,111.096976,25.291990400000003,126.90447,386.85,1941.0,1554.15,697.6800000000001,497.3280000000001,386.85,4.0,17.0,13.0,14.4,4.159999999999999,17.0,4.0,5.0,1.0,4.8,0.3200000000000001,5.0,139.0,160.0,21.0,143.2,6.7199999999999935,139.0,1.54,2.66,1.12,2.436,0.35840000000000016,2.66,2.0,2.0,0.0,2.0,0.0,2.0,0.0,5.0,5.0,4.0,1.6,5.0,2.0,10.0,8.0,8.4,2.5599999999999996,10.0,0.0,0.0,0.0,0.0,0.0,0.0,4.0,17.0,13.0,14.4,4.159999999999999,17.0,0.0,0.0,0.0,0.0,0.0,0.0,0.0,1.0,1.0,0.8,0.31999999999999995,1.0,0.0,8.0,8.0,1.6,2.56,0.0,0.0,0.0,0.0,0.0,0.0,0.0,1.0,8.0,7.0,2.4,2.2399999999999998,1.0,16.69,43.015,26.325,37.75,8.424000000000001,43.015,0.0,1.062,1.062,0.8496,0.33984000000000003,1.062,0.0,2.25333333333e-05,2.25333333333e-05,4.50666666666e-06,7.210666666656e-06,0.0,64.0,194.0,130.0,90.0,41.6,64.0
mp-541103,MnF4,Mn,Tetragonal,I4_1/a,24.0000004,0.60000001,40,True,9.0,25.0,16.0,12.2,5.119999999999999,9.0,52.0,93.0,41.0,84.8,13.120000000000001,93.0,18.9984032,54.938045,35.939641800000004,26.186331559999996,11.500685375999998,18.9984032,53.5,1519.0,1465.5,346.6,468.96000000000004,53.5,7.0,17.0,10.0,15.0,3.2,17.0,2.0,4.0,2.0,2.4,0.6399999999999999,2.0,57.0,139.0,82.0,73.4,26.240000000000002,57.0,1.55,3.98,2.4299999999999997,3.4939999999999998,0.7776000000000002,3.98,2.0,2.0,0.0,2.0,0.0,2.0,0.0,5.0,5.0,4.0,1.6,5.0,0.0,5.0,5.0,1.0,1.6,0.0,0.0,0.0,0.0,0.0,0.0,0.0,7.0,7.0,0.0,7.0,0.0,7.0,0.0,0.0,0.0,0.0,0.0,0.0,0.0,1.0,1.0,0.8,0.31999999999999995,1.0,0.0,5.0,5.0,1.0,1.6,0.0,0.0,0.0,0.0,0.0,0.0,0.0,1.0,5.0,4.0,1.8,1.28,1.0,9.7075,10.4875862069,0.7800862069000001,9.863517241379999,0.24962758620799938,9.7075,0.0,1.97,1.97,1.576,0.6304,1.97,0.0,0.000310120689655,0.000310120689655,6.2024137931e-05,9.923862068959999e-05,0.0,15.0,217.0,202.0,55.4,64.64,15.0
mp-541112,ZrI4,Zr,Triclinic,P-1,0.0,0.0,20,False,40.0,53.0,13.0,50.4,4.160000000000001,53.0,44.0,96.0,52.0,85.6,16.640000000000004,96.0,91.224,126.90447,35.68047,119.76837600000002,11.417750399999992,126.90447,386.85,2128.0,1741.15,735.08,557.168,386.85,4.0,17.0,13.0,14.4,4.159999999999999,17.0,5.0,5.0,0.0,5.0,0.0,5.0,139.0,175.0,36.0,146.2,11.519999999999992,139.0,1.33,2.66,1.33,2.394,0.42560000000000003,2.66,2.0,2.0,0.0,2.0,0.0,2.0,0.0,5.0,5.0,4.0,1.6,5.0,2.0,10.0,8.0,8.4,2.5599999999999996,10.0,0.0,0.0,0.0,0.0,0.0,0.0,4.0,17.0,13.0,14.4,4.159999999999999,17.0,0.0,0.0,0.0,0.0,0.0,0.0,0.0,1.0,1.0,0.8,0.31999999999999995,1.0,0.0,8.0,8.0,1.6,2.56,0.0,0.0,0.0,0.0,0.0,0.0,0.0,1.0,8.0,7.0,2.4,2.2399999999999998,1.0,23.195,43.015,19.82,39.051,6.3424,43.015,0.0,1.062,1.062,0.8496,0.33984000000000003,1.062,0.0,0.0,0.0,0.0,0.0,0.0,64.0,194.0,130.0,90.0,41.6,64.0
mp-541341,PtF5,Pt,Monoclinic,P2_1/c,7.9755696,0.1661577,48,True,9.0,78.0,69.0,20.5,19.166666666666668,9.0,63.0,93.0,30.0,88.0,8.333333333333334,93.0,18.9984032,195.084,176.08559680000002,48.346002666666664,48.91266577777778,18.9984032,53.5,2041.4,1987.9,384.81666666666666,552.1944444444445,53.5,10.0,17.0,7.0,15.833333333333334,1.944444444444444,17.0,2.0,6.0,4.0,2.6666666666666665,1.111111111111111,2.0,57.0,136.0,79.0,70.16666666666667,21.944444444444446,57.0,2.28,3.98,1.7000000000000002,3.6966666666666668,0.47222222222222215,3.98,1.0,2.0,1.0,1.8333333333333333,0.27777777777777785,2.0,0.0,5.0,5.0,4.166666666666667,1.3888888888888886,5.0,0.0,9.0,9.0,1.5,2.5,0.0,0.0,14.0,14.0,2.3333333333333335,3.8888888888888893,0.0,7.0,24.0,17.0,9.833333333333334,4.722222222222222,7.0,0.0,1.0,1.0,0.16666666666666666,0.27777777777777773,0.0,0.0,1.0,1.0,0.8333333333333334,0.27777777777777773,1.0,0.0,1.0,1.0,0.16666666666666666,0.27777777777777773,0.0,0.0,0.0,0.0,0.0,0.0,0.0,1.0,2.0,1.0,1.1666666666666667,0.27777777777777785,1.0,9.7075,15.02,5.3125,10.592916666666666,1.475694444444444,9.7075,0.0,1.97,1.97,1.6416666666666666,0.5472222222222222,1.97,0.0,0.0,0.0,0.0,0.0,0.0,15.0,225.0,210.0,50.0,58.333333333333336,15.0
mp-541384,MnF3,Mn,Trigonal,R-3c,8.0000002,1.000000025,8,False,9.0,25.0,16.0,13.0,6.0,9.0,52.0,93.0,41.0,82.75,15.375,93.0,18.9984032,54.938045,35.939641800000004,27.98331365,13.477365675000001,18.9984032,53.5,1519.0,1465.5,419.875,549.5625,53.5,7.0,17.0,10.0,14.5,3.75,17.0,2.0,4.0,2.0,2.5,0.75,2.0,57.0,139.0,82.0,77.5,30.75,57.0,1.55,3.98,2.4299999999999997,3.3725,0.9112499999999999,3.98,2.0,2.0,0.0,2.0,0.0,2.0,0.0,5.0,5.0,3.75,1.875,5.0,0.0,5.0,5.0,1.25,1.875,0.0,0.0,0.0,0.0,0.0,0.0,0.0,7.0,7.0,0.0,7.0,0.0,7.0,0.0,0.0,0.0,0.0,0.0,0.0,0.0,1.0,1.0,0.75,0.375,1.0,0.0,5.0,5.0,1.25,1.875,0.0,0.0,0.0,0.0,0.0,0.0,0.0,1.0,5.0,4.0,2.0,1.5,1.0,9.7075,10.4875862069,0.7800862069000001,9.902521551725,0.29253232758750025,9.7075,0.0,1.97,1.97,1.4775,0.73875,1.97,0.0,0.000310120689655,0.000310120689655,7.753017241375e-05,0.000116295258620625,0.0,15.0,217.0,202.0,65.5,75.75,15.0
mp-541656,AuCl2,Au,Triclinic,P-1,0.0,0.0,12,True,17.0,79.0,62.0,37.666666666666664,27.555555555555554,17.0,66.0,94.0,28.0,84.66666666666667,12.444444444444443,94.0,35.453,196.966569,161.513569,89.29085633333334,71.78380844444445,35.453,171.6,1337.33,1165.73,560.1766666666666,518.1022222222222,171.6,11.0,17.0,6.0,15.0,2.6666666666666665,17.0,3.0,6.0,3.0,4.0,1.3333333333333333,3.0,102.0,136.0,34.0,113.33333333333333,15.111111111111109,102.0,2.54,3.16,0.6200000000000001,2.953333333333333,0.2755555555555557,3.16,1.0,2.0,1.0,1.6666666666666667,0.4444444444444444,2.0,0.0,5.0,5.0,3.3333333333333335,2.222222222222222,5.0,0.0,10.0,10.0,3.3333333333333335,4.444444444444444,0.0,0.0,14.0,14.0,4.666666666666667,6.222222222222221,0.0,7.0,25.0,18.0,13.0,8.0,7.0,0.0,1.0,1.0,0.3333333333333333,0.4444444444444445,0.0,0.0,1.0,1.0,0.6666666666666666,0.4444444444444445,1.0,0.0,0.0,0.0,0.0,0.0,0.0,0.0,0.0,0.0,0.0,0.0,0.0,1.0,1.0,0.0,1.0,0.0,1.0,16.7,24.4975,7.797499999999999,21.89833333333333,3.465555555555556,24.4975,0.0,2.493,2.493,1.662,1.1079999999999999,2.493,0.0,0.0,0.0,0.0,0.0,0.0,64.0,225.0,161.0,117.66666666666667,71.55555555555556,64.0
mp-542298,Ag2F5,Ag,Triclinic,P-1,0.0679971,0.0024284678571428,28,True,9.0,47.0,38.0,19.857142857142858,15.510204081632654,9.0,65.0,93.0,28.0,85.0,11.428571428571429,93.0,18.9984032,107.8682,88.8697968,44.38977371428571,36.27338644897959,18.9984032,53.5,1234.93,1181.43,391.0514285714286,482.2163265306122,53.5,11.0,17.0,6.0,15.285714285714286,2.4489795918367343,17.0,2.0,5.0,3.0,2.857142857142857,1.2244897959183676,2.0,57.0,145.0,88.0,82.14285714285714,35.91836734693877,57.0,1.93,3.98,2.05,3.394285714285714,0.8367346938775511,3.98,1.0,2.0,1.0,1.7142857142857142,0.4081632653061225,2.0,0.0,5.0,5.0,3.5714285714285716,2.0408163265306123,5.0,0.0,10.0,10.0,2.857142857142857,4.081632653061225,0.0,0.0,0.0,0.0,0.0,0.0,0.0,7.0,11.0,4.0,8.142857142857142,1.6326530612244896,7.0,0.0,1.0,1.0,0.2857142857142857,0.4081632653061224,0.0,0.0,1.0,1.0,0.7142857142857143,0.4081632653061224,1.0,0.0,0.0,0.0,0.0,0.0,0.0,0.0,0.0,0.0,0.0,0.0,0.0,1.0,1.0,0.0,1.0,0.0,1.0,9.7075,16.33,6.622499999999999,11.599642857142856,2.7030612244897947,9.7075,0.0,1.97,1.97,1.407142857142857,0.8040816326530613,1.97,0.0,0.0,0.0,0.0,0.0,0.0,15.0,225.0,210.0,75.0,85.71428571428571,15.0
mp-542449,Sc5Cl8,Sc,Monoclinic,C2/m,0.9720032,0.0747694769230769,13,True,17.0,21.0,4.0,18.53846153846154,1.8934911242603554,17.0,11.0,94.0,83.0,62.07692307692308,39.289940828402365,94.0,35.453,44.955912,9.502911999999995,39.10796615384616,4.498419881656803,35.453,171.6,1814.0,1642.4,803.2923076923076,777.4674556213017,171.6,3.0,17.0,14.0,11.615384615384615,6.627218934911243,17.0,3.0,4.0,1.0,3.3846153846153846,0.47337278106508873,3.0,102.0,170.0,68.0,128.15384615384616,32.18934911242604,102.0,1.36,3.16,1.8,2.4676923076923076,0.8520710059171598,3.16,2.0,2.0,0.0,2.0,0.0,2.0,0.0,5.0,5.0,3.076923076923077,2.3668639053254434,5.0,0.0,1.0,1.0,0.38461538461538464,0.4733727810650888,0.0,0.0,0.0,0.0,0.0,0.0,0.0,3.0,7.0,4.0,5.461538461538462,1.893491124260355,7.0,0.0,0.0,0.0,0.0,0.0,0.0,0.0,1.0,1.0,0.6153846153846154,0.47337278106508873,1.0,0.0,9.0,9.0,3.4615384615384617,4.260355029585799,0.0,0.0,0.0,0.0,0.0,0.0,0.0,1.0,9.0,8.0,4.076923076923077,3.78698224852071,1.0,22.235,24.4975,2.2624999999999993,23.62730769230769,1.0710059171597637,24.4975,0.0,2.493,2.493,1.534153846153846,1.1801183431952662,2.493,0.0,6.35e-06,6.35e-06,2.442307692307692e-06,3.0059171597633135e-06,0.0,64.0,194.0,130.0,114.0,61.53846153846154,64.0
mp-554201,MoF3,Mo,Cubic,Pm-3m,2.9999998,0.74999995,4,False,9.0,42.0,33.0,17.25,12.375,9.0,50.0,93.0,43.0,82.25,16.125,93.0,18.9984032,95.96,76.9615968,38.2388024,28.860598799999998,18.9984032,53.5,2896.0,2842.5,764.125,1065.9375,53.5,6.0,17.0,11.0,14.25,4.125,17.0,2.0,5.0,3.0,2.75,1.125,2.0,57.0,154.0,97.0,81.25,36.375,57.0,2.16,3.98,1.8199999999999998,3.525,0.6825,3.98,1.0,2.0,1.0,1.75,0.375,2.0,0.0,5.0,5.0,3.75,1.875,5.0,0.0,5.0,5.0,1.25,1.875,0.0,0.0,0.0,0.0,0.0,0.0,0.0,6.0,7.0,1.0,6.75,0.375,7.0,0.0,1.0,1.0,0.25,0.375,0.0,0.0,1.0,1.0,0.75,0.375,1.0,0.0,5.0,5.0,1.25,1.875,0.0,0.0,0.0,0.0,0.0,0.0,0.0,1.0,6.0,5.0,2.25,1.875,1.0,9.7075,15.69,5.9825,11.203125,2.2434375,9.7075,0.0,1.97,1.97,1.4775,0.73875,1.97,0.0,0.0,0.0,0.0,0.0,0.0,15.0,229.0,214.0,68.5,80.25,15.0
mp-554340,CrF2,Cr,Monoclinic,P2_1/c,8.0000008,1.3333334666666667,6,True,9.0,24.0,15.0,14.0,6.666666666666667,9.0,49.0,93.0,44.0,78.33333333333333,19.555555555555557,93.0,18.9984032,51.9961,32.9976968,29.997635466666665,14.665643022222222,18.9984032,53.5,2180.0,2126.5,762.3333333333334,945.111111111111,53.5,6.0,17.0,11.0,13.333333333333334,4.888888888888888,17.0,2.0,4.0,2.0,2.6666666666666665,0.8888888888888888,2.0,57.0,139.0,82.0,84.33333333333333,36.44444444444444,57.0,1.66,3.98,2.3200000000000003,3.2066666666666666,1.0311111111111113,3.98,1.0,2.0,1.0,1.6666666666666667,0.4444444444444444,2.0,0.0,5.0,5.0,3.3333333333333335,2.222222222222222,5.0,0.0,5.0,5.0,1.6666666666666667,2.222222222222222,0.0,0.0,0.0,0.0,0.0,0.0,0.0,6.0,7.0,1.0,6.666666666666667,0.44444444444444436,7.0,0.0,1.0,1.0,0.3333333333333333,0.4444444444444445,0.0,0.0,1.0,1.0,0.6666666666666666,0.4444444444444445,1.0,0.0,5.0,5.0,1.6666666666666667,2.222222222222222,0.0,0.0,0.0,0.0,0.0,0.0,0.0,1.0,6.0,5.0,2.6666666666666665,2.222222222222222,1.0,9.7075,11.19,1.4825,10.201666666666666,0.6588888888888889,9.7075,0.0,1.97,1.97,1.3133333333333332,0.8755555555555556,1.97,0.0,0.0,0.0,0.0,0.0,0.0,15.0,229.0,214.0,86.33333333333333,95.11111111111113,15.0
mp-554799,VF4,V,Monoclinic,P2_1/c,1.9999998,0.19999998,10,True,9.0,23.0,14.0,11.8,4.48,9.0,46.0,93.0,47.0,83.6,15.040000000000003,93.0,18.9984032,50.9415,31.9430968,25.38702256,10.221790976,18.9984032,53.5,2183.0,2129.5,479.4,681.4399999999999,53.5,5.0,17.0,12.0,14.6,3.8400000000000007,17.0,2.0,4.0,2.0,2.4,0.6399999999999999,2.0,57.0,153.0,96.0,76.2,30.720000000000006,57.0,1.63,3.98,2.35,3.5100000000000002,0.7519999999999999,3.98,2.0,2.0,0.0,2.0,0.0,2.0,0.0,5.0,5.0,4.0,1.6,5.0,0.0,3.0,3.0,0.6,0.96,0.0,0.0,0.0,0.0,0.0,0.0,0.0,5.0,7.0,2.0,6.6,0.6400000000000002,7.0,0.0,0.0,0.0,0.0,0.0,0.0,0.0,1.0,1.0,0.8,0.31999999999999995,1.0,0.0,7.0,7.0,1.4,2.2399999999999998,0.0,0.0,0.0,0.0,0.0,0.0,0.0,1.0,7.0,6.0,2.2,1.9200000000000004,1.0,9.7075,13.01,3.3025,10.367999999999999,1.0567999999999995,9.7075,0.0,1.97,1.97,1.576,0.6304,1.97,0.0,0.0,0.0,0.0,0.0,0.0,15.0,229.0,214.0,57.8,68.47999999999999,15.0
mp-554855,CrF4,Cr,Monoclinic,C2/c,16.0001535,0.4000038375,40,True,9.0,24.0,15.0,12.0,4.8,9.0,49.0,93.0,44.0,84.2,14.079999999999998,93.0,18.9984032,51.9961,32.9976968,25.59794256,10.559262976000001,18.9984032,53.5,2180.0,2126.5,478.8,680.48,53.5,6.0,17.0,11.0,14.8,3.5199999999999996,17.0,2.0,4.0,2.0,2.4,0.6399999999999999,2.0,57.0,139.0,82.0,73.4,26.240000000000002,57.0,1.66,3.98,2.3200000000000003,3.5159999999999996,0.7424000000000003,3.98,1.0,2.0,1.0,1.8,0.31999999999999995,2.0,0.0,5.0,5.0,4.0,1.6,5.0,0.0,5.0,5.0,1.0,1.6,0.0,0.0,0.0,0.0,0.0,0.0,0.0,6.0,7.0,1.0,6.8,0.3200000000000001,7.0,0.0,1.0,1.0,0.2,0.32,0.0,0.0,1.0,1.0,0.8,0.31999999999999995,1.0,0.0,5.0,5.0,1.0,1.6,0.0,0.0,0.0,0.0,0.0,0.0,0.0,1.0,6.0,5.0,2.0,1.6,1.0,9.7075,11.19,1.4825,10.004,0.4744,9.7075,0.0,1.97,1.97,1.576,0.6304,1.97,0.0,0.0,0.0,0.0,0.0,0.0,15.0,229.0,214.0,57.8,68.47999999999999,15.0
mp-555003,WF6,W,Orthorhombic,Pnma,0.0,0.0,28,True,9.0,74.0,65.0,18.285714285714285,15.918367346938775,9.0,51.0,93.0,42.0,87.0,10.285714285714286,93.0,18.9984032,183.84,164.8415968,42.547202742857145,40.36937064489796,18.9984032,53.5,3695.0,3641.5,573.7142857142857,891.7959183673468,53.5,6.0,17.0,11.0,15.428571428571429,2.6938775510204076,17.0,2.0,6.0,4.0,2.5714285714285716,0.979591836734694,2.0,57.0,162.0,105.0,72.0,25.714285714285715,57.0,2.36,3.98,1.62,3.748571428571428,0.3967346938775513,3.98,2.0,2.0,0.0,2.0,0.0,2.0,0.0,5.0,5.0,4.285714285714286,1.2244897959183676,5.0,0.0,4.0,4.0,0.5714285714285714,0.979591836734694,0.0,0.0,14.0,14.0,2.0,3.4285714285714284,0.0,7.0,20.0,13.0,8.857142857142858,3.1836734693877555,7.0,0.0,0.0,0.0,0.0,0.0,0.0,0.0,1.0,1.0,0.8571428571428571,0.2448979591836735,1.0,0.0,6.0,6.0,0.8571428571428571,1.4693877551020407,0.0,0.0,0.0,0.0,0.0,0.0,0.0,1.0,6.0,5.0,1.7142857142857142,1.2244897959183672,1.0,9.7075,16.05,6.342500000000001,10.61357142857143,1.55326530612245,9.7075,0.0,1.97,1.97,1.6885714285714286,0.4824489795918367,1.97,0.0,0.0,0.0,0.0,0.0,0.0,15.0,229.0,214.0,45.57142857142857,52.40816326530613,15.0
mp-555908,CoF2,Co,Tetragonal,P4_2/mnm,6.0000001,1.0000000166666667,6,True,9.0,27.0,18.0,15.0,8.0,9.0,58.0,93.0,35.0,81.33333333333333,15.555555555555557,93.0,18.9984032,58.933195,39.9347918,32.310000466666665,17.748796355555555,18.9984032,53.5,1768.0,1714.5,625.0,762.0,53.5,9.0,17.0,8.0,14.333333333333334,3.5555555555555554,17.0,2.0,4.0,2.0,2.6666666666666665,0.8888888888888888,2.0,57.0,126.0,69.0,80.0,30.666666666666668,57.0,1.88,3.98,2.1,3.28,0.9333333333333335,3.98,2.0,2.0,0.0,2.0,0.0,2.0,0.0,5.0,5.0,3.3333333333333335,2.222222222222222,5.0,0.0,7.0,7.0,2.3333333333333335,3.1111111111111107,0.0,0.0,0.0,0.0,0.0,0.0,0.0,7.0,9.0,2.0,7.666666666666667,0.888888888888889,7.0,0.0,0.0,0.0,0.0,0.0,0.0,0.0,1.0,1.0,0.6666666666666666,0.4444444444444445,1.0,0.0,3.0,3.0,1.0,1.3333333333333333,0.0,0.0,0.0,0.0,0.0,0.0,0.0,1.0,3.0,2.0,1.6666666666666667,0.888888888888889,1.0,9.7075,10.245,0.5374999999999996,9.886666666666665,0.23888888888888835,9.7075,0.0,1.97,1.97,1.3133333333333332,0.8755555555555556,1.97,0.0,1.5484712,1.5484712,0.5161570666666667,0.6882094222222221,0.0,15.0,194.0,179.0,74.66666666666667,79.55555555555556,15.0
mp-555934,VF2,V,Tetragonal,P4_2/mnm,6.0000005,1.0000000833333331,6,True,9.0,23.0,14.0,13.666666666666666,6.222222222222221,9.0,46.0,93.0,47.0,77.33333333333333,20.88888888888889,93.0,18.9984032,50.9415,31.9430968,29.64610213333333,14.19693191111111,18.9984032,53.5,2183.0,2129.5,763.3333333333334,946.4444444444443,53.5,5.0,17.0,12.0,13.0,5.333333333333333,17.0,2.0,4.0,2.0,2.6666666666666665,0.8888888888888888,2.0,57.0,153.0,96.0,89.0,42.666666666666664,57.0,1.63,3.98,2.35,3.1966666666666668,1.0444444444444445,3.98,2.0,2.0,0.0,2.0,0.0,2.0,0.0,5.0,5.0,3.3333333333333335,2.222222222222222,5.0,0.0,3.0,3.0,1.0,1.3333333333333333,0.0,0.0,0.0,0.0,0.0,0.0,0.0,5.0,7.0,2.0,6.333333333333333,0.888888888888889,7.0,0.0,0.0,0.0,0.0,0.0,0.0,0.0,1.0,1.0,0.6666666666666666,0.4444444444444445,1.0,0.0,7.0,7.0,2.3333333333333335,3.1111111111111107,0.0,0.0,0.0,0.0,0.0,0.0,0.0,1.0,7.0,6.0,3.0,2.6666666666666665,1.0,9.7075,13.01,3.3025,10.808333333333332,1.4677777777777774,9.7075,0.0,1.97,1.97,1.3133333333333332,0.8755555555555556,1.97,0.0,0.0,0.0,0.0,0.0,0.0,15.0,229.0,214.0,86.33333333333333,95.11111111111113,15.0
mp-556242,YF3,Y,Cubic,Pm-3m,9.18e-05,7.65e-06,12,False,9.0,39.0,30.0,16.5,11.25,9.0,12.0,93.0,81.0,72.75,30.375,93.0,18.9984032,88.90585,69.9074468,36.4752649,26.21529255,18.9984032,53.5,1799.0,1745.5,489.875,654.5625,53.5,3.0,17.0,14.0,13.5,5.25,17.0,2.0,5.0,3.0,2.75,1.125,2.0,57.0,190.0,133.0,90.25,49.875,57.0,1.22,3.98,2.76,3.29,1.0350000000000001,3.98,2.0,2.0,0.0,2.0,0.0,2.0,0.0,5.0,5.0,3.75,1.875,5.0,0.0,1.0,1.0,0.25,0.375,0.0,0.0,0.0,0.0,0.0,0.0,0.0,3.0,7.0,4.0,6.0,1.5,7.0,0.0,0.0,0.0,0.0,0.0,0.0,0.0,1.0,1.0,0.75,0.375,1.0,0.0,9.0,9.0,2.25,3.375,0.0,0.0,0.0,0.0,0.0,0.0,0.0,1.0,9.0,8.0,3.0,3.0,1.0,9.7075,32.365,22.657500000000002,15.371875,8.4965625,9.7075,0.0,1.97,1.97,1.4775,0.73875,1.97,0.0,0.0,0.0,0.0,0.0,0.0,15.0,194.0,179.0,59.75,67.125,15.0
mp-556324,NiF2,Ni,Orthorhombic,Pnnm,4.001246,0.6668743333333333,6,False,9.0,28.0,19.0,15.333333333333334,8.444444444444445,9.0,61.0,93.0,32.0,82.33333333333333,14.222222222222223,93.0,18.9984032,58.6934,39.6949968,32.2300688,17.6422208,18.9984032,53.5,1728.0,1674.5,611.6666666666666,744.2222222222223,53.5,10.0,17.0,7.0,14.666666666666666,3.111111111111111,17.0,2.0,4.0,2.0,2.6666666666666665,0.8888888888888888,2.0,57.0,124.0,67.0,79.33333333333333,29.777777777777775,57.0,1.91,3.98,2.0700000000000003,3.2899999999999996,0.9200000000000003,3.98,2.0,2.0,0.0,2.0,0.0,2.0,0.0,5.0,5.0,3.3333333333333335,2.222222222222222,5.0,0.0,8.0,8.0,2.6666666666666665,3.555555555555556,0.0,0.0,0.0,0.0,0.0,0.0,0.0,7.0,10.0,3.0,8.0,1.3333333333333333,7.0,0.0,0.0,0.0,0.0,0.0,0.0,0.0,1.0,1.0,0.6666666666666666,0.4444444444444445,1.0,0.0,2.0,2.0,0.6666666666666666,0.888888888888889,0.0,0.0,0.0,0.0,0.0,0.0,0.0,1.0,2.0,1.0,1.3333333333333333,0.4444444444444444,1.0,9.7075,10.32,0.6125000000000007,9.911666666666667,0.27222222222222275,9.7075,0.0,1.97,1.97,1.3133333333333332,0.8755555555555556,1.97,0.0,0.5953947,0.5953947,0.19846490000000003,0.26461986666666665,0.0,15.0,225.0,210.0,85.0,93.33333333333333,15.0
mp-556560,MnF3,Mn,Monoclinic,C2/c,8.0000053,1.0000006625,8,True,9.0,25.0,16.0,13.0,6.0,9.0,52.0,93.0,41.0,82.75,15.375,93.0,18.9984032,54.938045,35.939641800000004,27.98331365,13.477365675000001,18.9984032,53.5,1519.0,1465.5,419.875,549.5625,53.5,7.0,17.0,10.0,14.5,3.75,17.0,2.0,4.0,2.0,2.5,0.75,2.0,57.0,139.0,82.0,77.5,30.75,57.0,1.55,3.98,2.4299999999999997,3.3725,0.9112499999999999,3.98,2.0,2.0,0.0,2.0,0.0,2.0,0.0,5.0,5.0,3.75,1.875,5.0,0.0,5.0,5.0,1.25,1.875,0.0,0.0,0.0,0.0,0.0,0.0,0.0,7.0,7.0,0.0,7.0,0.0,7.0,0.0,0.0,0.0,0.0,0.0,0.0,0.0,1.0,1.0,0.75,0.375,1.0,0.0,5.0,5.0,1.25,1.875,0.0,0.0,0.0,0.0,0.0,0.0,0.0,1.0,5.0,4.0,2.0,1.5,1.0,9.7075,10.4875862069,0.7800862069000001,9.902521551725,0.29253232758750025,9.7075,0.0,1.97,1.97,1.4775,0.73875,1.97,0.0,0.000310120689655,0.000310120689655,7.753017241375e-05,0.000116295258620625,0.0,15.0,217.0,202.0,65.5,75.75,15.0
mp-556585,MnF2,Mn,Orthorhombic,Pbcn,20.0000012,1.6666667666666666,12,True,9.0,25.0,16.0,14.333333333333334,7.111111111111112,9.0,52.0,93.0,41.0,79.33333333333333,18.222222222222225,93.0,18.9984032,54.938045,35.939641800000004,30.9782838,15.973174133333336,18.9984032,53.5,1519.0,1465.5,542.0,651.3333333333334,53.5,7.0,17.0,10.0,13.666666666666666,4.444444444444445,17.0,2.0,4.0,2.0,2.6666666666666665,0.8888888888888888,2.0,57.0,139.0,82.0,84.33333333333333,36.44444444444444,57.0,1.55,3.98,2.4299999999999997,3.17,1.08,3.98,2.0,2.0,0.0,2.0,0.0,2.0,0.0,5.0,5.0,3.3333333333333335,2.222222222222222,5.0,0.0,5.0,5.0,1.6666666666666667,2.222222222222222,0.0,0.0,0.0,0.0,0.0,0.0,0.0,7.0,7.0,0.0,7.0,0.0,7.0,0.0,0.0,0.0,0.0,0.0,0.0,0.0,1.0,1.0,0.6666666666666666,0.4444444444444445,1.0,0.0,5.0,5.0,1.6666666666666667,2.222222222222222,0.0,0.0,0.0,0.0,0.0,0.0,0.0,1.0,5.0,4.0,2.3333333333333335,1.777777777777778,1.0,9.7075,10.4875862069,0.7800862069000001,9.967528735633332,0.34670498084444407,9.7075,0.0,1.97,1.97,1.3133333333333332,0.8755555555555556,1.97,0.0,0.000310120689655,0.000310120689655,0.00010337356321833333,0.00013783141762444443,0.0,15.0,217.0,202.0,82.33333333333333,89.77777777777779,15.0
mp-556911,FeF2,Fe,Tetragonal,P4_2/mnm,8.0000005,1.3333334166666668,6,True,9.0,26.0,17.0,14.666666666666666,7.5555555555555545,9.0,55.0,93.0,38.0,80.33333333333333,16.88888888888889,93.0,18.9984032,55.845,36.8465968,31.280602133333332,16.376265244444443,18.9984032,53.5,1811.0,1757.5,639.3333333333334,781.111111111111,53.5,8.0,17.0,9.0,14.0,4.0,17.0,2.0,4.0,2.0,2.6666666666666665,0.8888888888888888,2.0,57.0,132.0,75.0,82.0,33.333333333333336,57.0,1.83,3.98,2.15,3.263333333333333,0.9555555555555556,3.98,2.0,2.0,0.0,2.0,0.0,2.0,0.0,5.0,5.0,3.3333333333333335,2.222222222222222,5.0,0.0,6.0,6.0,2.0,2.6666666666666665,0.0,0.0,0.0,0.0,0.0,0.0,0.0,7.0,8.0,1.0,7.333333333333333,0.44444444444444436,7.0,0.0,0.0,0.0,0.0,0.0,0.0,0.0,1.0,1.0,0.6666666666666666,0.4444444444444445,1.0,0.0,4.0,4.0,1.3333333333333333,1.777777777777778,0.0,0.0,0.0,0.0,0.0,0.0,0.0,1.0,4.0,3.0,2.0,1.3333333333333333,1.0,9.7075,10.73,1.0225000000000009,10.048333333333334,0.45444444444444504,9.7075,0.0,1.97,1.97,1.3133333333333332,0.8755555555555556,1.97,0.0,2.1106628,2.1106628,0.7035542666666667,0.9380723555555557,0.0,15.0,229.0,214.0,86.33333333333333,95.11111111111113,15.0
mp-557259,MoF6,Mo,Orthorhombic,Pnma,0.0,0.0,28,True,9.0,42.0,33.0,13.714285714285714,8.081632653061224,9.0,50.0,93.0,43.0,86.85714285714286,10.530612244897956,93.0,18.9984032,95.96,76.9615968,29.99291702857143,18.847737991836738,18.9984032,53.5,2896.0,2842.5,459.57142857142856,696.1224489795919,53.5,6.0,17.0,11.0,15.428571428571429,2.6938775510204076,17.0,2.0,5.0,3.0,2.4285714285714284,0.7346938775510203,2.0,57.0,154.0,97.0,70.85714285714286,23.75510204081633,57.0,2.16,3.98,1.8199999999999998,3.7199999999999998,0.44571428571428584,3.98,1.0,2.0,1.0,1.8571428571428572,0.24489795918367344,2.0,0.0,5.0,5.0,4.285714285714286,1.2244897959183676,5.0,0.0,5.0,5.0,0.7142857142857143,1.2244897959183674,0.0,0.0,0.0,0.0,0.0,0.0,0.0,6.0,7.0,1.0,6.857142857142857,0.24489795918367374,7.0,0.0,1.0,1.0,0.14285714285714285,0.2448979591836735,0.0,0.0,1.0,1.0,0.8571428571428571,0.2448979591836735,1.0,0.0,5.0,5.0,0.7142857142857143,1.2244897959183674,0.0,0.0,0.0,0.0,0.0,0.0,0.0,1.0,6.0,5.0,1.7142857142857142,1.2244897959183672,1.0,9.7075,15.69,5.9825,10.562142857142858,1.4651020408163273,9.7075,0.0,1.97,1.97,1.6885714285714286,0.4824489795918367,1.97,0.0,0.0,0.0,0.0,0.0,0.0,15.0,229.0,214.0,45.57142857142857,52.40816326530613,15.0
mp-557539,MoF3,Mo,Trigonal,R-3c,6.0,0.75,8,True,9.0,42.0,33.0,17.25,12.375,9.0,50.0,93.0,43.0,82.25,16.125,93.0,18.9984032,95.96,76.9615968,38.2388024,28.860598799999998,18.9984032,53.5,2896.0,2842.5,764.125,1065.9375,53.5,6.0,17.0,11.0,14.25,4.125,17.0,2.0,5.0,3.0,2.75,1.125,2.0,57.0,154.0,97.0,81.25,36.375,57.0,2.16,3.98,1.8199999999999998,3.525,0.6825,3.98,1.0,2.0,1.0,1.75,0.375,2.0,0.0,5.0,5.0,3.75,1.875,5.0,0.0,5.0,5.0,1.25,1.875,0.0,0.0,0.0,0.0,0.0,0.0,0.0,6.0,7.0,1.0,6.75,0.375,7.0,0.0,1.0,1.0,0.25,0.375,0.0,0.0,1.0,1.0,0.75,0.375,1.0,0.0,5.0,5.0,1.25,1.875,0.0,0.0,0.0,0.0,0.0,0.0,0.0,1.0,6.0,5.0,2.25,1.875,1.0,9.7075,15.69,5.9825,11.203125,2.2434375,9.7075,0.0,1.97,1.97,1.4775,0.73875,1.97,0.0,0.0,0.0,0.0,0.0,0.0,15.0,229.0,214.0,68.5,80.25,15.0
mp-558380,Cr2F5,Cr,Monoclinic,C2/c,14.0000004,1.0000000285714286,14,False,9.0,24.0,15.0,13.285714285714286,6.122448979591837,9.0,49.0,93.0,44.0,80.42857142857143,17.959183673469386,93.0,18.9984032,51.9961,32.9976968,28.426316571428572,13.468447673469388,18.9984032,53.5,2180.0,2126.5,661.0714285714286,867.9591836734695,53.5,6.0,17.0,11.0,13.857142857142858,4.489795918367347,17.0,2.0,4.0,2.0,2.5714285714285716,0.816326530612245,2.0,57.0,139.0,82.0,80.42857142857143,33.46938775510204,57.0,1.66,3.98,2.3200000000000003,3.317142857142857,0.946938775510204,3.98,1.0,2.0,1.0,1.7142857142857142,0.4081632653061225,2.0,0.0,5.0,5.0,3.5714285714285716,2.0408163265306123,5.0,0.0,5.0,5.0,1.4285714285714286,2.0408163265306123,0.0,0.0,0.0,0.0,0.0,0.0,0.0,6.0,7.0,1.0,6.714285714285714,0.4081632653061224,7.0,0.0,1.0,1.0,0.2857142857142857,0.4081632653061224,0.0,0.0,1.0,1.0,0.7142857142857143,0.4081632653061224,1.0,0.0,5.0,5.0,1.4285714285714286,2.0408163265306123,0.0,0.0,0.0,0.0,0.0,0.0,0.0,1.0,6.0,5.0,2.4285714285714284,2.0408163265306123,1.0,9.7075,11.19,1.4825,10.131071428571428,0.6051020408163262,9.7075,0.0,1.97,1.97,1.407142857142857,0.8040816326530613,1.97,0.0,0.0,0.0,0.0,0.0,0.0,15.0,229.0,214.0,76.14285714285714,87.3469387755102,15.0
mp-558836,MoF6,Mo,Cubic,Im-3m,0.0,0.0,7,False,9.0,42.0,33.0,13.714285714285714,8.081632653061224,9.0,50.0,93.0,43.0,86.85714285714286,10.530612244897956,93.0,18.9984032,95.96,76.9615968,29.99291702857143,18.847737991836738,18.9984032,53.5,2896.0,2842.5,459.57142857142856,696.1224489795919,53.5,6.0,17.0,11.0,15.428571428571429,2.6938775510204076,17.0,2.0,5.0,3.0,2.4285714285714284,0.7346938775510203,2.0,57.0,154.0,97.0,70.85714285714286,23.75510204081633,57.0,2.16,3.98,1.8199999999999998,3.7199999999999998,0.44571428571428584,3.98,1.0,2.0,1.0,1.8571428571428572,0.24489795918367344,2.0,0.0,5.0,5.0,4.285714285714286,1.2244897959183676,5.0,0.0,5.0,5.0,0.7142857142857143,1.2244897959183674,0.0,0.0,0.0,0.0,0.0,0.0,0.0,6.0,7.0,1.0,6.857142857142857,0.24489795918367374,7.0,0.0,1.0,1.0,0.14285714285714285,0.2448979591836735,0.0,0.0,1.0,1.0,0.8571428571428571,0.2448979591836735,1.0,0.0,5.0,5.0,0.7142857142857143,1.2244897959183674,0.0,0.0,0.0,0.0,0.0,0.0,0.0,1.0,6.0,5.0,1.7142857142857142,1.2244897959183672,1.0,9.7075,15.69,5.9825,10.562142857142858,1.4651020408163273,9.7075,0.0,1.97,1.97,1.6885714285714286,0.4824489795918367,1.97,0.0,0.0,0.0,0.0,0.0,0.0,15.0,229.0,214.0,45.57142857142857,52.40816326530613,15.0
mp-558852,FeF3,Fe,Cubic,Pm-3m,15.0000006,1.25000005,12,False,9.0,26.0,17.0,13.25,6.375,9.0,55.0,93.0,38.0,83.5,14.25,93.0,18.9984032,55.845,36.8465968,28.2100524,13.8174738,18.9984032,53.5,1811.0,1757.5,492.875,659.0625,53.5,8.0,17.0,9.0,14.75,3.375,17.0,2.0,4.0,2.0,2.5,0.75,2.0,57.0,132.0,75.0,75.75,28.125,57.0,1.83,3.98,2.15,3.4425,0.80625,3.98,2.0,2.0,0.0,2.0,0.0,2.0,0.0,5.0,5.0,3.75,1.875,5.0,0.0,6.0,6.0,1.5,2.25,0.0,0.0,0.0,0.0,0.0,0.0,0.0,7.0,8.0,1.0,7.25,0.375,7.0,0.0,0.0,0.0,0.0,0.0,0.0,0.0,1.0,1.0,0.75,0.375,1.0,0.0,4.0,4.0,1.0,1.5,0.0,0.0,0.0,0.0,0.0,0.0,0.0,1.0,4.0,3.0,1.75,1.125,1.0,9.7075,10.73,1.0225000000000009,9.963125,0.3834375000000003,9.7075,0.0,1.97,1.97,1.4775,0.73875,1.97,0.0,2.1106628,2.1106628,0.5276657,0.79149855,0.0,15.0,229.0,214.0,68.5,80.25,15.0
mp-559092,ScF3,Sc,Trigonal,R32,2.4e-06,6e-07,4,False,9.0,21.0,12.0,12.0,4.5,9.0,11.0,93.0,82.0,72.5,30.75,93.0,18.9984032,44.955912,25.9575088,25.4877804,9.7340658,18.9984032,53.5,1814.0,1760.5,493.625,660.1875,53.5,3.0,17.0,14.0,13.5,5.25,17.0,2.0,4.0,2.0,2.5,0.75,2.0,57.0,170.0,113.0,85.25,42.375,57.0,1.36,3.98,2.62,3.3249999999999997,0.9825000000000002,3.98,2.0,2.0,0.0,2.0,0.0,2.0,0.0,5.0,5.0,3.75,1.875,5.0,0.0,1.0,1.0,0.25,0.375,0.0,0.0,0.0,0.0,0.0,0.0,0.0,3.0,7.0,4.0,6.0,1.5,7.0,0.0,0.0,0.0,0.0,0.0,0.0,0.0,1.0,1.0,0.75,0.375,1.0,0.0,9.0,9.0,2.25,3.375,0.0,0.0,0.0,0.0,0.0,0.0,0.0,1.0,9.0,8.0,3.0,3.0,1.0,9.7075,22.235,12.5275,12.839375,4.6978125,9.7075,0.0,1.97,1.97,1.4775,0.73875,1.97,0.0,6.35e-06,6.35e-06,1.5875e-06,2.3812500000000003e-06,0.0,15.0,194.0,179.0,59.75,67.125,15.0
mp-559435,CoF3,Co,Cubic,Pm-3m,8.0000001,0.666666675,12,False,9.0,27.0,18.0,13.5,6.75,9.0,58.0,93.0,35.0,84.25,13.125,93.0,18.9984032,58.933195,39.9347918,28.98210115,14.975546925,18.9984032,53.5,1768.0,1714.5,482.125,642.9375,53.5,9.0,17.0,8.0,15.0,3.0,17.0,2.0,4.0,2.0,2.5,0.75,2.0,57.0,126.0,69.0,74.25,25.875,57.0,1.88,3.98,2.1,3.455,0.7875,3.98,2.0,2.0,0.0,2.0,0.0,2.0,0.0,5.0,5.0,3.75,1.875,5.0,0.0,7.0,7.0,1.75,2.625,0.0,0.0,0.0,0.0,0.0,0.0,0.0,7.0,9.0,2.0,7.5,0.75,7.0,0.0,0.0,0.0,0.0,0.0,0.0,0.0,1.0,1.0,0.75,0.375,1.0,0.0,3.0,3.0,0.75,1.125,0.0,0.0,0.0,0.0,0.0,0.0,0.0,1.0,3.0,2.0,1.5,0.75,1.0,9.7075,10.245,0.5374999999999996,9.841875,0.2015625000000001,9.7075,0.0,1.97,1.97,1.4775,0.73875,1.97,0.0,1.5484712,1.5484712,0.3871178,0.5806767,0.0,15.0,194.0,179.0,59.75,67.125,15.0
mp-559450,FeF3,Fe,Cubic,Fd-3m,20.0000012,1.250000075,16,False,9.0,26.0,17.0,13.25,6.375,9.0,55.0,93.0,38.0,83.5,14.25,93.0,18.9984032,55.845,36.8465968,28.2100524,13.8174738,18.9984032,53.5,1811.0,1757.5,492.875,659.0625,53.5,8.0,17.0,9.0,14.75,3.375,17.0,2.0,4.0,2.0,2.5,0.75,2.0,57.0,132.0,75.0,75.75,28.125,57.0,1.83,3.98,2.15,3.4425,0.80625,3.98,2.0,2.0,0.0,2.0,0.0,2.0,0.0,5.0,5.0,3.75,1.875,5.0,0.0,6.0,6.0,1.5,2.25,0.0,0.0,0.0,0.0,0.0,0.0,0.0,7.0,8.0,1.0,7.25,0.375,7.0,0.0,0.0,0.0,0.0,0.0,0.0,0.0,1.0,1.0,0.75,0.375,1.0,0.0,4.0,4.0,1.0,1.5,0.0,0.0,0.0,0.0,0.0,0.0,0.0,1.0,4.0,3.0,1.75,1.125,1.0,9.7075,10.73,1.0225000000000009,9.963125,0.3834375000000003,9.7075,0.0,1.97,1.97,1.4775,0.73875,1.97,0.0,2.1106628,2.1106628,0.5276657,0.79149855,0.0,15.0,229.0,214.0,68.5,80.25,15.0
mp-559473,CoF3,Co,Trigonal,R-3c,3.999653,0.499956625,8,False,9.0,27.0,18.0,13.5,6.75,9.0,58.0,93.0,35.0,84.25,13.125,93.0,18.9984032,58.933195,39.9347918,28.98210115,14.975546925,18.9984032,53.5,1768.0,1714.5,482.125,642.9375,53.5,9.0,17.0,8.0,15.0,3.0,17.0,2.0,4.0,2.0,2.5,0.75,2.0,57.0,126.0,69.0,74.25,25.875,57.0,1.88,3.98,2.1,3.455,0.7875,3.98,2.0,2.0,0.0,2.0,0.0,2.0,0.0,5.0,5.0,3.75,1.875,5.0,0.0,7.0,7.0,1.75,2.625,0.0,0.0,0.0,0.0,0.0,0.0,0.0,7.0,9.0,2.0,7.5,0.75,7.0,0.0,0.0,0.0,0.0,0.0,0.0,0.0,1.0,1.0,0.75,0.375,1.0,0.0,3.0,3.0,0.75,1.125,0.0,0.0,0.0,0.0,0.0,0.0,0.0,1.0,3.0,2.0,1.5,0.75,1.0,9.7075,10.245,0.5374999999999996,9.841875,0.2015625000000001,9.7075,0.0,1.97,1.97,1.4775,0.73875,1.97,0.0,1.5484712,1.5484712,0.3871178,0.5806767,0.0,15.0,194.0,179.0,59.75,67.125,15.0
mp-559798,NiF2,Ni,Tetragonal,P4_2/mnm,4.0012901,0.6668816833333334,6,True,9.0,28.0,19.0,15.333333333333334,8.444444444444445,9.0,61.0,93.0,32.0,82.33333333333333,14.222222222222223,93.0,18.9984032,58.6934,39.6949968,32.2300688,17.6422208,18.9984032,53.5,1728.0,1674.5,611.6666666666666,744.2222222222223,53.5,10.0,17.0,7.0,14.666666666666666,3.111111111111111,17.0,2.0,4.0,2.0,2.6666666666666665,0.8888888888888888,2.0,57.0,124.0,67.0,79.33333333333333,29.777777777777775,57.0,1.91,3.98,2.0700000000000003,3.2899999999999996,0.9200000000000003,3.98,2.0,2.0,0.0,2.0,0.0,2.0,0.0,5.0,5.0,3.3333333333333335,2.222222222222222,5.0,0.0,8.0,8.0,2.6666666666666665,3.555555555555556,0.0,0.0,0.0,0.0,0.0,0.0,0.0,7.0,10.0,3.0,8.0,1.3333333333333333,7.0,0.0,0.0,0.0,0.0,0.0,0.0,0.0,1.0,1.0,0.6666666666666666,0.4444444444444445,1.0,0.0,2.0,2.0,0.6666666666666666,0.888888888888889,0.0,0.0,0.0,0.0,0.0,0.0,0.0,1.0,2.0,1.0,1.3333333333333333,0.4444444444444444,1.0,9.7075,10.32,0.6125000000000007,9.911666666666667,0.27222222222222275,9.7075,0.0,1.97,1.97,1.3133333333333332,0.8755555555555556,1.97,0.0,0.5953947,0.5953947,0.19846490000000003,0.26461986666666665,0.0,15.0,225.0,210.0,85.0,93.33333333333333,15.0
mp-559931,VF3,V,Trigonal,R-3c,3.9999999,0.4999999875,8,True,9.0,23.0,14.0,12.5,5.25,9.0,46.0,93.0,47.0,81.25,17.625,93.0,18.9984032,50.9415,31.9430968,26.9841774,11.9786613,18.9984032,53.5,2183.0,2129.5,585.875,798.5625,53.5,5.0,17.0,12.0,14.0,4.5,17.0,2.0,4.0,2.0,2.5,0.75,2.0,57.0,153.0,96.0,81.0,36.0,57.0,1.63,3.98,2.35,3.3925,0.88125,3.98,2.0,2.0,0.0,2.0,0.0,2.0,0.0,5.0,5.0,3.75,1.875,5.0,0.0,3.0,3.0,0.75,1.125,0.0,0.0,0.0,0.0,0.0,0.0,0.0,5.0,7.0,2.0,6.5,0.75,7.0,0.0,0.0,0.0,0.0,0.0,0.0,0.0,1.0,1.0,0.75,0.375,1.0,0.0,7.0,7.0,1.75,2.625,0.0,0.0,0.0,0.0,0.0,0.0,0.0,1.0,7.0,6.0,2.5,2.25,1.0,9.7075,13.01,3.3025,10.533125,1.2384375000000003,9.7075,0.0,1.97,1.97,1.4775,0.73875,1.97,0.0,0.0,0.0,0.0,0.0,0.0,15.0,229.0,214.0,68.5,80.25,15.0
mp-560338,CrF3,Cr,Trigonal,R-3c,5.9999997,0.7499999625,8,True,9.0,24.0,15.0,12.75,5.625,9.0,49.0,93.0,44.0,82.0,16.5,93.0,18.9984032,51.9961,32.9976968,27.2478274,12.3741363,18.9984032,53.5,2180.0,2126.5,585.125,797.4375,53.5,6.0,17.0,11.0,14.25,4.125,17.0,2.0,4.0,2.0,2.5,0.75,2.0,57.0,139.0,82.0,77.5,30.75,57.0,1.66,3.98,2.3200000000000003,3.4,0.8700000000000001,3.98,1.0,2.0,1.0,1.75,0.375,2.0,0.0,5.0,5.0,3.75,1.875,5.0,0.0,5.0,5.0,1.25,1.875,0.0,0.0,0.0,0.0,0.0,0.0,0.0,6.0,7.0,1.0,6.75,0.375,7.0,0.0,1.0,1.0,0.25,0.375,0.0,0.0,1.0,1.0,0.75,0.375,1.0,0.0,5.0,5.0,1.25,1.875,0.0,0.0,0.0,0.0,0.0,0.0,0.0,1.0,6.0,5.0,2.25,1.875,1.0,9.7075,11.19,1.4825,10.078125,0.5559375000000002,9.7075,0.0,1.97,1.97,1.4775,0.73875,1.97,0.0,0.0,0.0,0.0,0.0,0.0,15.0,229.0,214.0,68.5,80.25,15.0
mp-560553,IrF6,Ir,Orthorhombic,Pnma,12.0000001,0.4285714321428571,28,True,9.0,77.0,68.0,18.714285714285715,16.653061224489797,9.0,60.0,93.0,33.0,88.28571428571429,8.08163265306122,93.0,18.9984032,192.217,173.2185968,43.74391702857143,42.4208808489796,18.9984032,53.5,2739.0,2685.5,437.14285714285717,657.6734693877552,53.5,9.0,17.0,8.0,15.857142857142858,1.9591836734693875,17.0,2.0,6.0,4.0,2.5714285714285716,0.979591836734694,2.0,57.0,141.0,84.0,69.0,20.571428571428573,57.0,2.2,3.98,1.7799999999999998,3.7257142857142855,0.43591836734693884,3.98,2.0,2.0,0.0,2.0,0.0,2.0,0.0,5.0,5.0,4.285714285714286,1.2244897959183676,5.0,0.0,7.0,7.0,1.0,1.7142857142857142,0.0,0.0,14.0,14.0,2.0,3.4285714285714284,0.0,7.0,23.0,16.0,9.285714285714286,3.918367346938776,7.0,0.0,0.0,0.0,0.0,0.0,0.0,0.0,1.0,1.0,0.8571428571428571,0.2448979591836735,1.0,0.0,3.0,3.0,0.42857142857142855,0.7346938775510203,0.0,0.0,0.0,0.0,0.0,0.0,0.0,1.0,3.0,2.0,1.2857142857142858,0.489795918367347,1.0,9.7075,14.21,4.502500000000001,10.350714285714286,1.1026530612244905,9.7075,0.0,1.97,1.97,1.6885714285714286,0.4824489795918367,1.97,0.0,0.0,0.0,0.0,0.0,0.0,15.0,225.0,210.0,45.0,51.42857142857143,15.0
mp-560902,MnF2,Mn,Tetragonal,P4_2/mnm,10.0000009,1.6666668166666667,6,False,9.0,25.0,16.0,14.333333333333334,7.111111111111112,9.0,52.0,93.0,41.0,79.33333333333333,18.222222222222225,93.0,18.9984032,54.938045,35.939641800000004,30.9782838,15.973174133333336,18.9984032,53.5,1519.0,1465.5,542.0,651.3333333333334,53.5,7.0,17.0,10.0,13.666666666666666,4.444444444444445,17.0,2.0,4.0,2.0,2.6666666666666665,0.8888888888888888,2.0,57.0,139.0,82.0,84.33333333333333,36.44444444444444,57.0,1.55,3.98,2.4299999999999997,3.17,1.08,3.98,2.0,2.0,0.0,2.0,0.0,2.0,0.0,5.0,5.0,3.3333333333333335,2.222222222222222,5.0,0.0,5.0,5.0,1.6666666666666667,2.222222222222222,0.0,0.0,0.0,0.0,0.0,0.0,0.0,7.0,7.0,0.0,7.0,0.0,7.0,0.0,0.0,0.0,0.0,0.0,0.0,0.0,1.0,1.0,0.6666666666666666,0.4444444444444445,1.0,0.0,5.0,5.0,1.6666666666666667,2.222222222222222,0.0,0.0,0.0,0.0,0.0,0.0,0.0,1.0,5.0,4.0,2.3333333333333335,1.777777777777778,1.0,9.7075,10.4875862069,0.7800862069000001,9.967528735633332,0.34670498084444407,9.7075,0.0,1.97,1.97,1.3133333333333332,0.8755555555555556,1.97,0.0,0.000310120689655,0.000310120689655,0.00010337356321833333,0.00013783141762444443,0.0,15.0,217.0,202.0,82.33333333333333,89.77777777777779,15.0
mp-561197,TaF5,Ta,Monoclinic,C2/m,0.0,0.0,24,True,9.0,73.0,64.0,19.666666666666668,17.77777777777778,9.0,48.0,93.0,45.0,85.5,12.5,93.0,18.9984032,180.94788,161.9494768,45.98998266666666,44.98596577777778,18.9984032,53.5,3290.0,3236.5,592.9166666666666,899.0277777777777,53.5,5.0,17.0,12.0,15.0,3.3333333333333335,17.0,2.0,6.0,4.0,2.6666666666666665,1.111111111111111,2.0,57.0,170.0,113.0,75.83333333333333,31.388888888888886,57.0,1.5,3.98,2.48,3.5666666666666664,0.6888888888888891,3.98,2.0,2.0,0.0,2.0,0.0,2.0,0.0,5.0,5.0,4.166666666666667,1.3888888888888886,5.0,0.0,3.0,3.0,0.5,0.8333333333333334,0.0,0.0,14.0,14.0,2.3333333333333335,3.8888888888888893,0.0,7.0,19.0,12.0,9.0,3.3333333333333335,7.0,0.0,0.0,0.0,0.0,0.0,0.0,0.0,1.0,1.0,0.8333333333333334,0.27777777777777773,1.0,0.0,7.0,7.0,1.1666666666666667,1.9444444444444446,0.0,0.0,0.0,0.0,0.0,0.0,0.0,1.0,7.0,6.0,2.0,1.6666666666666667,1.0,9.7075,18.12,8.412500000000001,11.109583333333333,2.336805555555556,9.7075,0.0,1.97,1.97,1.6416666666666666,0.5472222222222222,1.97,0.0,0.0,0.0,0.0,0.0,0.0,15.0,229.0,214.0,50.666666666666664,59.444444444444436,15.0
mp-561384,ZrF4,Zr,Tetragonal,P4_2/m,0.0,0.0,40,False,9.0,40.0,31.0,15.2,9.919999999999998,9.0,44.0,93.0,49.0,83.2,15.679999999999998,93.0,18.9984032,91.224,72.2255968,33.44352256,23.112190976,18.9984032,53.5,2128.0,2074.5,468.4,663.8399999999999,53.5,4.0,17.0,13.0,14.4,4.159999999999999,17.0,2.0,5.0,3.0,2.6,0.9600000000000002,2.0,57.0,175.0,118.0,80.6,37.76,57.0,1.33,3.98,2.65,3.45,0.8479999999999999,3.98,2.0,2.0,0.0,2.0,0.0,2.0,0.0,5.0,5.0,4.0,1.6,5.0,0.0,2.0,2.0,0.4,0.64,0.0,0.0,0.0,0.0,0.0,0.0,0.0,4.0,7.0,3.0,6.4,0.9599999999999997,7.0,0.0,0.0,0.0,0.0,0.0,0.0,0.0,1.0,1.0,0.8,0.31999999999999995,1.0,0.0,8.0,8.0,1.6,2.56,0.0,0.0,0.0,0.0,0.0,0.0,0.0,1.0,8.0,7.0,2.4,2.2399999999999998,1.0,9.7075,23.195,13.4875,12.405,4.316,9.7075,0.0,1.97,1.97,1.576,0.6304,1.97,0.0,0.0,0.0,0.0,0.0,0.0,15.0,194.0,179.0,50.8,57.279999999999994,15.0
mp-561428,NiF3,Ni,Trigonal,R-3c,2.0001366,0.250017075,8,False,9.0,28.0,19.0,13.75,7.125,9.0,61.0,93.0,32.0,85.0,12.0,93.0,18.9984032,58.6934,39.6949968,28.922152399999998,14.8856238,18.9984032,53.5,1728.0,1674.5,472.125,627.9375,53.5,10.0,17.0,7.0,15.25,2.625,17.0,2.0,4.0,2.0,2.5,0.75,2.0,57.0,124.0,67.0,73.75,25.125,57.0,1.91,3.98,2.0700000000000003,3.4625,0.7762500000000001,3.98,2.0,2.0,0.0,2.0,0.0,2.0,0.0,5.0,5.0,3.75,1.875,5.0,0.0,8.0,8.0,2.0,3.0,0.0,0.0,0.0,0.0,0.0,0.0,0.0,7.0,10.0,3.0,7.75,1.125,7.0,0.0,0.0,0.0,0.0,0.0,0.0,0.0,1.0,1.0,0.75,0.375,1.0,0.0,2.0,2.0,0.5,0.75,0.0,0.0,0.0,0.0,0.0,0.0,0.0,1.0,2.0,1.0,1.25,0.375,1.0,9.7075,10.32,0.6125000000000007,9.860624999999999,0.22968749999999982,9.7075,0.0,1.97,1.97,1.4775,0.73875,1.97,0.0,0.5953947,0.5953947,0.148848675,0.22327301250000003,0.0,15.0,225.0,210.0,67.5,78.75,15.0
mp-562412,Ag3F8,Ag,Monoclinic,P2_1/c,2.0,0.0909090909090909,22,False,9.0,47.0,38.0,19.363636363636363,15.074380165289256,9.0,65.0,93.0,28.0,85.36363636363636,11.107438016528928,93.0,18.9984032,107.8682,88.8697968,43.23562050909091,35.25413426776859,18.9984032,53.5,1234.93,1181.43,375.7081818181818,468.6664462809918,53.5,11.0,17.0,6.0,15.363636363636363,2.3801652892561984,17.0,2.0,5.0,3.0,2.8181818181818183,1.1900826446280992,2.0,57.0,145.0,88.0,81.0,34.90909090909091,57.0,1.93,3.98,2.05,3.4209090909090913,0.8132231404958676,3.98,1.0,2.0,1.0,1.7272727272727273,0.396694214876033,2.0,0.0,5.0,5.0,3.6363636363636362,1.9834710743801656,5.0,0.0,10.0,10.0,2.727272727272727,3.966942148760331,0.0,0.0,0.0,0.0,0.0,0.0,0.0,7.0,11.0,4.0,8.090909090909092,1.5867768595041327,7.0,0.0,1.0,1.0,0.2727272727272727,0.396694214876033,0.0,0.0,1.0,1.0,0.7272727272727273,0.396694214876033,1.0,0.0,0.0,0.0,0.0,0.0,0.0,0.0,0.0,0.0,0.0,0.0,0.0,1.0,1.0,0.0,1.0,0.0,1.0,9.7075,16.33,6.622499999999999,11.513636363636364,2.627107438016529,9.7075,0.0,1.97,1.97,1.4327272727272726,0.7814876033057853,1.97,0.0,0.0,0.0,0.0,0.0,0.0,15.0,225.0,210.0,72.27272727272727,83.30578512396694,15.0
mp-562468,TiF3,Ti,Trigonal,R-3c,2.0000001,0.2500000125,8,False,9.0,22.0,13.0,12.25,4.875,9.0,43.0,93.0,50.0,80.5,18.75,93.0,18.9984032,47.867,28.8685968,26.2155524,10.8257238,18.9984032,53.5,1941.0,1887.5,525.375,707.8125,53.5,4.0,17.0,13.0,13.75,4.875,17.0,2.0,4.0,2.0,2.5,0.75,2.0,57.0,160.0,103.0,82.75,38.625,57.0,1.54,3.98,2.44,3.37,0.9149999999999999,3.98,2.0,2.0,0.0,2.0,0.0,2.0,0.0,5.0,5.0,3.75,1.875,5.0,0.0,2.0,2.0,0.5,0.75,0.0,0.0,0.0,0.0,0.0,0.0,0.0,4.0,7.0,3.0,6.25,1.125,7.0,0.0,0.0,0.0,0.0,0.0,0.0,0.0,1.0,1.0,0.75,0.375,1.0,0.0,8.0,8.0,2.0,3.0,0.0,0.0,0.0,0.0,0.0,0.0,0.0,1.0,8.0,7.0,2.75,2.625,1.0,9.7075,16.69,6.982500000000002,11.453125,2.6184375000000006,9.7075,0.0,1.97,1.97,1.4775,0.73875,1.97,0.0,2.25333333333e-05,2.25333333333e-05,5.633333333325e-06,8.4499999999875e-06,0.0,15.0,194.0,179.0,59.75,67.125,15.0
mp-567259,CdI2,Cd,Trigonal,P-3m1,0.0,0.0,3,False,48.0,53.0,5.0,51.333333333333336,2.2222222222222214,53.0,70.0,96.0,26.0,87.33333333333333,11.555555555555557,96.0,112.411,126.90447,14.493470000000002,122.07331333333333,6.441542222222225,126.90447,386.85,594.22,207.37,455.97333333333336,92.16444444444444,386.85,12.0,17.0,5.0,15.333333333333334,2.222222222222222,17.0,5.0,5.0,0.0,5.0,0.0,5.0,139.0,144.0,5.0,140.66666666666666,2.222222222222219,139.0,1.69,2.66,0.9700000000000002,2.3366666666666664,0.4311111111111113,2.66,2.0,2.0,0.0,2.0,0.0,2.0,0.0,5.0,5.0,3.3333333333333335,2.222222222222222,5.0,10.0,10.0,0.0,10.0,0.0,10.0,0.0,0.0,0.0,0.0,0.0,0.0,12.0,17.0,5.0,15.333333333333334,2.222222222222222,17.0,0.0,0.0,0.0,0.0,0.0,0.0,0.0,1.0,1.0,0.6666666666666666,0.4444444444444445,1.0,0.0,0.0,0.0,0.0,0.0,0.0,0.0,0.0,0.0,0.0,0.0,0.0,0.0,1.0,1.0,0.6666666666666666,0.4444444444444445,1.0,19.495,43.015,23.52,35.175000000000004,10.453333333333331,43.015,0.0,1.062,1.062,0.7080000000000001,0.472,1.062,0.0,0.0,0.0,0.0,0.0,0.0,64.0,194.0,130.0,107.33333333333333,57.77777777777777,64.0
mp-567273,HfI4,Hf,Cubic,Pa-3,0.0,0.0,40,False,53.0,72.0,19.0,56.8,6.079999999999998,53.0,45.0,96.0,51.0,85.8,16.32,96.0,126.90447,178.49,51.585530000000006,137.221576,16.507369599999997,126.90447,386.85,2506.0,2119.15,810.6800000000001,678.128,386.85,4.0,17.0,13.0,14.4,4.159999999999999,17.0,5.0,6.0,1.0,5.2,0.3200000000000001,5.0,139.0,175.0,36.0,146.2,11.519999999999992,139.0,1.3,2.66,1.36,2.3880000000000003,0.43519999999999986,2.66,2.0,2.0,0.0,2.0,0.0,2.0,0.0,5.0,5.0,4.0,1.6,5.0,2.0,10.0,8.0,8.4,2.5599999999999996,10.0,0.0,14.0,14.0,2.8,4.4799999999999995,0.0,17.0,18.0,1.0,17.2,0.31999999999999956,17.0,0.0,0.0,0.0,0.0,0.0,0.0,0.0,1.0,1.0,0.8,0.31999999999999995,1.0,0.0,8.0,8.0,1.6,2.56,0.0,0.0,0.0,0.0,0.0,0.0,0.0,1.0,8.0,7.0,2.4,2.2399999999999998,1.0,22.2,43.015,20.815,38.852,6.660800000000004,43.015,0.0,1.062,1.062,0.8496,0.33984000000000003,1.062,0.0,0.0,0.0,0.0,0.0,0.0,64.0,194.0,130.0,90.0,41.6,64.0
mp-567279,ZnCl2,Zn,Tetragonal,P4_2/nmc,0.0,0.0,6,False,17.0,30.0,13.0,21.333333333333332,5.777777777777778,17.0,69.0,94.0,25.0,85.66666666666667,11.111111111111109,94.0,35.453,65.38,29.926999999999992,45.428666666666665,13.300888888888885,35.453,171.6,692.68,521.0799999999999,345.2933333333333,231.5911111111111,171.6,12.0,17.0,5.0,15.333333333333334,2.222222222222222,17.0,3.0,4.0,1.0,3.3333333333333335,0.4444444444444445,3.0,102.0,122.0,20.0,108.66666666666667,8.888888888888891,102.0,1.65,3.16,1.5100000000000002,2.6566666666666667,0.6711111111111112,3.16,2.0,2.0,0.0,2.0,0.0,2.0,0.0,5.0,5.0,3.3333333333333335,2.222222222222222,5.0,0.0,10.0,10.0,3.3333333333333335,4.444444444444444,0.0,0.0,0.0,0.0,0.0,0.0,0.0,7.0,12.0,5.0,8.666666666666666,2.222222222222222,7.0,0.0,0.0,0.0,0.0,0.0,0.0,0.0,1.0,1.0,0.6666666666666666,0.4444444444444445,1.0,0.0,0.0,0.0,0.0,0.0,0.0,0.0,0.0,0.0,0.0,0.0,0.0,0.0,1.0,1.0,0.6666666666666666,0.4444444444444445,1.0,13.96,24.4975,10.537499999999998,20.985,4.683333333333333,24.4975,0.0,2.493,2.493,1.662,1.1079999999999999,2.493,0.0,0.0,0.0,0.0,0.0,0.0,64.0,194.0,130.0,107.33333333333333,57.77777777777777,64.0
mp-567296,CdI2,Cd,Trigonal,P-3m1,0.0,0.0,9,False,48.0,53.0,5.0,51.333333333333336,2.2222222222222214,53.0,70.0,96.0,26.0,87.33333333333333,11.555555555555557,96.0,112.411,126.90447,14.493470000000002,122.07331333333333,6.441542222222225,126.90447,386.85,594.22,207.37,455.97333333333336,92.16444444444444,386.85,12.0,17.0,5.0,15.333333333333334,2.222222222222222,17.0,5.0,5.0,0.0,5.0,0.0,5.0,139.0,144.0,5.0,140.66666666666666,2.222222222222219,139.0,1.69,2.66,0.9700000000000002,2.3366666666666664,0.4311111111111113,2.66,2.0,2.0,0.0,2.0,0.0,2.0,0.0,5.0,5.0,3.3333333333333335,2.222222222222222,5.0,10.0,10.0,0.0,10.0,0.0,10.0,0.0,0.0,0.0,0.0,0.0,0.0,12.0,17.0,5.0,15.333333333333334,2.222222222222222,17.0,0.0,0.0,0.0,0.0,0.0,0.0,0.0,1.0,1.0,0.6666666666666666,0.4444444444444445,1.0,0.0,0.0,0.0,0.0,0.0,0.0,0.0,0.0,0.0,0.0,0.0,0.0,0.0,1.0,1.0,0.6666666666666666,0.4444444444444445,1.0,19.495,43.015,23.52,35.175000000000004,10.453333333333331,43.015,0.0,1.062,1.062,0.7080000000000001,0.472,1.062,0.0,0.0,0.0,0.0,0.0,0.0,64.0,194.0,130.0,107.33333333333333,57.77777777777777,64.0
mp-567330,TiCl3,Ti,Trigonal,P-31c,4.0299475,0.25187171875,16,False,17.0,22.0,5.0,18.25,1.875,17.0,43.0,94.0,51.0,81.25,19.125,94.0,35.453,47.867,12.413999999999994,38.5565,4.655249999999997,35.453,171.6,1941.0,1769.4,613.95,663.5250000000001,171.6,4.0,17.0,13.0,13.75,4.875,17.0,3.0,4.0,1.0,3.25,0.375,3.0,102.0,160.0,58.0,116.5,21.75,102.0,1.54,3.16,1.62,2.755,0.6075000000000002,3.16,2.0,2.0,0.0,2.0,0.0,2.0,0.0,5.0,5.0,3.75,1.875,5.0,0.0,2.0,2.0,0.5,0.75,0.0,0.0,0.0,0.0,0.0,0.0,0.0,4.0,7.0,3.0,6.25,1.125,7.0,0.0,0.0,0.0,0.0,0.0,0.0,0.0,1.0,1.0,0.75,0.375,1.0,0.0,8.0,8.0,2.0,3.0,0.0,0.0,0.0,0.0,0.0,0.0,0.0,1.0,8.0,7.0,2.75,2.625,1.0,16.69,24.4975,7.807499999999997,22.545624999999998,2.9278125,24.4975,0.0,2.493,2.493,1.8697499999999998,0.934875,2.493,0.0,2.25333333333e-05,2.25333333333e-05,5.633333333325e-06,8.4499999999875e-06,0.0,64.0,194.0,130.0,96.5,48.75,64.0
mp-567336,CdI2,Cd,Trigonal,P-3m1,0.0,0.0,12,False,48.0,53.0,5.0,51.333333333333336,2.2222222222222214,53.0,70.0,96.0,26.0,87.33333333333333,11.555555555555557,96.0,112.411,126.90447,14.493470000000002,122.07331333333333,6.441542222222225,126.90447,386.85,594.22,207.37,455.97333333333336,92.16444444444444,386.85,12.0,17.0,5.0,15.333333333333334,2.222222222222222,17.0,5.0,5.0,0.0,5.0,0.0,5.0,139.0,144.0,5.0,140.66666666666666,2.222222222222219,139.0,1.69,2.66,0.9700000000000002,2.3366666666666664,0.4311111111111113,2.66,2.0,2.0,0.0,2.0,0.0,2.0,0.0,5.0,5.0,3.3333333333333335,2.222222222222222,5.0,10.0,10.0,0.0,10.0,0.0,10.0,0.0,0.0,0.0,0.0,0.0,0.0,12.0,17.0,5.0,15.333333333333334,2.222222222222222,17.0,0.0,0.0,0.0,0.0,0.0,0.0,0.0,1.0,1.0,0.6666666666666666,0.4444444444444445,1.0,0.0,0.0,0.0,0.0,0.0,0.0,0.0,0.0,0.0,0.0,0.0,0.0,0.0,1.0,1.0,0.6666666666666666,0.4444444444444445,1.0,19.495,43.015,23.52,35.175000000000004,10.453333333333331,43.015,0.0,1.062,1.062,0.7080000000000001,0.472,1.062,0.0,0.0,0.0,0.0,0.0,0.0,64.0,194.0,130.0,107.33333333333333,57.77777777777777,64.0
mp-567354,TiCl3,Ti,Trigonal,P-31m,1.9999436,0.24999295,8,False,17.0,22.0,5.0,18.25,1.875,17.0,43.0,94.0,51.0,81.25,19.125,94.0,35.453,47.867,12.413999999999994,38.5565,4.655249999999997,35.453,171.6,1941.0,1769.4,613.95,663.5250000000001,171.6,4.0,17.0,13.0,13.75,4.875,17.0,3.0,4.0,1.0,3.25,0.375,3.0,102.0,160.0,58.0,116.5,21.75,102.0,1.54,3.16,1.62,2.755,0.6075000000000002,3.16,2.0,2.0,0.0,2.0,0.0,2.0,0.0,5.0,5.0,3.75,1.875,5.0,0.0,2.0,2.0,0.5,0.75,0.0,0.0,0.0,0.0,0.0,0.0,0.0,4.0,7.0,3.0,6.25,1.125,7.0,0.0,0.0,0.0,0.0,0.0,0.0,0.0,1.0,1.0,0.75,0.375,1.0,0.0,8.0,8.0,2.0,3.0,0.0,0.0,0.0,0.0,0.0,0.0,0.0,1.0,8.0,7.0,2.75,2.625,1.0,16.69,24.4975,7.807499999999997,22.545624999999998,2.9278125,24.4975,0.0,2.493,2.493,1.8697499999999998,0.934875,2.493,0.0,2.25333333333e-05,2.25333333333e-05,5.633333333325e-06,8.4499999999875e-06,0.0,64.0,194.0,130.0,96.5,48.75,64.0
mp-567359,CdI2,Cd,Trigonal,P-3m1,0.0,0.0,15,False,48.0,53.0,5.0,51.333333333333336,2.2222222222222214,53.0,70.0,96.0,26.0,87.33333333333333,11.555555555555557,96.0,112.411,126.90447,14.493470000000002,122.07331333333333,6.441542222222225,126.90447,386.85,594.22,207.37,455.97333333333336,92.16444444444444,386.85,12.0,17.0,5.0,15.333333333333334,2.222222222222222,17.0,5.0,5.0,0.0,5.0,0.0,5.0,139.0,144.0,5.0,140.66666666666666,2.222222222222219,139.0,1.69,2.66,0.9700000000000002,2.3366666666666664,0.4311111111111113,2.66,2.0,2.0,0.0,2.0,0.0,2.0,0.0,5.0,5.0,3.3333333333333335,2.222222222222222,5.0,10.0,10.0,0.0,10.0,0.0,10.0,0.0,0.0,0.0,0.0,0.0,0.0,12.0,17.0,5.0,15.333333333333334,2.222222222222222,17.0,0.0,0.0,0.0,0.0,0.0,0.0,0.0,1.0,1.0,0.6666666666666666,0.4444444444444445,1.0,0.0,0.0,0.0,0.0,0.0,0.0,0.0,0.0,0.0,0.0,0.0,0.0,0.0,1.0,1.0,0.6666666666666666,0.4444444444444445,1.0,19.495,43.015,23.52,35.175000000000004,10.453333333333331,43.015,0.0,1.062,1.062,0.7080000000000001,0.472,1.062,0.0,0.0,0.0,0.0,0.0,0.0,64.0,194.0,130.0,107.33333333333333,57.77777777777777,64.0
mp-567402,CdI2,Cd,Trigonal,P-3m1,0.0,0.0,18,False,48.0,53.0,5.0,51.333333333333336,2.2222222222222214,53.0,70.0,96.0,26.0,87.33333333333333,11.555555555555557,96.0,112.411,126.90447,14.493470000000002,122.07331333333333,6.441542222222225,126.90447,386.85,594.22,207.37,455.97333333333336,92.16444444444444,386.85,12.0,17.0,5.0,15.333333333333334,2.222222222222222,17.0,5.0,5.0,0.0,5.0,0.0,5.0,139.0,144.0,5.0,140.66666666666666,2.222222222222219,139.0,1.69,2.66,0.9700000000000002,2.3366666666666664,0.4311111111111113,2.66,2.0,2.0,0.0,2.0,0.0,2.0,0.0,5.0,5.0,3.3333333333333335,2.222222222222222,5.0,10.0,10.0,0.0,10.0,0.0,10.0,0.0,0.0,0.0,0.0,0.0,0.0,12.0,17.0,5.0,15.333333333333334,2.222222222222222,17.0,0.0,0.0,0.0,0.0,0.0,0.0,0.0,1.0,1.0,0.6666666666666666,0.4444444444444445,1.0,0.0,0.0,0.0,0.0,0.0,0.0,0.0,0.0,0.0,0.0,0.0,0.0,0.0,1.0,1.0,0.6666666666666666,0.4444444444444445,1.0,19.495,43.015,23.52,35.175000000000004,10.453333333333331,43.015,0.0,1.062,1.062,0.7080000000000001,0.472,1.062,0.0,0.0,0.0,0.0,0.0,0.0,64.0,194.0,130.0,107.33333333333333,57.77777777777777,64.0
mp-567442,CdI2,Cd,Trigonal,P-3m1,0.0,0.0,18,False,48.0,53.0,5.0,51.333333333333336,2.2222222222222214,53.0,70.0,96.0,26.0,87.33333333333333,11.555555555555557,96.0,112.411,126.90447,14.493470000000002,122.07331333333333,6.441542222222225,126.90447,386.85,594.22,207.37,455.97333333333336,92.16444444444444,386.85,12.0,17.0,5.0,15.333333333333334,2.222222222222222,17.0,5.0,5.0,0.0,5.0,0.0,5.0,139.0,144.0,5.0,140.66666666666666,2.222222222222219,139.0,1.69,2.66,0.9700000000000002,2.3366666666666664,0.4311111111111113,2.66,2.0,2.0,0.0,2.0,0.0,2.0,0.0,5.0,5.0,3.3333333333333335,2.222222222222222,5.0,10.0,10.0,0.0,10.0,0.0,10.0,0.0,0.0,0.0,0.0,0.0,0.0,12.0,17.0,5.0,15.333333333333334,2.222222222222222,17.0,0.0,0.0,0.0,0.0,0.0,0.0,0.0,1.0,1.0,0.6666666666666666,0.4444444444444445,1.0,0.0,0.0,0.0,0.0,0.0,0.0,0.0,0.0,0.0,0.0,0.0,0.0,0.0,1.0,1.0,0.6666666666666666,0.4444444444444445,1.0,19.495,43.015,23.52,35.175000000000004,10.453333333333331,43.015,0.0,1.062,1.062,0.7080000000000001,0.472,1.062,0.0,0.0,0.0,0.0,0.0,0.0,64.0,194.0,130.0,107.33333333333333,57.77777777777777,64.0
mp-567471,HgI2,Hg,Tetragonal,I4_1/amd,0.0,0.0,24,False,53.0,80.0,27.0,62.0,12.0,53.0,71.0,96.0,25.0,87.66666666666667,11.111111111111109,96.0,126.90447,200.59,73.68553,151.46631333333335,32.74912444444445,126.90447,234.32,386.85,152.53000000000003,336.00666666666666,67.79111111111114,386.85,12.0,17.0,5.0,15.333333333333334,2.222222222222222,17.0,5.0,6.0,1.0,5.333333333333333,0.44444444444444436,5.0,132.0,139.0,7.0,136.66666666666666,3.1111111111111143,139.0,2.0,2.66,0.6600000000000001,2.44,0.29333333333333345,2.66,2.0,2.0,0.0,2.0,0.0,2.0,0.0,5.0,5.0,3.3333333333333335,2.222222222222222,5.0,10.0,10.0,0.0,10.0,0.0,10.0,0.0,14.0,14.0,4.666666666666667,6.222222222222221,0.0,17.0,26.0,9.0,20.0,4.0,17.0,0.0,0.0,0.0,0.0,0.0,0.0,0.0,1.0,1.0,0.6666666666666666,0.4444444444444445,1.0,0.0,0.0,0.0,0.0,0.0,0.0,0.0,0.0,0.0,0.0,0.0,0.0,0.0,1.0,1.0,0.6666666666666666,0.4444444444444445,1.0,25.2375862069,43.015,17.7774137931,37.0891954023,7.901072796933334,43.015,0.0,1.062,1.062,0.7080000000000001,0.472,1.062,0.0,0.0,0.0,0.0,0.0,0.0,64.0,166.0,102.0,98.0,45.333333333333336,64.0
mp-567483,CdI2,Cd,Trigonal,P-3m1,0.0,0.0,18,False,48.0,53.0,5.0,51.333333333333336,2.2222222222222214,53.0,70.0,96.0,26.0,87.33333333333333,11.555555555555557,96.0,112.411,126.90447,14.493470000000002,122.07331333333333,6.441542222222225,126.90447,386.85,594.22,207.37,455.97333333333336,92.16444444444444,386.85,12.0,17.0,5.0,15.333333333333334,2.222222222222222,17.0,5.0,5.0,0.0,5.0,0.0,5.0,139.0,144.0,5.0,140.66666666666666,2.222222222222219,139.0,1.69,2.66,0.9700000000000002,2.3366666666666664,0.4311111111111113,2.66,2.0,2.0,0.0,2.0,0.0,2.0,0.0,5.0,5.0,3.3333333333333335,2.222222222222222,5.0,10.0,10.0,0.0,10.0,0.0,10.0,0.0,0.0,0.0,0.0,0.0,0.0,12.0,17.0,5.0,15.333333333333334,2.222222222222222,17.0,0.0,0.0,0.0,0.0,0.0,0.0,0.0,1.0,1.0,0.6666666666666666,0.4444444444444445,1.0,0.0,0.0,0.0,0.0,0.0,0.0,0.0,0.0,0.0,0.0,0.0,0.0,0.0,1.0,1.0,0.6666666666666666,0.4444444444444445,1.0,19.495,43.015,23.52,35.175000000000004,10.453333333333331,43.015,0.0,1.062,1.062,0.7080000000000001,0.472,1.062,0.0,0.0,0.0,0.0,0.0,0.0,64.0,194.0,130.0,107.33333333333333,57.77777777777777,64.0
mp-567484,PtCl2,Pt,Orthorhombic,Pnnm,0.0,0.0,6,False,17.0,78.0,61.0,37.333333333333336,27.111111111111114,17.0,63.0,94.0,31.0,83.66666666666667,13.777777777777777,94.0,35.453,195.084,159.631,88.66333333333334,70.94711111111111,35.453,171.6,2041.4,1869.8000000000002,794.8666666666667,831.0222222222222,171.6,10.0,17.0,7.0,14.666666666666666,3.111111111111111,17.0,3.0,6.0,3.0,4.0,1.3333333333333333,3.0,102.0,136.0,34.0,113.33333333333333,15.111111111111109,102.0,2.28,3.16,0.8800000000000003,2.8666666666666667,0.39111111111111124,3.16,1.0,2.0,1.0,1.6666666666666667,0.4444444444444444,2.0,0.0,5.0,5.0,3.3333333333333335,2.222222222222222,5.0,0.0,9.0,9.0,3.0,4.0,0.0,0.0,14.0,14.0,4.666666666666667,6.222222222222221,0.0,7.0,24.0,17.0,12.666666666666666,7.5555555555555545,7.0,0.0,1.0,1.0,0.3333333333333333,0.4444444444444445,0.0,0.0,1.0,1.0,0.6666666666666666,0.4444444444444445,1.0,0.0,1.0,1.0,0.3333333333333333,0.4444444444444445,0.0,0.0,0.0,0.0,0.0,0.0,0.0,1.0,2.0,1.0,1.3333333333333333,0.4444444444444444,1.0,15.02,24.4975,9.4775,21.338333333333335,4.212222222222221,24.4975,0.0,2.493,2.493,1.662,1.1079999999999999,2.493,0.0,0.0,0.0,0.0,0.0,0.0,64.0,225.0,161.0,117.66666666666667,71.55555555555556,64.0
mp-567504,CrCl3,Cr,Trigonal,R-3,6.0,0.75,8,True,17.0,24.0,7.0,18.75,2.625,17.0,49.0,94.0,45.0,82.75,16.875,94.0,35.453,51.9961,16.543099999999995,39.588775,6.2036624999999965,35.453,171.6,2180.0,2008.4,673.7,753.1500000000001,171.6,6.0,17.0,11.0,14.25,4.125,17.0,3.0,4.0,1.0,3.25,0.375,3.0,102.0,139.0,37.0,111.25,13.875,102.0,1.66,3.16,1.5000000000000002,2.785,0.5625,3.16,1.0,2.0,1.0,1.75,0.375,2.0,0.0,5.0,5.0,3.75,1.875,5.0,0.0,5.0,5.0,1.25,1.875,0.0,0.0,0.0,0.0,0.0,0.0,0.0,6.0,7.0,1.0,6.75,0.375,7.0,0.0,1.0,1.0,0.25,0.375,0.0,0.0,1.0,1.0,0.75,0.375,1.0,0.0,5.0,5.0,1.25,1.875,0.0,0.0,0.0,0.0,0.0,0.0,0.0,1.0,6.0,5.0,2.25,1.875,1.0,11.19,24.4975,13.3075,21.170624999999998,4.9903125,24.4975,0.0,2.493,2.493,1.8697499999999998,0.934875,2.493,0.0,0.0,0.0,0.0,0.0,0.0,64.0,229.0,165.0,105.25,61.875,64.0
mp-567534,CdI2,Cd,Trigonal,P-3m1,0.0,0.0,24,False,48.0,53.0,5.0,51.333333333333336,2.2222222222222214,53.0,70.0,96.0,26.0,87.33333333333333,11.555555555555557,96.0,112.411,126.90447,14.493470000000002,122.07331333333333,6.441542222222225,126.90447,386.85,594.22,207.37,455.97333333333336,92.16444444444444,386.85,12.0,17.0,5.0,15.333333333333334,2.222222222222222,17.0,5.0,5.0,0.0,5.0,0.0,5.0,139.0,144.0,5.0,140.66666666666666,2.222222222222219,139.0,1.69,2.66,0.9700000000000002,2.3366666666666664,0.4311111111111113,2.66,2.0,2.0,0.0,2.0,0.0,2.0,0.0,5.0,5.0,3.3333333333333335,2.222222222222222,5.0,10.0,10.0,0.0,10.0,0.0,10.0,0.0,0.0,0.0,0.0,0.0,0.0,12.0,17.0,5.0,15.333333333333334,2.222222222222222,17.0,0.0,0.0,0.0,0.0,0.0,0.0,0.0,1.0,1.0,0.6666666666666666,0.4444444444444445,1.0,0.0,0.0,0.0,0.0,0.0,0.0,0.0,0.0,0.0,0.0,0.0,0.0,0.0,1.0,1.0,0.6666666666666666,0.4444444444444445,1.0,19.495,43.015,23.52,35.175000000000004,10.453333333333331,43.015,0.0,1.062,1.062,0.7080000000000001,0.472,1.062,0.0,0.0,0.0,0.0,0.0,0.0,64.0,194.0,130.0,107.33333333333333,57.77777777777777,64.0
mp-567537,TaI4,Ta,Triclinic,P-1,0.0,0.0,20,False,53.0,73.0,20.0,57.0,6.4,53.0,48.0,96.0,48.0,86.4,15.359999999999996,96.0,126.90447,180.94788,54.043409999999994,137.71315199999998,17.293891199999983,126.90447,386.85,3290.0,2903.15,967.4799999999999,929.0079999999998,386.85,5.0,17.0,12.0,14.6,3.8400000000000007,17.0,5.0,6.0,1.0,5.2,0.3200000000000001,5.0,139.0,170.0,31.0,145.2,9.919999999999993,139.0,1.5,2.66,1.1600000000000001,2.428,0.37120000000000014,2.66,2.0,2.0,0.0,2.0,0.0,2.0,0.0,5.0,5.0,4.0,1.6,5.0,3.0,10.0,7.0,8.6,2.24,10.0,0.0,14.0,14.0,2.8,4.4799999999999995,0.0,17.0,19.0,2.0,17.4,0.6399999999999991,17.0,0.0,0.0,0.0,0.0,0.0,0.0,0.0,1.0,1.0,0.8,0.31999999999999995,1.0,0.0,7.0,7.0,1.4,2.2399999999999998,0.0,0.0,0.0,0.0,0.0,0.0,0.0,1.0,7.0,6.0,2.2,1.9200000000000004,1.0,18.12,43.015,24.895,38.036,7.966399999999998,43.015,0.0,1.062,1.062,0.8496,0.33984000000000003,1.062,0.0,0.0,0.0,0.0,0.0,0.0,64.0,229.0,165.0,97.0,52.8,64.0
mp-567567,CdI2,Cd,Trigonal,P-3m1,0.0,0.0,27,False,48.0,53.0,5.0,51.333333333333336,2.2222222222222214,53.0,70.0,96.0,26.0,87.33333333333333,11.555555555555557,96.0,112.411,126.90447,14.493470000000002,122.07331333333333,6.441542222222225,126.90447,386.85,594.22,207.37,455.97333333333336,92.16444444444444,386.85,12.0,17.0,5.0,15.333333333333334,2.222222222222222,17.0,5.0,5.0,0.0,5.0,0.0,5.0,139.0,144.0,5.0,140.66666666666666,2.222222222222219,139.0,1.69,2.66,0.9700000000000002,2.3366666666666664,0.4311111111111113,2.66,2.0,2.0,0.0,2.0,0.0,2.0,0.0,5.0,5.0,3.3333333333333335,2.222222222222222,5.0,10.0,10.0,0.0,10.0,0.0,10.0,0.0,0.0,0.0,0.0,0.0,0.0,12.0,17.0,5.0,15.333333333333334,2.222222222222222,17.0,0.0,0.0,0.0,0.0,0.0,0.0,0.0,1.0,1.0,0.6666666666666666,0.4444444444444445,1.0,0.0,0.0,0.0,0.0,0.0,0.0,0.0,0.0,0.0,0.0,0.0,0.0,0.0,1.0,1.0,0.6666666666666666,0.4444444444444445,1.0,19.495,43.015,23.52,35.175000000000004,10.453333333333331,43.015,0.0,1.062,1.062,0.7080000000000001,0.472,1.062,0.0,0.0,0.0,0.0,0.0,0.0,64.0,194.0,130.0,107.33333333333333,57.77777777777777,64.0
mp-567624,CrBr2,Cr,Monoclinic,C2/m,3.9994112,1.3331370666666666,3,False,24.0,35.0,11.0,31.333333333333332,4.888888888888889,35.0,49.0,95.0,46.0,79.66666666666667,20.444444444444443,95.0,51.9961,79.904,27.907899999999998,70.60136666666666,12.40351111111111,79.904,265.8,2180.0,1914.2,903.8666666666667,850.7555555555555,265.8,6.0,17.0,11.0,13.333333333333334,4.888888888888888,17.0,4.0,4.0,0.0,4.0,0.0,4.0,120.0,139.0,19.0,126.33333333333333,8.444444444444443,120.0,1.66,2.96,1.3,2.526666666666667,0.5777777777777777,2.96,1.0,2.0,1.0,1.6666666666666667,0.4444444444444444,2.0,0.0,5.0,5.0,3.3333333333333335,2.222222222222222,5.0,5.0,10.0,5.0,8.333333333333334,2.222222222222222,10.0,0.0,0.0,0.0,0.0,0.0,0.0,6.0,17.0,11.0,13.333333333333334,4.888888888888888,17.0,0.0,1.0,1.0,0.3333333333333333,0.4444444444444445,0.0,0.0,1.0,1.0,0.6666666666666666,0.4444444444444445,1.0,0.0,5.0,5.0,1.6666666666666667,2.222222222222222,0.0,0.0,0.0,0.0,0.0,0.0,0.0,1.0,6.0,5.0,2.6666666666666665,2.222222222222222,1.0,11.19,29.48,18.29,23.383333333333336,8.128888888888888,29.48,0.0,1.457,1.457,0.9713333333333334,0.6475555555555556,1.457,0.0,0.0,0.0,0.0,0.0,0.0,64.0,229.0,165.0,119.0,73.33333333333333,64.0
mp-567687,CrI2,Cr,Orthorhombic,Cmc2_1,7.9998315,1.33330525,6,False,24.0,53.0,29.0,43.333333333333336,12.888888888888888,53.0,49.0,96.0,47.0,80.33333333333333,20.88888888888889,96.0,51.9961,126.90447,74.90837,101.93501333333334,33.292608888888886,126.90447,386.85,2180.0,1793.15,984.5666666666666,796.9555555555556,386.85,6.0,17.0,11.0,13.333333333333334,4.888888888888888,17.0,4.0,5.0,1.0,4.666666666666667,0.44444444444444436,5.0,139.0,139.0,0.0,139.0,0.0,139.0,1.66,2.66,1.0000000000000002,2.3266666666666667,0.4444444444444446,2.66,1.0,2.0,1.0,1.6666666666666667,0.4444444444444444,2.0,0.0,5.0,5.0,3.3333333333333335,2.222222222222222,5.0,5.0,10.0,5.0,8.333333333333334,2.222222222222222,10.0,0.0,0.0,0.0,0.0,0.0,0.0,6.0,17.0,11.0,13.333333333333334,4.888888888888888,17.0,0.0,1.0,1.0,0.3333333333333333,0.4444444444444445,0.0,0.0,1.0,1.0,0.6666666666666666,0.4444444444444445,1.0,0.0,5.0,5.0,1.6666666666666667,2.222222222222222,0.0,0.0,0.0,0.0,0.0,0.0,0.0,1.0,6.0,5.0,2.6666666666666665,2.222222222222222,1.0,11.19,43.015,31.825000000000003,32.406666666666666,14.144444444444446,43.015,0.0,1.062,1.062,0.7080000000000001,0.472,1.062,0.0,0.0,0.0,0.0,0.0,0.0,64.0,229.0,165.0,119.0,73.33333333333333,64.0
mp-567809,AgI,Ag,Tetragonal,P4/nmm,0.0,0.0,4,False,47.0,53.0,6.0,50.0,3.0,47.0,65.0,96.0,31.0,80.5,15.5,65.0,107.8682,126.90447,19.036270000000002,117.386335,9.518135000000001,107.8682,386.85,1234.93,848.08,810.8900000000001,424.04,386.85,11.0,17.0,6.0,14.0,3.0,11.0,5.0,5.0,0.0,5.0,0.0,5.0,139.0,145.0,6.0,142.0,3.0,139.0,1.93,2.66,0.7300000000000002,2.295,0.3650000000000001,1.93,1.0,2.0,1.0,1.5,0.5,1.0,0.0,5.0,5.0,2.5,2.5,0.0,10.0,10.0,0.0,10.0,0.0,10.0,0.0,0.0,0.0,0.0,0.0,0.0,11.0,17.0,6.0,14.0,3.0,11.0,0.0,1.0,1.0,0.5,0.5,0.0,0.0,1.0,1.0,0.5,0.5,0.0,0.0,0.0,0.0,0.0,0.0,0.0,0.0,0.0,0.0,0.0,0.0,0.0,1.0,1.0,0.0,1.0,0.0,1.0,16.33,43.015,26.685000000000002,29.6725,13.342500000000001,16.33,0.0,1.062,1.062,0.531,0.531,0.0,0.0,0.0,0.0,0.0,0.0,0.0,64.0,225.0,161.0,144.5,80.5,64.0
mp-568002,HfI3,Hf,Hexagonal,P6_3/mcm,0.0,0.0,8,True,53.0,72.0,19.0,57.75,7.125,53.0,45.0,96.0,51.0,83.25,19.125,96.0,126.90447,178.49,51.585530000000006,139.80085250000002,19.34457375000001,126.90447,386.85,2506.0,2119.15,916.6375,794.6812500000001,386.85,4.0,17.0,13.0,13.75,4.875,17.0,5.0,6.0,1.0,5.25,0.375,5.0,139.0,175.0,36.0,148.0,13.5,139.0,1.3,2.66,1.36,2.3200000000000003,0.51,2.66,2.0,2.0,0.0,2.0,0.0,2.0,0.0,5.0,5.0,3.75,1.875,5.0,2.0,10.0,8.0,8.0,3.0,10.0,0.0,14.0,14.0,3.5,5.25,0.0,17.0,18.0,1.0,17.25,0.375,17.0,0.0,0.0,0.0,0.0,0.0,0.0,0.0,1.0,1.0,0.75,0.375,1.0,0.0,8.0,8.0,2.0,3.0,0.0,0.0,0.0,0.0,0.0,0.0,0.0,1.0,8.0,7.0,2.75,2.625,1.0,22.2,43.015,20.815,37.81125,7.805625,43.015,0.0,1.062,1.062,0.7965,0.39825000000000005,1.062,0.0,0.0,0.0,0.0,0.0,0.0,64.0,194.0,130.0,96.5,48.75,64.0
mp-568208,IrCl3,Ir,Orthorhombic,Fddd,0.0,0.0,16,True,17.0,77.0,60.0,32.0,22.5,17.0,60.0,94.0,34.0,85.5,12.75,94.0,35.453,192.217,156.764,74.644,58.786500000000004,35.453,171.6,2739.0,2567.4,813.45,962.7750000000001,171.6,9.0,17.0,8.0,15.0,3.0,17.0,3.0,6.0,3.0,3.75,1.125,3.0,102.0,141.0,39.0,111.75,14.625,102.0,2.2,3.16,0.96,2.92,0.3600000000000001,3.16,2.0,2.0,0.0,2.0,0.0,2.0,0.0,5.0,5.0,3.75,1.875,5.0,0.0,7.0,7.0,1.75,2.625,0.0,0.0,14.0,14.0,3.5,5.25,0.0,7.0,23.0,16.0,11.0,6.0,7.0,0.0,0.0,0.0,0.0,0.0,0.0,0.0,1.0,1.0,0.75,0.375,1.0,0.0,3.0,3.0,0.75,1.125,0.0,0.0,0.0,0.0,0.0,0.0,0.0,1.0,3.0,2.0,1.5,0.75,1.0,14.21,24.4975,10.287499999999998,21.925624999999997,3.8578125000000005,24.4975,0.0,2.493,2.493,1.8697499999999998,0.934875,2.493,0.0,0.0,0.0,0.0,0.0,0.0,64.0,225.0,161.0,104.25,60.375,64.0
mp-568230,TiCl3,Ti,Trigonal,P312,6.0042101,0.2501754208333333,24,False,17.0,22.0,5.0,18.25,1.875,17.0,43.0,94.0,51.0,81.25,19.125,94.0,35.453,47.867,12.413999999999994,38.5565,4.655249999999997,35.453,171.6,1941.0,1769.4,613.95,663.5250000000001,171.6,4.0,17.0,13.0,13.75,4.875,17.0,3.0,4.0,1.0,3.25,0.375,3.0,102.0,160.0,58.0,116.5,21.75,102.0,1.54,3.16,1.62,2.755,0.6075000000000002,3.16,2.0,2.0,0.0,2.0,0.0,2.0,0.0,5.0,5.0,3.75,1.875,5.0,0.0,2.0,2.0,0.5,0.75,0.0,0.0,0.0,0.0,0.0,0.0,0.0,4.0,7.0,3.0,6.25,1.125,7.0,0.0,0.0,0.0,0.0,0.0,0.0,0.0,1.0,1.0,0.75,0.375,1.0,0.0,8.0,8.0,2.0,3.0,0.0,0.0,0.0,0.0,0.0,0.0,0.0,1.0,8.0,7.0,2.75,2.625,1.0,16.69,24.4975,7.807499999999997,22.545624999999998,2.9278125,24.4975,0.0,2.493,2.493,1.8697499999999998,0.934875,2.493,0.0,2.25333333333e-05,2.25333333333e-05,5.633333333325e-06,8.4499999999875e-06,0.0,64.0,194.0,130.0,96.5,48.75,64.0
mp-568233,CdI2,Cd,Trigonal,R-3m,0.0,0.0,6,False,48.0,53.0,5.0,51.333333333333336,2.2222222222222214,53.0,70.0,96.0,26.0,87.33333333333333,11.555555555555557,96.0,112.411,126.90447,14.493470000000002,122.07331333333333,6.441542222222225,126.90447,386.85,594.22,207.37,455.97333333333336,92.16444444444444,386.85,12.0,17.0,5.0,15.333333333333334,2.222222222222222,17.0,5.0,5.0,0.0,5.0,0.0,5.0,139.0,144.0,5.0,140.66666666666666,2.222222222222219,139.0,1.69,2.66,0.9700000000000002,2.3366666666666664,0.4311111111111113,2.66,2.0,2.0,0.0,2.0,0.0,2.0,0.0,5.0,5.0,3.3333333333333335,2.222222222222222,5.0,10.0,10.0,0.0,10.0,0.0,10.0,0.0,0.0,0.0,0.0,0.0,0.0,12.0,17.0,5.0,15.333333333333334,2.222222222222222,17.0,0.0,0.0,0.0,0.0,0.0,0.0,0.0,1.0,1.0,0.6666666666666666,0.4444444444444445,1.0,0.0,0.0,0.0,0.0,0.0,0.0,0.0,0.0,0.0,0.0,0.0,0.0,0.0,1.0,1.0,0.6666666666666666,0.4444444444444445,1.0,19.495,43.015,23.52,35.175000000000004,10.453333333333331,43.015,0.0,1.062,1.062,0.7080000000000001,0.472,1.062,0.0,0.0,0.0,0.0,0.0,0.0,64.0,194.0,130.0,107.33333333333333,57.77777777777777,64.0
mp-568245,NbBr5,Nb,Triclinic,P-1,0.0,0.0,12,False,35.0,41.0,6.0,36.0,1.6666666666666667,35.0,47.0,95.0,48.0,87.0,13.333333333333334,95.0,79.904,92.90638,13.002380000000002,82.07106333333333,3.6117722222222213,79.904,265.8,2750.0,2484.2,679.8333333333334,690.0555555555557,265.8,5.0,17.0,12.0,15.0,3.3333333333333335,17.0,4.0,5.0,1.0,4.166666666666667,0.27777777777777796,4.0,120.0,164.0,44.0,127.33333333333333,12.22222222222222,120.0,1.6,2.96,1.3599999999999999,2.733333333333334,0.3777777777777774,2.96,1.0,2.0,1.0,1.8333333333333333,0.27777777777777785,2.0,0.0,5.0,5.0,4.166666666666667,1.3888888888888886,5.0,4.0,10.0,6.0,9.0,1.6666666666666667,10.0,0.0,0.0,0.0,0.0,0.0,0.0,5.0,17.0,12.0,15.0,3.3333333333333335,17.0,0.0,1.0,1.0,0.16666666666666666,0.27777777777777773,0.0,0.0,1.0,1.0,0.8333333333333334,0.27777777777777773,1.0,0.0,6.0,6.0,1.0,1.6666666666666667,0.0,0.0,0.0,0.0,0.0,0.0,0.0,1.0,7.0,6.0,2.0,1.6666666666666667,1.0,18.18,29.48,11.3,27.596666666666668,3.138888888888889,29.48,0.0,1.457,1.457,1.2141666666666666,0.40472222222222226,1.457,0.0,0.0,0.0,0.0,0.0,0.0,64.0,229.0,165.0,91.5,45.833333333333336,64.0
mp-568289,CdI2,Cd,Trigonal,R-3m,0.0,0.0,9,False,48.0,53.0,5.0,51.333333333333336,2.2222222222222214,53.0,70.0,96.0,26.0,87.33333333333333,11.555555555555557,96.0,112.411,126.90447,14.493470000000002,122.07331333333333,6.441542222222225,126.90447,386.85,594.22,207.37,455.97333333333336,92.16444444444444,386.85,12.0,17.0,5.0,15.333333333333334,2.222222222222222,17.0,5.0,5.0,0.0,5.0,0.0,5.0,139.0,144.0,5.0,140.66666666666666,2.222222222222219,139.0,1.69,2.66,0.9700000000000002,2.3366666666666664,0.4311111111111113,2.66,2.0,2.0,0.0,2.0,0.0,2.0,0.0,5.0,5.0,3.3333333333333335,2.222222222222222,5.0,10.0,10.0,0.0,10.0,0.0,10.0,0.0,0.0,0.0,0.0,0.0,0.0,12.0,17.0,5.0,15.333333333333334,2.222222222222222,17.0,0.0,0.0,0.0,0.0,0.0,0.0,0.0,1.0,1.0,0.6666666666666666,0.4444444444444445,1.0,0.0,0.0,0.0,0.0,0.0,0.0,0.0,0.0,0.0,0.0,0.0,0.0,0.0,1.0,1.0,0.6666666666666666,0.4444444444444445,1.0,19.495,43.015,23.52,35.175000000000004,10.453333333333331,43.015,0.0,1.062,1.062,0.7080000000000001,0.472,1.062,0.0,0.0,0.0,0.0,0.0,0.0,64.0,194.0,130.0,107.33333333333333,57.77777777777777,64.0
mp-568394,MoCl3,Mo,Monoclinic,C2/c,7.9999969,0.49999980625,16,False,17.0,42.0,25.0,23.25,9.375,17.0,50.0,94.0,44.0,83.0,16.5,94.0,35.453,95.96,60.50699999999999,50.579750000000004,22.690125,35.453,171.6,2896.0,2724.4,852.7,1021.6500000000001,171.6,6.0,17.0,11.0,14.25,4.125,17.0,3.0,5.0,2.0,3.5,0.75,3.0,102.0,154.0,52.0,115.0,19.5,102.0,2.16,3.16,1.0,2.91,0.375,3.16,1.0,2.0,1.0,1.75,0.375,2.0,0.0,5.0,5.0,3.75,1.875,5.0,0.0,5.0,5.0,1.25,1.875,0.0,0.0,0.0,0.0,0.0,0.0,0.0,6.0,7.0,1.0,6.75,0.375,7.0,0.0,1.0,1.0,0.25,0.375,0.0,0.0,1.0,1.0,0.75,0.375,1.0,0.0,5.0,5.0,1.25,1.875,0.0,0.0,0.0,0.0,0.0,0.0,0.0,1.0,6.0,5.0,2.25,1.875,1.0,15.69,24.4975,8.8075,22.295624999999998,3.3028125000000004,24.4975,0.0,2.493,2.493,1.8697499999999998,0.934875,2.493,0.0,0.0,0.0,0.0,0.0,0.0,64.0,229.0,165.0,105.25,61.875,64.0
mp-568483,NbCl5,Nb,Monoclinic,P2_1/c,0.0,0.0,24,False,17.0,41.0,24.0,21.0,6.666666666666667,17.0,47.0,94.0,47.0,86.16666666666667,13.055555555555552,94.0,35.453,92.90638,57.453379999999996,45.02856333333333,15.959272222222218,35.453,171.6,2750.0,2578.4,601.3333333333334,716.2222222222223,171.6,5.0,17.0,12.0,15.0,3.3333333333333335,17.0,3.0,5.0,2.0,3.3333333333333335,0.5555555555555557,3.0,102.0,164.0,62.0,112.33333333333333,17.222222222222218,102.0,1.6,3.16,1.56,2.9000000000000004,0.4333333333333332,3.16,1.0,2.0,1.0,1.8333333333333333,0.27777777777777785,2.0,0.0,5.0,5.0,4.166666666666667,1.3888888888888886,5.0,0.0,4.0,4.0,0.6666666666666666,1.111111111111111,0.0,0.0,0.0,0.0,0.0,0.0,0.0,5.0,7.0,2.0,6.666666666666667,0.5555555555555554,7.0,0.0,1.0,1.0,0.16666666666666666,0.27777777777777773,0.0,0.0,1.0,1.0,0.8333333333333334,0.27777777777777773,1.0,0.0,6.0,6.0,1.0,1.6666666666666667,0.0,0.0,0.0,0.0,0.0,0.0,0.0,1.0,7.0,6.0,2.0,1.6666666666666667,1.0,18.18,24.4975,6.317499999999999,23.44458333333333,1.754861111111112,24.4975,0.0,2.493,2.493,2.0775,0.6924999999999999,2.493,0.0,0.0,0.0,0.0,0.0,0.0,64.0,229.0,165.0,91.5,45.833333333333336,64.0
mp-568616,Nb2Br5,Nb,Orthorhombic,Cmcm,0.0431461,0.0030818642857142,14,False,35.0,41.0,6.0,36.714285714285715,2.448979591836735,35.0,47.0,95.0,48.0,81.28571428571429,19.591836734693874,95.0,79.904,92.90638,13.002380000000002,83.61896571428572,5.307093877551026,79.904,265.8,2750.0,2484.2,975.5714285714286,1013.9591836734693,265.8,5.0,17.0,12.0,13.571428571428571,4.89795918367347,17.0,4.0,5.0,1.0,4.285714285714286,0.4081632653061224,4.0,120.0,164.0,44.0,132.57142857142858,17.959183673469393,120.0,1.6,2.96,1.3599999999999999,2.5714285714285716,0.5551020408163264,2.96,1.0,2.0,1.0,1.7142857142857142,0.4081632653061225,2.0,0.0,5.0,5.0,3.5714285714285716,2.0408163265306123,5.0,4.0,10.0,6.0,8.285714285714286,2.4489795918367343,10.0,0.0,0.0,0.0,0.0,0.0,0.0,5.0,17.0,12.0,13.571428571428571,4.89795918367347,17.0,0.0,1.0,1.0,0.2857142857142857,0.4081632653061224,0.0,0.0,1.0,1.0,0.7142857142857143,0.4081632653061224,1.0,0.0,6.0,6.0,1.7142857142857142,2.4489795918367347,0.0,0.0,0.0,0.0,0.0,0.0,0.0,1.0,7.0,6.0,2.7142857142857144,2.448979591836735,1.0,18.18,29.48,11.3,26.25142857142857,4.612244897959185,29.48,0.0,1.457,1.457,1.0407142857142857,0.5946938775510205,1.457,0.0,0.0,0.0,0.0,0.0,0.0,64.0,229.0,165.0,111.14285714285714,67.34693877551021,64.0
mp-568690,CdBr2,Cd,Trigonal,R-3m,0.0,0.0,3,False,35.0,48.0,13.0,39.333333333333336,5.777777777777779,35.0,70.0,95.0,25.0,86.66666666666667,11.111111111111109,95.0,79.904,112.411,32.507000000000005,90.73966666666666,14.447555555555558,79.904,265.8,594.22,328.42,375.27333333333337,145.96444444444447,265.8,12.0,17.0,5.0,15.333333333333334,2.222222222222222,17.0,4.0,5.0,1.0,4.333333333333333,0.44444444444444436,4.0,120.0,144.0,24.0,128.0,10.666666666666666,120.0,1.69,2.96,1.27,2.5366666666666666,0.5644444444444444,2.96,2.0,2.0,0.0,2.0,0.0,2.0,0.0,5.0,5.0,3.3333333333333335,2.222222222222222,5.0,10.0,10.0,0.0,10.0,0.0,10.0,0.0,0.0,0.0,0.0,0.0,0.0,12.0,17.0,5.0,15.333333333333334,2.222222222222222,17.0,0.0,0.0,0.0,0.0,0.0,0.0,0.0,1.0,1.0,0.6666666666666666,0.4444444444444445,1.0,0.0,0.0,0.0,0.0,0.0,0.0,0.0,0.0,0.0,0.0,0.0,0.0,0.0,1.0,1.0,0.6666666666666666,0.4444444444444445,1.0,19.495,29.48,9.985,26.151666666666667,4.437777777777778,29.48,0.0,1.457,1.457,0.9713333333333334,0.6475555555555556,1.457,0.0,0.0,0.0,0.0,0.0,0.0,64.0,194.0,130.0,107.33333333333333,57.77777777777777,64.0
mp-568722,CdBr2,Cd,Trigonal,R-3m,0.0,0.0,6,True,35.0,48.0,13.0,39.333333333333336,5.777777777777779,35.0,70.0,95.0,25.0,86.66666666666667,11.111111111111109,95.0,79.904,112.411,32.507000000000005,90.73966666666666,14.447555555555558,79.904,265.8,594.22,328.42,375.27333333333337,145.96444444444447,265.8,12.0,17.0,5.0,15.333333333333334,2.222222222222222,17.0,4.0,5.0,1.0,4.333333333333333,0.44444444444444436,4.0,120.0,144.0,24.0,128.0,10.666666666666666,120.0,1.69,2.96,1.27,2.5366666666666666,0.5644444444444444,2.96,2.0,2.0,0.0,2.0,0.0,2.0,0.0,5.0,5.0,3.3333333333333335,2.222222222222222,5.0,10.0,10.0,0.0,10.0,0.0,10.0,0.0,0.0,0.0,0.0,0.0,0.0,12.0,17.0,5.0,15.333333333333334,2.222222222222222,17.0,0.0,0.0,0.0,0.0,0.0,0.0,0.0,1.0,1.0,0.6666666666666666,0.4444444444444445,1.0,0.0,0.0,0.0,0.0,0.0,0.0,0.0,0.0,0.0,0.0,0.0,0.0,0.0,1.0,1.0,0.6666666666666666,0.4444444444444445,1.0,19.495,29.48,9.985,26.151666666666667,4.437777777777778,29.48,0.0,1.457,1.457,0.9713333333333334,0.6475555555555556,1.457,0.0,0.0,0.0,0.0,0.0,0.0,64.0,194.0,130.0,107.33333333333333,57.77777777777777,64.0
mp-568742,HgI2,Hg,Tetragonal,P4_2/nmc,0.0,0.0,24,False,53.0,80.0,27.0,62.0,12.0,53.0,71.0,96.0,25.0,87.66666666666667,11.111111111111109,96.0,126.90447,200.59,73.68553,151.46631333333335,32.74912444444445,126.90447,234.32,386.85,152.53000000000003,336.00666666666666,67.79111111111114,386.85,12.0,17.0,5.0,15.333333333333334,2.222222222222222,17.0,5.0,6.0,1.0,5.333333333333333,0.44444444444444436,5.0,132.0,139.0,7.0,136.66666666666666,3.1111111111111143,139.0,2.0,2.66,0.6600000000000001,2.44,0.29333333333333345,2.66,2.0,2.0,0.0,2.0,0.0,2.0,0.0,5.0,5.0,3.3333333333333335,2.222222222222222,5.0,10.0,10.0,0.0,10.0,0.0,10.0,0.0,14.0,14.0,4.666666666666667,6.222222222222221,0.0,17.0,26.0,9.0,20.0,4.0,17.0,0.0,0.0,0.0,0.0,0.0,0.0,0.0,1.0,1.0,0.6666666666666666,0.4444444444444445,1.0,0.0,0.0,0.0,0.0,0.0,0.0,0.0,0.0,0.0,0.0,0.0,0.0,0.0,1.0,1.0,0.6666666666666666,0.4444444444444445,1.0,25.2375862069,43.015,17.7774137931,37.0891954023,7.901072796933334,43.015,0.0,1.062,1.062,0.7080000000000001,0.472,1.062,0.0,0.0,0.0,0.0,0.0,0.0,64.0,166.0,102.0,98.0,45.333333333333336,64.0
mp-568753,TcBr3,Tc,Orthorhombic,Pmmn,4.0019368,0.25012105,16,True,35.0,43.0,8.0,37.0,3.0,35.0,53.0,95.0,42.0,84.5,15.75,95.0,79.904,98.0,18.096000000000004,84.428,6.786000000000001,79.904,265.8,2430.0,2164.2,806.85,811.575,265.8,7.0,17.0,10.0,14.5,3.75,17.0,4.0,5.0,1.0,4.25,0.375,4.0,120.0,147.0,27.0,126.75,10.125,120.0,1.9,2.96,1.06,2.695,0.3975000000000001,2.96,2.0,2.0,0.0,2.0,0.0,2.0,0.0,5.0,5.0,3.75,1.875,5.0,5.0,10.0,5.0,8.75,1.875,10.0,0.0,0.0,0.0,0.0,0.0,0.0,7.0,17.0,10.0,14.5,3.75,17.0,0.0,0.0,0.0,0.0,0.0,0.0,0.0,1.0,1.0,0.75,0.375,1.0,0.0,5.0,5.0,1.25,1.875,0.0,0.0,0.0,0.0,0.0,0.0,0.0,1.0,5.0,4.0,2.0,1.5,1.0,14.285,29.48,15.195,25.68125,5.698125000000001,29.48,0.0,1.457,1.457,1.09275,0.546375,1.457,0.0,0.0,0.0,0.0,0.0,0.0,64.0,194.0,130.0,96.5,48.75,64.0
mp-568838,Hg4I7,Hg,Tetragonal,P-4m2,0.0005699,5.180909090909091e-05,11,False,53.0,80.0,27.0,62.81818181818182,12.495867768595042,53.0,71.0,96.0,25.0,86.9090909090909,11.570247933884298,96.0,126.90447,200.59,73.68553,153.6992081818182,34.102394049586785,126.90447,234.32,386.85,152.53000000000003,331.3845454545455,70.59239669421487,386.85,12.0,17.0,5.0,15.181818181818182,2.3140495867768593,17.0,5.0,6.0,1.0,5.363636363636363,0.4628099173553718,5.0,132.0,139.0,7.0,136.45454545454547,3.2396694214875996,139.0,2.0,2.66,0.6600000000000001,2.42,0.3054545454545456,2.66,2.0,2.0,0.0,2.0,0.0,2.0,0.0,5.0,5.0,3.1818181818181817,2.3140495867768593,5.0,10.0,10.0,0.0,10.0,0.0,10.0,0.0,14.0,14.0,5.090909090909091,6.479338842975207,0.0,17.0,26.0,9.0,20.272727272727273,4.1652892561983474,17.0,0.0,0.0,0.0,0.0,0.0,0.0,0.0,1.0,1.0,0.6363636363636364,0.4628099173553719,1.0,0.0,0.0,0.0,0.0,0.0,0.0,0.0,0.0,0.0,0.0,0.0,0.0,0.0,1.0,1.0,0.6363636363636364,0.4628099173553719,1.0,25.2375862069,43.015,17.7774137931,36.550485893418184,8.22756340837686,43.015,0.0,1.062,1.062,0.6758181818181819,0.491504132231405,1.062,0.0,0.0,0.0,0.0,0.0,0.0,64.0,166.0,102.0,101.0909090909091,47.20661157024793,64.0
mp-568846,TaBr5,Ta,Orthorhombic,Pnma,0.0,0.0,48,True,35.0,73.0,38.0,41.333333333333336,10.555555555555557,35.0,48.0,95.0,47.0,87.16666666666667,13.055555555555552,95.0,79.904,180.94788,101.04388,96.74464666666665,28.06774444444444,79.904,265.8,3290.0,3024.2,769.8333333333334,840.0555555555557,265.8,5.0,17.0,12.0,15.0,3.3333333333333335,17.0,4.0,6.0,2.0,4.333333333333333,0.5555555555555554,4.0,120.0,170.0,50.0,128.33333333333334,13.888888888888895,120.0,1.5,2.96,1.46,2.716666666666667,0.40555555555555545,2.96,2.0,2.0,0.0,2.0,0.0,2.0,0.0,5.0,5.0,4.166666666666667,1.3888888888888886,5.0,3.0,10.0,7.0,8.833333333333334,1.944444444444444,10.0,0.0,14.0,14.0,2.3333333333333335,3.8888888888888893,0.0,17.0,19.0,2.0,17.333333333333332,0.5555555555555548,17.0,0.0,0.0,0.0,0.0,0.0,0.0,0.0,1.0,1.0,0.8333333333333334,0.27777777777777773,1.0,0.0,7.0,7.0,1.1666666666666667,1.9444444444444446,0.0,0.0,0.0,0.0,0.0,0.0,0.0,1.0,7.0,6.0,2.0,1.6666666666666667,1.0,18.12,29.48,11.36,27.58666666666667,3.1555555555555537,29.48,0.0,1.457,1.457,1.2141666666666666,0.40472222222222226,1.457,0.0,0.0,0.0,0.0,0.0,0.0,64.0,229.0,165.0,91.5,45.833333333333336,64.0
mp-568927,AgI,Ag,Monoclinic,P2_1/m,1.8e-06,4.5e-07,4,False,47.0,53.0,6.0,50.0,3.0,47.0,65.0,96.0,31.0,80.5,15.5,65.0,107.8682,126.90447,19.036270000000002,117.386335,9.518135000000001,107.8682,386.85,1234.93,848.08,810.8900000000001,424.04,386.85,11.0,17.0,6.0,14.0,3.0,11.0,5.0,5.0,0.0,5.0,0.0,5.0,139.0,145.0,6.0,142.0,3.0,139.0,1.93,2.66,0.7300000000000002,2.295,0.3650000000000001,1.93,1.0,2.0,1.0,1.5,0.5,1.0,0.0,5.0,5.0,2.5,2.5,0.0,10.0,10.0,0.0,10.0,0.0,10.0,0.0,0.0,0.0,0.0,0.0,0.0,11.0,17.0,6.0,14.0,3.0,11.0,0.0,1.0,1.0,0.5,0.5,0.0,0.0,1.0,1.0,0.5,0.5,0.0,0.0,0.0,0.0,0.0,0.0,0.0,0.0,0.0,0.0,0.0,0.0,0.0,1.0,1.0,0.0,1.0,0.0,1.0,16.33,43.015,26.685000000000002,29.6725,13.342500000000001,16.33,0.0,1.062,1.062,0.531,0.531,0.0,0.0,0.0,0.0,0.0,0.0,0.0,64.0,225.0,161.0,144.5,80.5,64.0
mp-569005,MoCl4,Mo,Trigonal,P-31m,12.0000001,0.4000000033333333,30,False,17.0,42.0,25.0,22.0,8.0,17.0,50.0,94.0,44.0,85.2,14.079999999999998,94.0,35.453,95.96,60.50699999999999,47.5544,19.362239999999996,35.453,171.6,2896.0,2724.4,716.48,871.808,171.6,6.0,17.0,11.0,14.8,3.5199999999999996,17.0,3.0,5.0,2.0,3.4,0.6399999999999999,3.0,102.0,154.0,52.0,112.4,16.640000000000004,102.0,2.16,3.16,1.0,2.96,0.3200000000000001,3.16,1.0,2.0,1.0,1.8,0.31999999999999995,2.0,0.0,5.0,5.0,4.0,1.6,5.0,0.0,5.0,5.0,1.0,1.6,0.0,0.0,0.0,0.0,0.0,0.0,0.0,6.0,7.0,1.0,6.8,0.3200000000000001,7.0,0.0,1.0,1.0,0.2,0.32,0.0,0.0,1.0,1.0,0.8,0.31999999999999995,1.0,0.0,5.0,5.0,1.0,1.6,0.0,0.0,0.0,0.0,0.0,0.0,0.0,1.0,6.0,5.0,2.0,1.6,1.0,15.69,24.4975,8.8075,22.735999999999997,2.818400000000001,24.4975,0.0,2.493,2.493,1.9944,0.7977599999999999,2.493,0.0,0.0,0.0,0.0,0.0,0.0,64.0,229.0,165.0,97.0,52.8,64.0
mp-569008,PdCl2,Pd,Orthorhombic,Pnnm,0.0,0.0,6,False,17.0,46.0,29.0,26.666666666666668,12.888888888888891,17.0,62.0,94.0,32.0,83.33333333333333,14.222222222222223,94.0,35.453,106.42,70.967,59.10866666666667,31.54088888888889,35.453,171.6,1828.05,1656.45,723.75,736.1999999999999,171.6,10.0,17.0,7.0,14.666666666666666,3.111111111111111,17.0,3.0,5.0,2.0,3.6666666666666665,0.8888888888888888,3.0,102.0,139.0,37.0,114.33333333333333,16.444444444444443,102.0,2.2,3.16,0.96,2.84,0.42666666666666675,3.16,0.0,2.0,2.0,1.3333333333333333,0.888888888888889,2.0,0.0,5.0,5.0,3.3333333333333335,2.222222222222222,5.0,0.0,10.0,10.0,3.3333333333333335,4.444444444444444,0.0,0.0,0.0,0.0,0.0,0.0,0.0,7.0,10.0,3.0,8.0,1.3333333333333333,7.0,0.0,0.0,0.0,0.0,0.0,0.0,0.0,1.0,1.0,0.6666666666666666,0.4444444444444445,1.0,0.0,0.0,0.0,0.0,0.0,0.0,0.0,0.0,0.0,0.0,0.0,0.0,0.0,1.0,1.0,0.6666666666666666,0.4444444444444445,1.0,14.41,24.4975,10.087499999999999,21.135,4.483333333333332,24.4975,0.0,2.493,2.493,1.662,1.1079999999999999,2.493,0.0,0.0,0.0,0.0,0.0,0.0,64.0,225.0,161.0,117.66666666666667,71.55555555555556,64.0
mp-569017,PdI2,Pd,Orthorhombic,Pnnm,0.0,0.0,6,False,46.0,53.0,7.0,50.666666666666664,3.111111111111112,53.0,62.0,96.0,34.0,84.66666666666667,15.111111111111109,96.0,106.42,126.90447,20.48447,120.07631333333335,9.104208888888886,126.90447,386.85,1828.05,1441.1999999999998,867.25,640.5333333333333,386.85,10.0,17.0,7.0,14.666666666666666,3.111111111111111,17.0,5.0,5.0,0.0,5.0,0.0,5.0,139.0,139.0,0.0,139.0,0.0,139.0,2.2,2.66,0.45999999999999996,2.506666666666667,0.20444444444444443,2.66,0.0,2.0,2.0,1.3333333333333333,0.888888888888889,2.0,0.0,5.0,5.0,3.3333333333333335,2.222222222222222,5.0,10.0,10.0,0.0,10.0,0.0,10.0,0.0,0.0,0.0,0.0,0.0,0.0,10.0,17.0,7.0,14.666666666666666,3.111111111111111,17.0,0.0,0.0,0.0,0.0,0.0,0.0,0.0,1.0,1.0,0.6666666666666666,0.4444444444444445,1.0,0.0,0.0,0.0,0.0,0.0,0.0,0.0,0.0,0.0,0.0,0.0,0.0,0.0,1.0,1.0,0.6666666666666666,0.4444444444444445,1.0,14.41,43.015,28.605,33.48,12.713333333333333,43.015,0.0,1.062,1.062,0.7080000000000001,0.472,1.062,0.0,0.0,0.0,0.0,0.0,0.0,64.0,225.0,161.0,117.66666666666667,71.55555555555556,64.0
mp-569059,HfI4,Hf,Monoclinic,C2/c,0.0,0.0,20,True,53.0,72.0,19.0,56.8,6.079999999999998,53.0,45.0,96.0,51.0,85.8,16.32,96.0,126.90447,178.49,51.585530000000006,137.221576,16.507369599999997,126.90447,386.85,2506.0,2119.15,810.6800000000001,678.128,386.85,4.0,17.0,13.0,14.4,4.159999999999999,17.0,5.0,6.0,1.0,5.2,0.3200000000000001,5.0,139.0,175.0,36.0,146.2,11.519999999999992,139.0,1.3,2.66,1.36,2.3880000000000003,0.43519999999999986,2.66,2.0,2.0,0.0,2.0,0.0,2.0,0.0,5.0,5.0,4.0,1.6,5.0,2.0,10.0,8.0,8.4,2.5599999999999996,10.0,0.0,14.0,14.0,2.8,4.4799999999999995,0.0,17.0,18.0,1.0,17.2,0.31999999999999956,17.0,0.0,0.0,0.0,0.0,0.0,0.0,0.0,1.0,1.0,0.8,0.31999999999999995,1.0,0.0,8.0,8.0,1.6,2.56,0.0,0.0,0.0,0.0,0.0,0.0,0.0,1.0,8.0,7.0,2.4,2.2399999999999998,1.0,22.2,43.015,20.815,38.852,6.660800000000004,43.015,0.0,1.062,1.062,0.8496,0.33984000000000003,1.062,0.0,0.0,0.0,0.0,0.0,0.0,64.0,194.0,130.0,90.0,41.6,64.0
mp-569175,ZrCl4,Zr,Monoclinic,P2/c,0.0,0.0,10,True,17.0,40.0,23.0,21.6,7.360000000000001,17.0,44.0,94.0,50.0,84.0,16.0,94.0,35.453,91.224,55.771,46.6072,17.846719999999998,35.453,171.6,2128.0,1956.4,562.88,626.048,171.6,4.0,17.0,13.0,14.4,4.159999999999999,17.0,3.0,5.0,2.0,3.4,0.6399999999999999,3.0,102.0,175.0,73.0,116.6,23.359999999999996,102.0,1.33,3.16,1.83,2.794,0.5856000000000001,3.16,2.0,2.0,0.0,2.0,0.0,2.0,0.0,5.0,5.0,4.0,1.6,5.0,0.0,2.0,2.0,0.4,0.64,0.0,0.0,0.0,0.0,0.0,0.0,0.0,4.0,7.0,3.0,6.4,0.9599999999999997,7.0,0.0,0.0,0.0,0.0,0.0,0.0,0.0,1.0,1.0,0.8,0.31999999999999995,1.0,0.0,8.0,8.0,1.6,2.56,0.0,0.0,0.0,0.0,0.0,0.0,0.0,1.0,8.0,7.0,2.4,2.2399999999999998,1.0,23.195,24.4975,1.3024999999999984,24.237000000000002,0.4167999999999978,24.4975,0.0,2.493,2.493,1.9944,0.7977599999999999,2.493,0.0,0.0,0.0,0.0,0.0,0.0,64.0,194.0,130.0,90.0,41.6,64.0
mp-569346,CuI,Cu,Hexagonal,P6_3mc,0.0,0.0,4,False,29.0,53.0,24.0,41.0,12.0,29.0,64.0,96.0,32.0,80.0,16.0,64.0,63.546,126.90447,63.358470000000004,95.225235,31.679235000000002,63.546,386.85,1357.77,970.92,872.31,485.46,386.85,11.0,17.0,6.0,14.0,3.0,11.0,4.0,5.0,1.0,4.5,0.5,4.0,132.0,139.0,7.0,135.5,3.5,132.0,1.9,2.66,0.7600000000000002,2.2800000000000002,0.3800000000000001,1.9,1.0,2.0,1.0,1.5,0.5,1.0,0.0,5.0,5.0,2.5,2.5,0.0,10.0,10.0,0.0,10.0,0.0,10.0,0.0,0.0,0.0,0.0,0.0,0.0,11.0,17.0,6.0,14.0,3.0,11.0,0.0,1.0,1.0,0.5,0.5,0.0,0.0,1.0,1.0,0.5,0.5,0.0,0.0,0.0,0.0,0.0,0.0,0.0,0.0,0.0,0.0,0.0,0.0,0.0,1.0,1.0,0.0,1.0,0.0,1.0,11.07,43.015,31.945,27.0425,15.9725,11.07,0.0,1.062,1.062,0.531,0.531,0.0,0.0,0.0,0.0,0.0,0.0,0.0,64.0,225.0,161.0,144.5,80.5,64.0
mp-569391,ZrCl3,Zr,Trigonal,P-31m,2.0002169,0.2500271125,8,False,17.0,40.0,23.0,22.75,8.625,17.0,44.0,94.0,50.0,81.5,18.75,94.0,35.453,91.224,55.771,49.39575000000001,20.914125000000002,35.453,171.6,2128.0,1956.4,660.7,733.6500000000001,171.6,4.0,17.0,13.0,13.75,4.875,17.0,3.0,5.0,2.0,3.5,0.75,3.0,102.0,175.0,73.0,120.25,27.375,102.0,1.33,3.16,1.83,2.7025,0.68625,3.16,2.0,2.0,0.0,2.0,0.0,2.0,0.0,5.0,5.0,3.75,1.875,5.0,0.0,2.0,2.0,0.5,0.75,0.0,0.0,0.0,0.0,0.0,0.0,0.0,4.0,7.0,3.0,6.25,1.125,7.0,0.0,0.0,0.0,0.0,0.0,0.0,0.0,1.0,1.0,0.75,0.375,1.0,0.0,8.0,8.0,2.0,3.0,0.0,0.0,0.0,0.0,0.0,0.0,0.0,1.0,8.0,7.0,2.75,2.625,1.0,23.195,24.4975,1.3024999999999984,24.171875,0.48843749999999897,24.4975,0.0,2.493,2.493,1.8697499999999998,0.934875,2.493,0.0,0.0,0.0,0.0,0.0,0.0,64.0,194.0,130.0,96.5,48.75,64.0
mp-569436,MoCl5,Mo,Triclinic,P-1,2.0,0.1666666666666666,12,True,17.0,42.0,25.0,21.166666666666668,6.9444444444444455,17.0,50.0,94.0,44.0,86.66666666666667,12.22222222222222,94.0,35.453,95.96,60.50699999999999,45.5375,16.807499999999997,35.453,171.6,2896.0,2724.4,625.6666666666666,756.7777777777777,171.6,6.0,17.0,11.0,15.166666666666666,3.055555555555556,17.0,3.0,5.0,2.0,3.3333333333333335,0.5555555555555557,3.0,102.0,154.0,52.0,110.66666666666667,14.444444444444448,102.0,2.16,3.16,1.0,2.9933333333333336,0.2777777777777777,3.16,1.0,2.0,1.0,1.8333333333333333,0.27777777777777785,2.0,0.0,5.0,5.0,4.166666666666667,1.3888888888888886,5.0,0.0,5.0,5.0,0.8333333333333334,1.388888888888889,0.0,0.0,0.0,0.0,0.0,0.0,0.0,6.0,7.0,1.0,6.833333333333333,0.27777777777777796,7.0,0.0,1.0,1.0,0.16666666666666666,0.27777777777777773,0.0,0.0,1.0,1.0,0.8333333333333334,0.27777777777777773,1.0,0.0,5.0,5.0,0.8333333333333334,1.388888888888889,0.0,0.0,0.0,0.0,0.0,0.0,0.0,1.0,6.0,5.0,1.8333333333333333,1.3888888888888886,1.0,15.69,24.4975,8.8075,23.029583333333335,2.4465277777777756,24.4975,0.0,2.493,2.493,2.0775,0.6924999999999999,2.493,0.0,0.0,0.0,0.0,0.0,0.0,64.0,229.0,165.0,91.5,45.833333333333336,64.0
mp-569468,CdI2,Cd,Trigonal,P3m1,0.0142666,0.0002972208333333,48,False,48.0,53.0,5.0,51.333333333333336,2.2222222222222214,53.0,70.0,96.0,26.0,87.33333333333333,11.555555555555557,96.0,112.411,126.90447,14.493470000000002,122.07331333333333,6.441542222222225,126.90447,386.85,594.22,207.37,455.97333333333336,92.16444444444444,386.85,12.0,17.0,5.0,15.333333333333334,2.222222222222222,17.0,5.0,5.0,0.0,5.0,0.0,5.0,139.0,144.0,5.0,140.66666666666666,2.222222222222219,139.0,1.69,2.66,0.9700000000000002,2.3366666666666664,0.4311111111111113,2.66,2.0,2.0,0.0,2.0,0.0,2.0,0.0,5.0,5.0,3.3333333333333335,2.222222222222222,5.0,10.0,10.0,0.0,10.0,0.0,10.0,0.0,0.0,0.0,0.0,0.0,0.0,12.0,17.0,5.0,15.333333333333334,2.222222222222222,17.0,0.0,0.0,0.0,0.0,0.0,0.0,0.0,1.0,1.0,0.6666666666666666,0.4444444444444445,1.0,0.0,0.0,0.0,0.0,0.0,0.0,0.0,0.0,0.0,0.0,0.0,0.0,0.0,1.0,1.0,0.6666666666666666,0.4444444444444445,1.0,19.495,43.015,23.52,35.175000000000004,10.453333333333331,43.015,0.0,1.062,1.062,0.7080000000000001,0.472,1.062,0.0,0.0,0.0,0.0,0.0,0.0,64.0,194.0,130.0,107.33333333333333,57.77777777777777,64.0
mp-569510,CdI2,Cd,Trigonal,P3m1,0.0102848,0.0002142666666666,48,False,48.0,53.0,5.0,51.333333333333336,2.2222222222222214,53.0,70.0,96.0,26.0,87.33333333333333,11.555555555555557,96.0,112.411,126.90447,14.493470000000002,122.07331333333333,6.441542222222225,126.90447,386.85,594.22,207.37,455.97333333333336,92.16444444444444,386.85,12.0,17.0,5.0,15.333333333333334,2.222222222222222,17.0,5.0,5.0,0.0,5.0,0.0,5.0,139.0,144.0,5.0,140.66666666666666,2.222222222222219,139.0,1.69,2.66,0.9700000000000002,2.3366666666666664,0.4311111111111113,2.66,2.0,2.0,0.0,2.0,0.0,2.0,0.0,5.0,5.0,3.3333333333333335,2.222222222222222,5.0,10.0,10.0,0.0,10.0,0.0,10.0,0.0,0.0,0.0,0.0,0.0,0.0,12.0,17.0,5.0,15.333333333333334,2.222222222222222,17.0,0.0,0.0,0.0,0.0,0.0,0.0,0.0,1.0,1.0,0.6666666666666666,0.4444444444444445,1.0,0.0,0.0,0.0,0.0,0.0,0.0,0.0,0.0,0.0,0.0,0.0,0.0,0.0,1.0,1.0,0.6666666666666666,0.4444444444444445,1.0,19.495,43.015,23.52,35.175000000000004,10.453333333333331,43.015,0.0,1.062,1.062,0.7080000000000001,0.472,1.062,0.0,0.0,0.0,0.0,0.0,0.0,64.0,194.0,130.0,107.33333333333333,57.77777777777777,64.0
mp-569578,NbI5,Nb,Triclinic,P-1,1e-07,8.333333333333334e-09,12,True,41.0,53.0,12.0,51.0,3.3333333333333335,53.0,47.0,96.0,49.0,87.83333333333333,13.611111111111114,96.0,92.90638,126.90447,33.998090000000005,121.23812166666666,9.443913888888899,126.90447,386.85,2750.0,2363.15,780.7083333333334,656.4305555555555,386.85,5.0,17.0,12.0,15.0,3.3333333333333335,17.0,5.0,5.0,0.0,5.0,0.0,5.0,139.0,164.0,25.0,143.16666666666666,6.944444444444438,139.0,1.6,2.66,1.06,2.4833333333333334,0.2944444444444445,2.66,1.0,2.0,1.0,1.8333333333333333,0.27777777777777785,2.0,0.0,5.0,5.0,4.166666666666667,1.3888888888888886,5.0,4.0,10.0,6.0,9.0,1.6666666666666667,10.0,0.0,0.0,0.0,0.0,0.0,0.0,5.0,17.0,12.0,15.0,3.3333333333333335,17.0,0.0,1.0,1.0,0.16666666666666666,0.27777777777777773,0.0,0.0,1.0,1.0,0.8333333333333334,0.27777777777777773,1.0,0.0,6.0,6.0,1.0,1.6666666666666667,0.0,0.0,0.0,0.0,0.0,0.0,0.0,1.0,7.0,6.0,2.0,1.6666666666666667,1.0,18.18,43.015,24.835,38.87583333333333,6.898611111111112,43.015,0.0,1.062,1.062,0.8850000000000001,0.295,1.062,0.0,0.0,0.0,0.0,0.0,0.0,64.0,229.0,165.0,91.5,45.833333333333336,64.0
mp-569610,CoI2,Co,Trigonal,P-3m1,1.0067575,0.3355858333333333,3,True,27.0,53.0,26.0,44.333333333333336,11.555555555555555,53.0,58.0,96.0,38.0,83.33333333333333,16.88888888888889,96.0,58.933195,126.90447,67.971275,104.24737833333334,30.209455555555554,126.90447,386.85,1768.0,1381.15,847.2333333333332,613.8444444444444,386.85,9.0,17.0,8.0,14.333333333333334,3.5555555555555554,17.0,4.0,5.0,1.0,4.666666666666667,0.44444444444444436,5.0,126.0,139.0,13.0,134.66666666666666,5.777777777777781,139.0,1.88,2.66,0.7800000000000002,2.4,0.34666666666666685,2.66,2.0,2.0,0.0,2.0,0.0,2.0,0.0,5.0,5.0,3.3333333333333335,2.222222222222222,5.0,7.0,10.0,3.0,9.0,1.3333333333333333,10.0,0.0,0.0,0.0,0.0,0.0,0.0,9.0,17.0,8.0,14.333333333333334,3.5555555555555554,17.0,0.0,0.0,0.0,0.0,0.0,0.0,0.0,1.0,1.0,0.6666666666666666,0.4444444444444445,1.0,0.0,3.0,3.0,1.0,1.3333333333333333,0.0,0.0,0.0,0.0,0.0,0.0,0.0,1.0,3.0,2.0,1.6666666666666667,0.888888888888889,1.0,10.245,43.015,32.77,32.09166666666667,14.564444444444446,43.015,0.0,1.062,1.062,0.7080000000000001,0.472,1.062,0.0,1.5484712,1.5484712,0.5161570666666667,0.6882094222222221,0.0,64.0,194.0,130.0,107.33333333333333,57.77777777777777,64.0
mp-569611,CdI2,Cd,Trigonal,P3m1,0.0137316,0.0002692470588235,51,False,48.0,53.0,5.0,51.333333333333336,2.2222222222222214,53.0,70.0,96.0,26.0,87.33333333333333,11.555555555555557,96.0,112.411,126.90447,14.493470000000002,122.07331333333333,6.441542222222225,126.90447,386.85,594.22,207.37,455.97333333333336,92.16444444444444,386.85,12.0,17.0,5.0,15.333333333333334,2.222222222222222,17.0,5.0,5.0,0.0,5.0,0.0,5.0,139.0,144.0,5.0,140.66666666666666,2.222222222222219,139.0,1.69,2.66,0.9700000000000002,2.3366666666666664,0.4311111111111113,2.66,2.0,2.0,0.0,2.0,0.0,2.0,0.0,5.0,5.0,3.3333333333333335,2.222222222222222,5.0,10.0,10.0,0.0,10.0,0.0,10.0,0.0,0.0,0.0,0.0,0.0,0.0,12.0,17.0,5.0,15.333333333333334,2.222222222222222,17.0,0.0,0.0,0.0,0.0,0.0,0.0,0.0,1.0,1.0,0.6666666666666666,0.4444444444444445,1.0,0.0,0.0,0.0,0.0,0.0,0.0,0.0,0.0,0.0,0.0,0.0,0.0,0.0,1.0,1.0,0.6666666666666666,0.4444444444444445,1.0,19.495,43.015,23.52,35.175000000000004,10.453333333333331,43.015,0.0,1.062,1.062,0.7080000000000001,0.472,1.062,0.0,0.0,0.0,0.0,0.0,0.0,64.0,194.0,130.0,107.33333333333333,57.77777777777777,64.0
mp-569666,CdI2,Cd,Trigonal,P3m1,0.0157985,0.0003097745098039,51,False,48.0,53.0,5.0,51.333333333333336,2.2222222222222214,53.0,70.0,96.0,26.0,87.33333333333333,11.555555555555557,96.0,112.411,126.90447,14.493470000000002,122.07331333333333,6.441542222222225,126.90447,386.85,594.22,207.37,455.97333333333336,92.16444444444444,386.85,12.0,17.0,5.0,15.333333333333334,2.222222222222222,17.0,5.0,5.0,0.0,5.0,0.0,5.0,139.0,144.0,5.0,140.66666666666666,2.222222222222219,139.0,1.69,2.66,0.9700000000000002,2.3366666666666664,0.4311111111111113,2.66,2.0,2.0,0.0,2.0,0.0,2.0,0.0,5.0,5.0,3.3333333333333335,2.222222222222222,5.0,10.0,10.0,0.0,10.0,0.0,10.0,0.0,0.0,0.0,0.0,0.0,0.0,12.0,17.0,5.0,15.333333333333334,2.222222222222222,17.0,0.0,0.0,0.0,0.0,0.0,0.0,0.0,1.0,1.0,0.6666666666666666,0.4444444444444445,1.0,0.0,0.0,0.0,0.0,0.0,0.0,0.0,0.0,0.0,0.0,0.0,0.0,0.0,1.0,1.0,0.6666666666666666,0.4444444444444445,1.0,19.495,43.015,23.52,35.175000000000004,10.453333333333331,43.015,0.0,1.062,1.062,0.7080000000000001,0.472,1.062,0.0,0.0,0.0,0.0,0.0,0.0,64.0,194.0,130.0,107.33333333333333,57.77777777777777,64.0
mp-569722,CdI2,Cd,Trigonal,P3m1,0.0149648,0.0002934274509803,51,False,48.0,53.0,5.0,51.333333333333336,2.2222222222222214,53.0,70.0,96.0,26.0,87.33333333333333,11.555555555555557,96.0,112.411,126.90447,14.493470000000002,122.07331333333333,6.441542222222225,126.90447,386.85,594.22,207.37,455.97333333333336,92.16444444444444,386.85,12.0,17.0,5.0,15.333333333333334,2.222222222222222,17.0,5.0,5.0,0.0,5.0,0.0,5.0,139.0,144.0,5.0,140.66666666666666,2.222222222222219,139.0,1.69,2.66,0.9700000000000002,2.3366666666666664,0.4311111111111113,2.66,2.0,2.0,0.0,2.0,0.0,2.0,0.0,5.0,5.0,3.3333333333333335,2.222222222222222,5.0,10.0,10.0,0.0,10.0,0.0,10.0,0.0,0.0,0.0,0.0,0.0,0.0,12.0,17.0,5.0,15.333333333333334,2.222222222222222,17.0,0.0,0.0,0.0,0.0,0.0,0.0,0.0,1.0,1.0,0.6666666666666666,0.4444444444444445,1.0,0.0,0.0,0.0,0.0,0.0,0.0,0.0,0.0,0.0,0.0,0.0,0.0,0.0,1.0,1.0,0.6666666666666666,0.4444444444444445,1.0,19.495,43.015,23.52,35.175000000000004,10.453333333333331,43.015,0.0,1.062,1.062,0.7080000000000001,0.472,1.062,0.0,0.0,0.0,0.0,0.0,0.0,64.0,194.0,130.0,107.33333333333333,57.77777777777777,64.0
mp-569756,TiCl3,Ti,Trigonal,P3_112,6.0,0.25,24,False,17.0,22.0,5.0,18.25,1.875,17.0,43.0,94.0,51.0,81.25,19.125,94.0,35.453,47.867,12.413999999999994,38.5565,4.655249999999997,35.453,171.6,1941.0,1769.4,613.95,663.5250000000001,171.6,4.0,17.0,13.0,13.75,4.875,17.0,3.0,4.0,1.0,3.25,0.375,3.0,102.0,160.0,58.0,116.5,21.75,102.0,1.54,3.16,1.62,2.755,0.6075000000000002,3.16,2.0,2.0,0.0,2.0,0.0,2.0,0.0,5.0,5.0,3.75,1.875,5.0,0.0,2.0,2.0,0.5,0.75,0.0,0.0,0.0,0.0,0.0,0.0,0.0,4.0,7.0,3.0,6.25,1.125,7.0,0.0,0.0,0.0,0.0,0.0,0.0,0.0,1.0,1.0,0.75,0.375,1.0,0.0,8.0,8.0,2.0,3.0,0.0,0.0,0.0,0.0,0.0,0.0,0.0,1.0,8.0,7.0,2.75,2.625,1.0,16.69,24.4975,7.807499999999997,22.545624999999998,2.9278125,24.4975,0.0,2.493,2.493,1.8697499999999998,0.934875,2.493,0.0,2.25333333333e-05,2.25333333333e-05,5.633333333325e-06,8.4499999999875e-06,0.0,64.0,194.0,130.0,96.5,48.75,64.0
mp-569814,TiBr4,Ti,Cubic,Pa-3,0.0,0.0,40,True,22.0,35.0,13.0,32.4,4.160000000000001,35.0,43.0,95.0,52.0,84.6,16.640000000000004,95.0,47.867,79.904,32.037,73.4966,10.251839999999998,79.904,265.8,1941.0,1675.2,600.8399999999999,536.064,265.8,4.0,17.0,13.0,14.4,4.159999999999999,17.0,4.0,4.0,0.0,4.0,0.0,4.0,120.0,160.0,40.0,128.0,12.8,120.0,1.54,2.96,1.42,2.6759999999999997,0.45440000000000014,2.96,2.0,2.0,0.0,2.0,0.0,2.0,0.0,5.0,5.0,4.0,1.6,5.0,2.0,10.0,8.0,8.4,2.5599999999999996,10.0,0.0,0.0,0.0,0.0,0.0,0.0,4.0,17.0,13.0,14.4,4.159999999999999,17.0,0.0,0.0,0.0,0.0,0.0,0.0,0.0,1.0,1.0,0.8,0.31999999999999995,1.0,0.0,8.0,8.0,1.6,2.56,0.0,0.0,0.0,0.0,0.0,0.0,0.0,1.0,8.0,7.0,2.4,2.2399999999999998,1.0,16.69,29.48,12.79,26.922000000000004,4.092799999999998,29.48,0.0,1.457,1.457,1.1656,0.4662400000000001,1.457,0.0,2.25333333333e-05,2.25333333333e-05,4.50666666666e-06,7.210666666656e-06,0.0,64.0,194.0,130.0,90.0,41.6,64.0
mp-569843,MnBr2,Mn,Trigonal,R-3m,5.0000001,1.6666667000000002,3,False,25.0,35.0,10.0,31.666666666666668,4.444444444444444,35.0,52.0,95.0,43.0,80.66666666666667,19.11111111111111,95.0,54.938045,79.904,24.965954999999994,71.582015,11.095979999999997,79.904,265.8,1519.0,1253.2,683.5333333333333,556.9777777777778,265.8,7.0,17.0,10.0,13.666666666666666,4.444444444444445,17.0,4.0,4.0,0.0,4.0,0.0,4.0,120.0,139.0,19.0,126.33333333333333,8.444444444444443,120.0,1.55,2.96,1.41,2.4899999999999998,0.6266666666666667,2.96,2.0,2.0,0.0,2.0,0.0,2.0,0.0,5.0,5.0,3.3333333333333335,2.222222222222222,5.0,5.0,10.0,5.0,8.333333333333334,2.222222222222222,10.0,0.0,0.0,0.0,0.0,0.0,0.0,7.0,17.0,10.0,13.666666666666666,4.444444444444445,17.0,0.0,0.0,0.0,0.0,0.0,0.0,0.0,1.0,1.0,0.6666666666666666,0.4444444444444445,1.0,0.0,5.0,5.0,1.6666666666666667,2.222222222222222,0.0,0.0,0.0,0.0,0.0,0.0,0.0,1.0,5.0,4.0,2.3333333333333335,1.777777777777778,1.0,10.4875862069,29.48,18.9924137931,23.1491954023,8.441072796933334,29.48,0.0,1.457,1.457,0.9713333333333334,0.6475555555555556,1.457,0.0,0.000310120689655,0.000310120689655,0.00010337356321833333,0.00013783141762444443,0.0,64.0,217.0,153.0,115.0,68.0,64.0
mp-569855,MoCl5,Mo,Orthorhombic,Pnma,8.0000001,0.16666666875,48,False,17.0,42.0,25.0,21.166666666666668,6.9444444444444455,17.0,50.0,94.0,44.0,86.66666666666667,12.22222222222222,94.0,35.453,95.96,60.50699999999999,45.5375,16.807499999999997,35.453,171.6,2896.0,2724.4,625.6666666666666,756.7777777777777,171.6,6.0,17.0,11.0,15.166666666666666,3.055555555555556,17.0,3.0,5.0,2.0,3.3333333333333335,0.5555555555555557,3.0,102.0,154.0,52.0,110.66666666666667,14.444444444444448,102.0,2.16,3.16,1.0,2.9933333333333336,0.2777777777777777,3.16,1.0,2.0,1.0,1.8333333333333333,0.27777777777777785,2.0,0.0,5.0,5.0,4.166666666666667,1.3888888888888886,5.0,0.0,5.0,5.0,0.8333333333333334,1.388888888888889,0.0,0.0,0.0,0.0,0.0,0.0,0.0,6.0,7.0,1.0,6.833333333333333,0.27777777777777796,7.0,0.0,1.0,1.0,0.16666666666666666,0.27777777777777773,0.0,0.0,1.0,1.0,0.8333333333333334,0.27777777777777773,1.0,0.0,5.0,5.0,0.8333333333333334,1.388888888888889,0.0,0.0,0.0,0.0,0.0,0.0,0.0,1.0,6.0,5.0,1.8333333333333333,1.3888888888888886,1.0,15.69,24.4975,8.8075,23.029583333333335,2.4465277777777756,24.4975,0.0,2.493,2.493,2.0775,0.6924999999999999,2.493,0.0,0.0,0.0,0.0,0.0,0.0,64.0,229.0,165.0,91.5,45.833333333333336,64.0
mp-569890,CrCl3,Cr,Trigonal,P3_212,18.0000006,0.750000025,24,False,17.0,24.0,7.0,18.75,2.625,17.0,49.0,94.0,45.0,82.75,16.875,94.0,35.453,51.9961,16.543099999999995,39.588775,6.2036624999999965,35.453,171.6,2180.0,2008.4,673.7,753.1500000000001,171.6,6.0,17.0,11.0,14.25,4.125,17.0,3.0,4.0,1.0,3.25,0.375,3.0,102.0,139.0,37.0,111.25,13.875,102.0,1.66,3.16,1.5000000000000002,2.785,0.5625,3.16,1.0,2.0,1.0,1.75,0.375,2.0,0.0,5.0,5.0,3.75,1.875,5.0,0.0,5.0,5.0,1.25,1.875,0.0,0.0,0.0,0.0,0.0,0.0,0.0,6.0,7.0,1.0,6.75,0.375,7.0,0.0,1.0,1.0,0.25,0.375,0.0,0.0,1.0,1.0,0.75,0.375,1.0,0.0,5.0,5.0,1.25,1.875,0.0,0.0,0.0,0.0,0.0,0.0,0.0,1.0,6.0,5.0,2.25,1.875,1.0,11.19,24.4975,13.3075,21.170624999999998,4.9903125,24.4975,0.0,2.493,2.493,1.8697499999999998,0.934875,2.493,0.0,0.0,0.0,0.0,0.0,0.0,64.0,229.0,165.0,105.25,61.875,64.0
mp-569960,ZnBr2,Zn,Trigonal,R-3m,0.0,0.0,3,False,30.0,35.0,5.0,33.333333333333336,2.2222222222222214,35.0,69.0,95.0,26.0,86.33333333333333,11.555555555555557,95.0,65.38,79.904,14.524000000000001,75.06266666666666,6.455111111111113,79.904,265.8,692.68,426.87999999999994,408.0933333333333,189.7244444444444,265.8,12.0,17.0,5.0,15.333333333333334,2.222222222222222,17.0,4.0,4.0,0.0,4.0,0.0,4.0,120.0,122.0,2.0,120.66666666666667,0.8888888888888905,120.0,1.65,2.96,1.31,2.5233333333333334,0.5822222222222222,2.96,2.0,2.0,0.0,2.0,0.0,2.0,0.0,5.0,5.0,3.3333333333333335,2.222222222222222,5.0,10.0,10.0,0.0,10.0,0.0,10.0,0.0,0.0,0.0,0.0,0.0,0.0,12.0,17.0,5.0,15.333333333333334,2.222222222222222,17.0,0.0,0.0,0.0,0.0,0.0,0.0,0.0,1.0,1.0,0.6666666666666666,0.4444444444444445,1.0,0.0,0.0,0.0,0.0,0.0,0.0,0.0,0.0,0.0,0.0,0.0,0.0,0.0,1.0,1.0,0.6666666666666666,0.4444444444444445,1.0,13.96,29.48,15.52,24.30666666666667,6.897777777777777,29.48,0.0,1.457,1.457,0.9713333333333334,0.6475555555555556,1.457,0.0,0.0,0.0,0.0,0.0,0.0,64.0,194.0,130.0,107.33333333333333,57.77777777777777,64.0
mp-569964,CdI2,Cd,Trigonal,P3m1,0.0,0.0,24,False,48.0,53.0,5.0,51.333333333333336,2.2222222222222214,53.0,70.0,96.0,26.0,87.33333333333333,11.555555555555557,96.0,112.411,126.90447,14.493470000000002,122.07331333333333,6.441542222222225,126.90447,386.85,594.22,207.37,455.97333333333336,92.16444444444444,386.85,12.0,17.0,5.0,15.333333333333334,2.222222222222222,17.0,5.0,5.0,0.0,5.0,0.0,5.0,139.0,144.0,5.0,140.66666666666666,2.222222222222219,139.0,1.69,2.66,0.9700000000000002,2.3366666666666664,0.4311111111111113,2.66,2.0,2.0,0.0,2.0,0.0,2.0,0.0,5.0,5.0,3.3333333333333335,2.222222222222222,5.0,10.0,10.0,0.0,10.0,0.0,10.0,0.0,0.0,0.0,0.0,0.0,0.0,12.0,17.0,5.0,15.333333333333334,2.222222222222222,17.0,0.0,0.0,0.0,0.0,0.0,0.0,0.0,1.0,1.0,0.6666666666666666,0.4444444444444445,1.0,0.0,0.0,0.0,0.0,0.0,0.0,0.0,0.0,0.0,0.0,0.0,0.0,0.0,1.0,1.0,0.6666666666666666,0.4444444444444445,1.0,19.495,43.015,23.52,35.175000000000004,10.453333333333331,43.015,0.0,1.062,1.062,0.7080000000000001,0.472,1.062,0.0,0.0,0.0,0.0,0.0,0.0,64.0,194.0,130.0,107.33333333333333,57.77777777777777,64.0
mp-569994,CdI2,Cd,Hexagonal,P6_3mc,0.0,0.0,12,False,48.0,53.0,5.0,51.333333333333336,2.2222222222222214,53.0,70.0,96.0,26.0,87.33333333333333,11.555555555555557,96.0,112.411,126.90447,14.493470000000002,122.07331333333333,6.441542222222225,126.90447,386.85,594.22,207.37,455.97333333333336,92.16444444444444,386.85,12.0,17.0,5.0,15.333333333333334,2.222222222222222,17.0,5.0,5.0,0.0,5.0,0.0,5.0,139.0,144.0,5.0,140.66666666666666,2.222222222222219,139.0,1.69,2.66,0.9700000000000002,2.3366666666666664,0.4311111111111113,2.66,2.0,2.0,0.0,2.0,0.0,2.0,0.0,5.0,5.0,3.3333333333333335,2.222222222222222,5.0,10.0,10.0,0.0,10.0,0.0,10.0,0.0,0.0,0.0,0.0,0.0,0.0,12.0,17.0,5.0,15.333333333333334,2.222222222222222,17.0,0.0,0.0,0.0,0.0,0.0,0.0,0.0,1.0,1.0,0.6666666666666666,0.4444444444444445,1.0,0.0,0.0,0.0,0.0,0.0,0.0,0.0,0.0,0.0,0.0,0.0,0.0,0.0,1.0,1.0,0.6666666666666666,0.4444444444444445,1.0,19.495,43.015,23.52,35.175000000000004,10.453333333333331,43.015,0.0,1.062,1.062,0.7080000000000001,0.472,1.062,0.0,0.0,0.0,0.0,0.0,0.0,64.0,194.0,130.0,107.33333333333333,57.77777777777777,64.0
mp-570019,CdI2,Cd,Trigonal,P3m1,0.0,0.0,24,False,48.0,53.0,5.0,51.333333333333336,2.2222222222222214,53.0,70.0,96.0,26.0,87.33333333333333,11.555555555555557,96.0,112.411,126.90447,14.493470000000002,122.07331333333333,6.441542222222225,126.90447,386.85,594.22,207.37,455.97333333333336,92.16444444444444,386.85,12.0,17.0,5.0,15.333333333333334,2.222222222222222,17.0,5.0,5.0,0.0,5.0,0.0,5.0,139.0,144.0,5.0,140.66666666666666,2.222222222222219,139.0,1.69,2.66,0.9700000000000002,2.3366666666666664,0.4311111111111113,2.66,2.0,2.0,0.0,2.0,0.0,2.0,0.0,5.0,5.0,3.3333333333333335,2.222222222222222,5.0,10.0,10.0,0.0,10.0,0.0,10.0,0.0,0.0,0.0,0.0,0.0,0.0,12.0,17.0,5.0,15.333333333333334,2.222222222222222,17.0,0.0,0.0,0.0,0.0,0.0,0.0,0.0,1.0,1.0,0.6666666666666666,0.4444444444444445,1.0,0.0,0.0,0.0,0.0,0.0,0.0,0.0,0.0,0.0,0.0,0.0,0.0,0.0,1.0,1.0,0.6666666666666666,0.4444444444444445,1.0,19.495,43.015,23.52,35.175000000000004,10.453333333333331,43.015,0.0,1.062,1.062,0.7080000000000001,0.472,1.062,0.0,0.0,0.0,0.0,0.0,0.0,64.0,194.0,130.0,107.33333333333333,57.77777777777777,64.0
mp-570044,NbI4,Nb,Orthorhombic,Cmc2_1,0.0,0.0,20,True,41.0,53.0,12.0,50.6,3.839999999999999,53.0,47.0,96.0,49.0,86.2,15.679999999999998,96.0,92.90638,126.90447,33.998090000000005,120.10485200000001,10.879388799999997,126.90447,386.85,2750.0,2363.15,859.4799999999999,756.2079999999999,386.85,5.0,17.0,12.0,14.6,3.8400000000000007,17.0,5.0,5.0,0.0,5.0,0.0,5.0,139.0,164.0,25.0,144.0,8.0,139.0,1.6,2.66,1.06,2.448,0.3392000000000001,2.66,1.0,2.0,1.0,1.8,0.31999999999999995,2.0,0.0,5.0,5.0,4.0,1.6,5.0,4.0,10.0,6.0,8.8,1.9199999999999995,10.0,0.0,0.0,0.0,0.0,0.0,0.0,5.0,17.0,12.0,14.6,3.8400000000000007,17.0,0.0,1.0,1.0,0.2,0.32,0.0,0.0,1.0,1.0,0.8,0.31999999999999995,1.0,0.0,6.0,6.0,1.2,1.92,0.0,0.0,0.0,0.0,0.0,0.0,0.0,1.0,7.0,6.0,2.2,1.9200000000000004,1.0,18.18,43.015,24.835,38.048,7.9472,43.015,0.0,1.062,1.062,0.8496,0.33984000000000003,1.062,0.0,0.0,0.0,0.0,0.0,0.0,64.0,229.0,165.0,97.0,52.8,64.0
mp-570054,CdI2,Cd,Hexagonal,P6_3mc,0.0,0.0,24,False,48.0,53.0,5.0,51.333333333333336,2.2222222222222214,53.0,70.0,96.0,26.0,87.33333333333333,11.555555555555557,96.0,112.411,126.90447,14.493470000000002,122.07331333333333,6.441542222222225,126.90447,386.85,594.22,207.37,455.97333333333336,92.16444444444444,386.85,12.0,17.0,5.0,15.333333333333334,2.222222222222222,17.0,5.0,5.0,0.0,5.0,0.0,5.0,139.0,144.0,5.0,140.66666666666666,2.222222222222219,139.0,1.69,2.66,0.9700000000000002,2.3366666666666664,0.4311111111111113,2.66,2.0,2.0,0.0,2.0,0.0,2.0,0.0,5.0,5.0,3.3333333333333335,2.222222222222222,5.0,10.0,10.0,0.0,10.0,0.0,10.0,0.0,0.0,0.0,0.0,0.0,0.0,12.0,17.0,5.0,15.333333333333334,2.222222222222222,17.0,0.0,0.0,0.0,0.0,0.0,0.0,0.0,1.0,1.0,0.6666666666666666,0.4444444444444445,1.0,0.0,0.0,0.0,0.0,0.0,0.0,0.0,0.0,0.0,0.0,0.0,0.0,0.0,1.0,1.0,0.6666666666666666,0.4444444444444445,1.0,19.495,43.015,23.52,35.175000000000004,10.453333333333331,43.015,0.0,1.062,1.062,0.7080000000000001,0.472,1.062,0.0,0.0,0.0,0.0,0.0,0.0,64.0,194.0,130.0,107.33333333333333,57.77777777777777,64.0
mp-570081,CuI,Cu,Trigonal,P-3m1,0.0,0.0,4,True,29.0,53.0,24.0,41.0,12.0,29.0,64.0,96.0,32.0,80.0,16.0,64.0,63.546,126.90447,63.358470000000004,95.225235,31.679235000000002,63.546,386.85,1357.77,970.92,872.31,485.46,386.85,11.0,17.0,6.0,14.0,3.0,11.0,4.0,5.0,1.0,4.5,0.5,4.0,132.0,139.0,7.0,135.5,3.5,132.0,1.9,2.66,0.7600000000000002,2.2800000000000002,0.3800000000000001,1.9,1.0,2.0,1.0,1.5,0.5,1.0,0.0,5.0,5.0,2.5,2.5,0.0,10.0,10.0,0.0,10.0,0.0,10.0,0.0,0.0,0.0,0.0,0.0,0.0,11.0,17.0,6.0,14.0,3.0,11.0,0.0,1.0,1.0,0.5,0.5,0.0,0.0,1.0,1.0,0.5,0.5,0.0,0.0,0.0,0.0,0.0,0.0,0.0,0.0,0.0,0.0,0.0,0.0,0.0,1.0,1.0,0.0,1.0,0.0,1.0,11.07,43.015,31.945,27.0425,15.9725,11.07,0.0,1.062,1.062,0.531,0.531,0.0,0.0,0.0,0.0,0.0,0.0,0.0,64.0,225.0,161.0,144.5,80.5,64.0
mp-570082,CdI2,Cd,Trigonal,P3m1,0.0,0.0,24,False,48.0,53.0,5.0,51.333333333333336,2.2222222222222214,53.0,70.0,96.0,26.0,87.33333333333333,11.555555555555557,96.0,112.411,126.90447,14.493470000000002,122.07331333333333,6.441542222222225,126.90447,386.85,594.22,207.37,455.97333333333336,92.16444444444444,386.85,12.0,17.0,5.0,15.333333333333334,2.222222222222222,17.0,5.0,5.0,0.0,5.0,0.0,5.0,139.0,144.0,5.0,140.66666666666666,2.222222222222219,139.0,1.69,2.66,0.9700000000000002,2.3366666666666664,0.4311111111111113,2.66,2.0,2.0,0.0,2.0,0.0,2.0,0.0,5.0,5.0,3.3333333333333335,2.222222222222222,5.0,10.0,10.0,0.0,10.0,0.0,10.0,0.0,0.0,0.0,0.0,0.0,0.0,12.0,17.0,5.0,15.333333333333334,2.222222222222222,17.0,0.0,0.0,0.0,0.0,0.0,0.0,0.0,1.0,1.0,0.6666666666666666,0.4444444444444445,1.0,0.0,0.0,0.0,0.0,0.0,0.0,0.0,0.0,0.0,0.0,0.0,0.0,0.0,1.0,1.0,0.6666666666666666,0.4444444444444445,1.0,19.495,43.015,23.52,35.175000000000004,10.453333333333331,43.015,0.0,1.062,1.062,0.7080000000000001,0.472,1.062,0.0,0.0,0.0,0.0,0.0,0.0,64.0,194.0,130.0,107.33333333333333,57.77777777777777,64.0
mp-570089,CdI2,Cd,Hexagonal,P6_3mc,0.0,0.0,36,False,48.0,53.0,5.0,51.333333333333336,2.2222222222222214,53.0,70.0,96.0,26.0,87.33333333333333,11.555555555555557,96.0,112.411,126.90447,14.493470000000002,122.07331333333333,6.441542222222225,126.90447,386.85,594.22,207.37,455.97333333333336,92.16444444444444,386.85,12.0,17.0,5.0,15.333333333333334,2.222222222222222,17.0,5.0,5.0,0.0,5.0,0.0,5.0,139.0,144.0,5.0,140.66666666666666,2.222222222222219,139.0,1.69,2.66,0.9700000000000002,2.3366666666666664,0.4311111111111113,2.66,2.0,2.0,0.0,2.0,0.0,2.0,0.0,5.0,5.0,3.3333333333333335,2.222222222222222,5.0,10.0,10.0,0.0,10.0,0.0,10.0,0.0,0.0,0.0,0.0,0.0,0.0,12.0,17.0,5.0,15.333333333333334,2.222222222222222,17.0,0.0,0.0,0.0,0.0,0.0,0.0,0.0,1.0,1.0,0.6666666666666666,0.4444444444444445,1.0,0.0,0.0,0.0,0.0,0.0,0.0,0.0,0.0,0.0,0.0,0.0,0.0,0.0,1.0,1.0,0.6666666666666666,0.4444444444444445,1.0,19.495,43.015,23.52,35.175000000000004,10.453333333333331,43.015,0.0,1.062,1.062,0.7080000000000001,0.472,1.062,0.0,0.0,0.0,0.0,0.0,0.0,64.0,194.0,130.0,107.33333333333333,57.77777777777777,64.0
mp-570127,CdI2,Cd,Trigonal,P3m1,0.0,0.0,24,False,48.0,53.0,5.0,51.333333333333336,2.2222222222222214,53.0,70.0,96.0,26.0,87.33333333333333,11.555555555555557,96.0,112.411,126.90447,14.493470000000002,122.07331333333333,6.441542222222225,126.90447,386.85,594.22,207.37,455.97333333333336,92.16444444444444,386.85,12.0,17.0,5.0,15.333333333333334,2.222222222222222,17.0,5.0,5.0,0.0,5.0,0.0,5.0,139.0,144.0,5.0,140.66666666666666,2.222222222222219,139.0,1.69,2.66,0.9700000000000002,2.3366666666666664,0.4311111111111113,2.66,2.0,2.0,0.0,2.0,0.0,2.0,0.0,5.0,5.0,3.3333333333333335,2.222222222222222,5.0,10.0,10.0,0.0,10.0,0.0,10.0,0.0,0.0,0.0,0.0,0.0,0.0,12.0,17.0,5.0,15.333333333333334,2.222222222222222,17.0,0.0,0.0,0.0,0.0,0.0,0.0,0.0,1.0,1.0,0.6666666666666666,0.4444444444444445,1.0,0.0,0.0,0.0,0.0,0.0,0.0,0.0,0.0,0.0,0.0,0.0,0.0,0.0,1.0,1.0,0.6666666666666666,0.4444444444444445,1.0,19.495,43.015,23.52,35.175000000000004,10.453333333333331,43.015,0.0,1.062,1.062,0.7080000000000001,0.472,1.062,0.0,0.0,0.0,0.0,0.0,0.0,64.0,194.0,130.0,107.33333333333333,57.77777777777777,64.0
mp-570136,CuI,Cu,Trigonal,P3m1,0.0,0.0,12,False,29.0,53.0,24.0,41.0,12.0,29.0,64.0,96.0,32.0,80.0,16.0,64.0,63.546,126.90447,63.358470000000004,95.225235,31.679235000000002,63.546,386.85,1357.77,970.92,872.31,485.46,386.85,11.0,17.0,6.0,14.0,3.0,11.0,4.0,5.0,1.0,4.5,0.5,4.0,132.0,139.0,7.0,135.5,3.5,132.0,1.9,2.66,0.7600000000000002,2.2800000000000002,0.3800000000000001,1.9,1.0,2.0,1.0,1.5,0.5,1.0,0.0,5.0,5.0,2.5,2.5,0.0,10.0,10.0,0.0,10.0,0.0,10.0,0.0,0.0,0.0,0.0,0.0,0.0,11.0,17.0,6.0,14.0,3.0,11.0,0.0,1.0,1.0,0.5,0.5,0.0,0.0,1.0,1.0,0.5,0.5,0.0,0.0,0.0,0.0,0.0,0.0,0.0,0.0,0.0,0.0,0.0,0.0,0.0,1.0,1.0,0.0,1.0,0.0,1.0,11.07,43.015,31.945,27.0425,15.9725,11.07,0.0,1.062,1.062,0.531,0.531,0.0,0.0,0.0,0.0,0.0,0.0,0.0,64.0,225.0,161.0,144.5,80.5,64.0
mp-570140,AuBr,Au,Tetragonal,I4_1/amd,0.0,0.0,8,False,35.0,79.0,44.0,57.0,22.0,35.0,66.0,95.0,29.0,80.5,14.5,66.0,79.904,196.966569,117.062569,138.4352845,58.5312845,79.904,265.8,1337.33,1071.53,801.5649999999999,535.7649999999999,265.8,11.0,17.0,6.0,14.0,3.0,11.0,4.0,6.0,2.0,5.0,1.0,4.0,120.0,136.0,16.0,128.0,8.0,120.0,2.54,2.96,0.41999999999999993,2.75,0.20999999999999996,2.54,1.0,2.0,1.0,1.5,0.5,1.0,0.0,5.0,5.0,2.5,2.5,0.0,10.0,10.0,0.0,10.0,0.0,10.0,0.0,14.0,14.0,7.0,7.0,0.0,17.0,25.0,8.0,21.0,4.0,17.0,0.0,1.0,1.0,0.5,0.5,0.0,0.0,1.0,1.0,0.5,0.5,0.0,0.0,0.0,0.0,0.0,0.0,0.0,0.0,0.0,0.0,0.0,0.0,0.0,1.0,1.0,0.0,1.0,0.0,1.0,16.7,29.48,12.780000000000001,23.09,6.390000000000001,16.7,0.0,1.457,1.457,0.7285,0.7285,0.0,0.0,0.0,0.0,0.0,0.0,0.0,64.0,225.0,161.0,144.5,80.5,64.0
mp-570165,CdI2,Cd,Trigonal,P3m1,0.0,0.0,27,False,48.0,53.0,5.0,51.333333333333336,2.2222222222222214,53.0,70.0,96.0,26.0,87.33333333333333,11.555555555555557,96.0,112.411,126.90447,14.493470000000002,122.07331333333333,6.441542222222225,126.90447,386.85,594.22,207.37,455.97333333333336,92.16444444444444,386.85,12.0,17.0,5.0,15.333333333333334,2.222222222222222,17.0,5.0,5.0,0.0,5.0,0.0,5.0,139.0,144.0,5.0,140.66666666666666,2.222222222222219,139.0,1.69,2.66,0.9700000000000002,2.3366666666666664,0.4311111111111113,2.66,2.0,2.0,0.0,2.0,0.0,2.0,0.0,5.0,5.0,3.3333333333333335,2.222222222222222,5.0,10.0,10.0,0.0,10.0,0.0,10.0,0.0,0.0,0.0,0.0,0.0,0.0,12.0,17.0,5.0,15.333333333333334,2.222222222222222,17.0,0.0,0.0,0.0,0.0,0.0,0.0,0.0,1.0,1.0,0.6666666666666666,0.4444444444444445,1.0,0.0,0.0,0.0,0.0,0.0,0.0,0.0,0.0,0.0,0.0,0.0,0.0,0.0,1.0,1.0,0.6666666666666666,0.4444444444444445,1.0,19.495,43.015,23.52,35.175000000000004,10.453333333333331,43.015,0.0,1.062,1.062,0.7080000000000001,0.472,1.062,0.0,0.0,0.0,0.0,0.0,0.0,64.0,194.0,130.0,107.33333333333333,57.77777777777777,64.0
mp-570188,ZrI3,Zr,Orthorhombic,Pmmn,1.8e-06,1.125e-07,16,True,40.0,53.0,13.0,49.75,4.875,53.0,44.0,96.0,52.0,83.0,19.5,96.0,91.224,126.90447,35.68047,117.9843525,13.380176250000002,126.90447,386.85,2128.0,1741.15,822.1375,652.9312500000001,386.85,4.0,17.0,13.0,13.75,4.875,17.0,5.0,5.0,0.0,5.0,0.0,5.0,139.0,175.0,36.0,148.0,13.5,139.0,1.33,2.66,1.33,2.3275,0.49875,2.66,2.0,2.0,0.0,2.0,0.0,2.0,0.0,5.0,5.0,3.75,1.875,5.0,2.0,10.0,8.0,8.0,3.0,10.0,0.0,0.0,0.0,0.0,0.0,0.0,4.0,17.0,13.0,13.75,4.875,17.0,0.0,0.0,0.0,0.0,0.0,0.0,0.0,1.0,1.0,0.75,0.375,1.0,0.0,8.0,8.0,2.0,3.0,0.0,0.0,0.0,0.0,0.0,0.0,0.0,1.0,8.0,7.0,2.75,2.625,1.0,23.195,43.015,19.82,38.06,7.432499999999999,43.015,0.0,1.062,1.062,0.7965,0.39825000000000005,1.062,0.0,0.0,0.0,0.0,0.0,0.0,64.0,194.0,130.0,96.5,48.75,64.0
mp-570263,CdI2,Cd,Trigonal,P3m1,0.0003113,1.1529629629629629e-05,27,False,48.0,53.0,5.0,51.333333333333336,2.2222222222222214,53.0,70.0,96.0,26.0,87.33333333333333,11.555555555555557,96.0,112.411,126.90447,14.493470000000002,122.07331333333333,6.441542222222225,126.90447,386.85,594.22,207.37,455.97333333333336,92.16444444444444,386.85,12.0,17.0,5.0,15.333333333333334,2.222222222222222,17.0,5.0,5.0,0.0,5.0,0.0,5.0,139.0,144.0,5.0,140.66666666666666,2.222222222222219,139.0,1.69,2.66,0.9700000000000002,2.3366666666666664,0.4311111111111113,2.66,2.0,2.0,0.0,2.0,0.0,2.0,0.0,5.0,5.0,3.3333333333333335,2.222222222222222,5.0,10.0,10.0,0.0,10.0,0.0,10.0,0.0,0.0,0.0,0.0,0.0,0.0,12.0,17.0,5.0,15.333333333333334,2.222222222222222,17.0,0.0,0.0,0.0,0.0,0.0,0.0,0.0,1.0,1.0,0.6666666666666666,0.4444444444444445,1.0,0.0,0.0,0.0,0.0,0.0,0.0,0.0,0.0,0.0,0.0,0.0,0.0,0.0,1.0,1.0,0.6666666666666666,0.4444444444444445,1.0,19.495,43.015,23.52,35.175000000000004,10.453333333333331,43.015,0.0,1.062,1.062,0.7080000000000001,0.472,1.062,0.0,0.0,0.0,0.0,0.0,0.0,64.0,194.0,130.0,107.33333333333333,57.77777777777777,64.0
mp-570301,AgBr,Ag,Monoclinic,P2_1/m,0.0,0.0,4,False,35.0,47.0,12.0,41.0,6.0,35.0,65.0,95.0,30.0,80.0,15.0,65.0,79.904,107.8682,27.964200000000005,93.8861,13.982100000000003,79.904,265.8,1234.93,969.1300000000001,750.365,484.56500000000005,265.8,11.0,17.0,6.0,14.0,3.0,11.0,4.0,5.0,1.0,4.5,0.5,4.0,120.0,145.0,25.0,132.5,12.5,120.0,1.93,2.96,1.03,2.445,0.515,1.93,1.0,2.0,1.0,1.5,0.5,1.0,0.0,5.0,5.0,2.5,2.5,0.0,10.0,10.0,0.0,10.0,0.0,10.0,0.0,0.0,0.0,0.0,0.0,0.0,11.0,17.0,6.0,14.0,3.0,11.0,0.0,1.0,1.0,0.5,0.5,0.0,0.0,1.0,1.0,0.5,0.5,0.0,0.0,0.0,0.0,0.0,0.0,0.0,0.0,0.0,0.0,0.0,0.0,0.0,1.0,1.0,0.0,1.0,0.0,1.0,16.33,29.48,13.150000000000002,22.905,6.575000000000001,16.33,0.0,1.457,1.457,0.7285,0.7285,0.0,0.0,0.0,0.0,0.0,0.0,0.0,64.0,225.0,161.0,144.5,80.5,64.0
mp-570314,CdI2,Cd,Trigonal,P3m1,0.0,0.0,27,False,48.0,53.0,5.0,51.333333333333336,2.2222222222222214,53.0,70.0,96.0,26.0,87.33333333333333,11.555555555555557,96.0,112.411,126.90447,14.493470000000002,122.07331333333333,6.441542222222225,126.90447,386.85,594.22,207.37,455.97333333333336,92.16444444444444,386.85,12.0,17.0,5.0,15.333333333333334,2.222222222222222,17.0,5.0,5.0,0.0,5.0,0.0,5.0,139.0,144.0,5.0,140.66666666666666,2.222222222222219,139.0,1.69,2.66,0.9700000000000002,2.3366666666666664,0.4311111111111113,2.66,2.0,2.0,0.0,2.0,0.0,2.0,0.0,5.0,5.0,3.3333333333333335,2.222222222222222,5.0,10.0,10.0,0.0,10.0,0.0,10.0,0.0,0.0,0.0,0.0,0.0,0.0,12.0,17.0,5.0,15.333333333333334,2.222222222222222,17.0,0.0,0.0,0.0,0.0,0.0,0.0,0.0,1.0,1.0,0.6666666666666666,0.4444444444444445,1.0,0.0,0.0,0.0,0.0,0.0,0.0,0.0,0.0,0.0,0.0,0.0,0.0,0.0,1.0,1.0,0.6666666666666666,0.4444444444444445,1.0,19.495,43.015,23.52,35.175000000000004,10.453333333333331,43.015,0.0,1.062,1.062,0.7080000000000001,0.472,1.062,0.0,0.0,0.0,0.0,0.0,0.0,64.0,194.0,130.0,107.33333333333333,57.77777777777777,64.0
mp-570354,CuBr,Cu,Cubic,Fm-3m,0.0,0.0,2,False,29.0,35.0,6.0,32.0,3.0,29.0,64.0,95.0,31.0,79.5,15.5,64.0,63.546,79.904,16.357999999999997,71.725,8.178999999999998,63.546,265.8,1357.77,1091.97,811.785,545.9849999999999,265.8,11.0,17.0,6.0,14.0,3.0,11.0,4.0,4.0,0.0,4.0,0.0,4.0,120.0,132.0,12.0,126.0,6.0,120.0,1.9,2.96,1.06,2.4299999999999997,0.53,1.9,1.0,2.0,1.0,1.5,0.5,1.0,0.0,5.0,5.0,2.5,2.5,0.0,10.0,10.0,0.0,10.0,0.0,10.0,0.0,0.0,0.0,0.0,0.0,0.0,11.0,17.0,6.0,14.0,3.0,11.0,0.0,1.0,1.0,0.5,0.5,0.0,0.0,1.0,1.0,0.5,0.5,0.0,0.0,0.0,0.0,0.0,0.0,0.0,0.0,0.0,0.0,0.0,0.0,0.0,1.0,1.0,0.0,1.0,0.0,1.0,11.07,29.48,18.41,20.275,9.205,11.07,0.0,1.457,1.457,0.7285,0.7285,0.0,0.0,0.0,0.0,0.0,0.0,0.0,64.0,225.0,161.0,144.5,80.5,64.0
mp-570410,CdI2,Cd,Trigonal,P3m1,0.0,0.0,27,False,48.0,53.0,5.0,51.333333333333336,2.2222222222222214,53.0,70.0,96.0,26.0,87.33333333333333,11.555555555555557,96.0,112.411,126.90447,14.493470000000002,122.07331333333333,6.441542222222225,126.90447,386.85,594.22,207.37,455.97333333333336,92.16444444444444,386.85,12.0,17.0,5.0,15.333333333333334,2.222222222222222,17.0,5.0,5.0,0.0,5.0,0.0,5.0,139.0,144.0,5.0,140.66666666666666,2.222222222222219,139.0,1.69,2.66,0.9700000000000002,2.3366666666666664,0.4311111111111113,2.66,2.0,2.0,0.0,2.0,0.0,2.0,0.0,5.0,5.0,3.3333333333333335,2.222222222222222,5.0,10.0,10.0,0.0,10.0,0.0,10.0,0.0,0.0,0.0,0.0,0.0,0.0,12.0,17.0,5.0,15.333333333333334,2.222222222222222,17.0,0.0,0.0,0.0,0.0,0.0,0.0,0.0,1.0,1.0,0.6666666666666666,0.4444444444444445,1.0,0.0,0.0,0.0,0.0,0.0,0.0,0.0,0.0,0.0,0.0,0.0,0.0,0.0,1.0,1.0,0.6666666666666666,0.4444444444444445,1.0,19.495,43.015,23.52,35.175000000000004,10.453333333333331,43.015,0.0,1.062,1.062,0.7080000000000001,0.472,1.062,0.0,0.0,0.0,0.0,0.0,0.0,64.0,194.0,130.0,107.33333333333333,57.77777777777777,64.0
mp-570437,CdI2,Cd,Trigonal,P3m1,0.0,0.0,9,True,48.0,53.0,5.0,51.333333333333336,2.2222222222222214,53.0,70.0,96.0,26.0,87.33333333333333,11.555555555555557,96.0,112.411,126.90447,14.493470000000002,122.07331333333333,6.441542222222225,126.90447,386.85,594.22,207.37,455.97333333333336,92.16444444444444,386.85,12.0,17.0,5.0,15.333333333333334,2.222222222222222,17.0,5.0,5.0,0.0,5.0,0.0,5.0,139.0,144.0,5.0,140.66666666666666,2.222222222222219,139.0,1.69,2.66,0.9700000000000002,2.3366666666666664,0.4311111111111113,2.66,2.0,2.0,0.0,2.0,0.0,2.0,0.0,5.0,5.0,3.3333333333333335,2.222222222222222,5.0,10.0,10.0,0.0,10.0,0.0,10.0,0.0,0.0,0.0,0.0,0.0,0.0,12.0,17.0,5.0,15.333333333333334,2.222222222222222,17.0,0.0,0.0,0.0,0.0,0.0,0.0,0.0,1.0,1.0,0.6666666666666666,0.4444444444444445,1.0,0.0,0.0,0.0,0.0,0.0,0.0,0.0,0.0,0.0,0.0,0.0,0.0,0.0,1.0,1.0,0.6666666666666666,0.4444444444444445,1.0,19.495,43.015,23.52,35.175000000000004,10.453333333333331,43.015,0.0,1.062,1.062,0.7080000000000001,0.472,1.062,0.0,0.0,0.0,0.0,0.0,0.0,64.0,194.0,130.0,107.33333333333333,57.77777777777777,64.0
mp-570448,CdI2,Cd,Trigonal,P3m1,0.0166349,0.0004265358974358,39,False,48.0,53.0,5.0,51.333333333333336,2.2222222222222214,53.0,70.0,96.0,26.0,87.33333333333333,11.555555555555557,96.0,112.411,126.90447,14.493470000000002,122.07331333333333,6.441542222222225,126.90447,386.85,594.22,207.37,455.97333333333336,92.16444444444444,386.85,12.0,17.0,5.0,15.333333333333334,2.222222222222222,17.0,5.0,5.0,0.0,5.0,0.0,5.0,139.0,144.0,5.0,140.66666666666666,2.222222222222219,139.0,1.69,2.66,0.9700000000000002,2.3366666666666664,0.4311111111111113,2.66,2.0,2.0,0.0,2.0,0.0,2.0,0.0,5.0,5.0,3.3333333333333335,2.222222222222222,5.0,10.0,10.0,0.0,10.0,0.0,10.0,0.0,0.0,0.0,0.0,0.0,0.0,12.0,17.0,5.0,15.333333333333334,2.222222222222222,17.0,0.0,0.0,0.0,0.0,0.0,0.0,0.0,1.0,1.0,0.6666666666666666,0.4444444444444445,1.0,0.0,0.0,0.0,0.0,0.0,0.0,0.0,0.0,0.0,0.0,0.0,0.0,0.0,1.0,1.0,0.6666666666666666,0.4444444444444445,1.0,19.495,43.015,23.52,35.175000000000004,10.453333333333331,43.015,0.0,1.062,1.062,0.7080000000000001,0.472,1.062,0.0,0.0,0.0,0.0,0.0,0.0,64.0,194.0,130.0,107.33333333333333,57.77777777777777,64.0
mp-570472,CdI2,Cd,Trigonal,P3m1,0.0,0.0,15,False,48.0,53.0,5.0,51.333333333333336,2.2222222222222214,53.0,70.0,96.0,26.0,87.33333333333333,11.555555555555557,96.0,112.411,126.90447,14.493470000000002,122.07331333333333,6.441542222222225,126.90447,386.85,594.22,207.37,455.97333333333336,92.16444444444444,386.85,12.0,17.0,5.0,15.333333333333334,2.222222222222222,17.0,5.0,5.0,0.0,5.0,0.0,5.0,139.0,144.0,5.0,140.66666666666666,2.222222222222219,139.0,1.69,2.66,0.9700000000000002,2.3366666666666664,0.4311111111111113,2.66,2.0,2.0,0.0,2.0,0.0,2.0,0.0,5.0,5.0,3.3333333333333335,2.222222222222222,5.0,10.0,10.0,0.0,10.0,0.0,10.0,0.0,0.0,0.0,0.0,0.0,0.0,12.0,17.0,5.0,15.333333333333334,2.222222222222222,17.0,0.0,0.0,0.0,0.0,0.0,0.0,0.0,1.0,1.0,0.6666666666666666,0.4444444444444445,1.0,0.0,0.0,0.0,0.0,0.0,0.0,0.0,0.0,0.0,0.0,0.0,0.0,0.0,1.0,1.0,0.6666666666666666,0.4444444444444445,1.0,19.495,43.015,23.52,35.175000000000004,10.453333333333331,43.015,0.0,1.062,1.062,0.7080000000000001,0.472,1.062,0.0,0.0,0.0,0.0,0.0,0.0,64.0,194.0,130.0,107.33333333333333,57.77777777777777,64.0
mp-570480,TcBr4,Tc,Orthorhombic,Pbca,24.000065,0.600001625,40,True,35.0,43.0,8.0,36.6,2.560000000000001,35.0,53.0,95.0,42.0,86.6,13.440000000000003,95.0,79.904,98.0,18.096000000000004,83.5232,5.790720000000005,79.904,265.8,2430.0,2164.2,698.64,692.5440000000001,265.8,7.0,17.0,10.0,15.0,3.2,17.0,4.0,5.0,1.0,4.2,0.3200000000000001,4.0,120.0,147.0,27.0,125.4,8.640000000000004,120.0,1.9,2.96,1.06,2.748,0.33919999999999983,2.96,2.0,2.0,0.0,2.0,0.0,2.0,0.0,5.0,5.0,4.0,1.6,5.0,5.0,10.0,5.0,9.0,1.6,10.0,0.0,0.0,0.0,0.0,0.0,0.0,7.0,17.0,10.0,15.0,3.2,17.0,0.0,0.0,0.0,0.0,0.0,0.0,0.0,1.0,1.0,0.8,0.31999999999999995,1.0,0.0,5.0,5.0,1.0,1.6,0.0,0.0,0.0,0.0,0.0,0.0,0.0,1.0,5.0,4.0,1.8,1.28,1.0,14.285,29.48,15.195,26.441000000000003,4.862399999999999,29.48,0.0,1.457,1.457,1.1656,0.4662400000000001,1.457,0.0,0.0,0.0,0.0,0.0,0.0,64.0,194.0,130.0,90.0,41.6,64.0
mp-570492,CdI2,Cd,Trigonal,P3m1,0.0,0.0,39,False,48.0,53.0,5.0,51.333333333333336,2.2222222222222214,53.0,70.0,96.0,26.0,87.33333333333333,11.555555555555557,96.0,112.411,126.90447,14.493470000000002,122.07331333333333,6.441542222222225,126.90447,386.85,594.22,207.37,455.97333333333336,92.16444444444444,386.85,12.0,17.0,5.0,15.333333333333334,2.222222222222222,17.0,5.0,5.0,0.0,5.0,0.0,5.0,139.0,144.0,5.0,140.66666666666666,2.222222222222219,139.0,1.69,2.66,0.9700000000000002,2.3366666666666664,0.4311111111111113,2.66,2.0,2.0,0.0,2.0,0.0,2.0,0.0,5.0,5.0,3.3333333333333335,2.222222222222222,5.0,10.0,10.0,0.0,10.0,0.0,10.0,0.0,0.0,0.0,0.0,0.0,0.0,12.0,17.0,5.0,15.333333333333334,2.222222222222222,17.0,0.0,0.0,0.0,0.0,0.0,0.0,0.0,1.0,1.0,0.6666666666666666,0.4444444444444445,1.0,0.0,0.0,0.0,0.0,0.0,0.0,0.0,0.0,0.0,0.0,0.0,0.0,0.0,1.0,1.0,0.6666666666666666,0.4444444444444445,1.0,19.495,43.015,23.52,35.175000000000004,10.453333333333331,43.015,0.0,1.062,1.062,0.7080000000000001,0.472,1.062,0.0,0.0,0.0,0.0,0.0,0.0,64.0,194.0,130.0,107.33333333333333,57.77777777777777,64.0
mp-570506,ZrI2,Zr,Orthorhombic,Pmn2_1,0.0,0.0,12,True,40.0,53.0,13.0,48.666666666666664,5.777777777777779,53.0,44.0,96.0,52.0,78.66666666666667,23.11111111111111,96.0,91.224,126.90447,35.68047,115.01098,15.857986666666667,126.90447,386.85,2128.0,1741.15,967.2333333333332,773.8444444444444,386.85,4.0,17.0,13.0,12.666666666666666,5.777777777777779,17.0,5.0,5.0,0.0,5.0,0.0,5.0,139.0,175.0,36.0,151.0,16.0,139.0,1.33,2.66,1.33,2.216666666666667,0.5911111111111111,2.66,2.0,2.0,0.0,2.0,0.0,2.0,0.0,5.0,5.0,3.3333333333333335,2.222222222222222,5.0,2.0,10.0,8.0,7.333333333333333,3.555555555555556,10.0,0.0,0.0,0.0,0.0,0.0,0.0,4.0,17.0,13.0,12.666666666666666,5.777777777777779,17.0,0.0,0.0,0.0,0.0,0.0,0.0,0.0,1.0,1.0,0.6666666666666666,0.4444444444444445,1.0,0.0,8.0,8.0,2.6666666666666665,3.555555555555556,0.0,0.0,0.0,0.0,0.0,0.0,0.0,1.0,8.0,7.0,3.3333333333333335,3.1111111111111107,1.0,23.195,43.015,19.82,36.40833333333333,8.80888888888889,43.015,0.0,1.062,1.062,0.7080000000000001,0.472,1.062,0.0,0.0,0.0,0.0,0.0,0.0,64.0,194.0,130.0,107.33333333333333,57.77777777777777,64.0
mp-570511,CdI2,Cd,Trigonal,P3m1,0.0,0.0,15,False,48.0,53.0,5.0,51.333333333333336,2.2222222222222214,53.0,70.0,96.0,26.0,87.33333333333333,11.555555555555557,96.0,112.411,126.90447,14.493470000000002,122.07331333333333,6.441542222222225,126.90447,386.85,594.22,207.37,455.97333333333336,92.16444444444444,386.85,12.0,17.0,5.0,15.333333333333334,2.222222222222222,17.0,5.0,5.0,0.0,5.0,0.0,5.0,139.0,144.0,5.0,140.66666666666666,2.222222222222219,139.0,1.69,2.66,0.9700000000000002,2.3366666666666664,0.4311111111111113,2.66,2.0,2.0,0.0,2.0,0.0,2.0,0.0,5.0,5.0,3.3333333333333335,2.222222222222222,5.0,10.0,10.0,0.0,10.0,0.0,10.0,0.0,0.0,0.0,0.0,0.0,0.0,12.0,17.0,5.0,15.333333333333334,2.222222222222222,17.0,0.0,0.0,0.0,0.0,0.0,0.0,0.0,1.0,1.0,0.6666666666666666,0.4444444444444445,1.0,0.0,0.0,0.0,0.0,0.0,0.0,0.0,0.0,0.0,0.0,0.0,0.0,0.0,1.0,1.0,0.6666666666666666,0.4444444444444445,1.0,19.495,43.015,23.52,35.175000000000004,10.453333333333331,43.015,0.0,1.062,1.062,0.7080000000000001,0.472,1.062,0.0,0.0,0.0,0.0,0.0,0.0,64.0,194.0,130.0,107.33333333333333,57.77777777777777,64.0
mp-570552,CdI2,Cd,Trigonal,P3m1,0.0,0.0,39,False,48.0,53.0,5.0,51.333333333333336,2.2222222222222214,53.0,70.0,96.0,26.0,87.33333333333333,11.555555555555557,96.0,112.411,126.90447,14.493470000000002,122.07331333333333,6.441542222222225,126.90447,386.85,594.22,207.37,455.97333333333336,92.16444444444444,386.85,12.0,17.0,5.0,15.333333333333334,2.222222222222222,17.0,5.0,5.0,0.0,5.0,0.0,5.0,139.0,144.0,5.0,140.66666666666666,2.222222222222219,139.0,1.69,2.66,0.9700000000000002,2.3366666666666664,0.4311111111111113,2.66,2.0,2.0,0.0,2.0,0.0,2.0,0.0,5.0,5.0,3.3333333333333335,2.222222222222222,5.0,10.0,10.0,0.0,10.0,0.0,10.0,0.0,0.0,0.0,0.0,0.0,0.0,12.0,17.0,5.0,15.333333333333334,2.222222222222222,17.0,0.0,0.0,0.0,0.0,0.0,0.0,0.0,1.0,1.0,0.6666666666666666,0.4444444444444445,1.0,0.0,0.0,0.0,0.0,0.0,0.0,0.0,0.0,0.0,0.0,0.0,0.0,0.0,1.0,1.0,0.6666666666666666,0.4444444444444445,1.0,19.495,43.015,23.52,35.175000000000004,10.453333333333331,43.015,0.0,1.062,1.062,0.7080000000000001,0.472,1.062,0.0,0.0,0.0,0.0,0.0,0.0,64.0,194.0,130.0,107.33333333333333,57.77777777777777,64.0
mp-570559,CdI2,Cd,Trigonal,P3m1,0.0,0.0,15,False,48.0,53.0,5.0,51.333333333333336,2.2222222222222214,53.0,70.0,96.0,26.0,87.33333333333333,11.555555555555557,96.0,112.411,126.90447,14.493470000000002,122.07331333333333,6.441542222222225,126.90447,386.85,594.22,207.37,455.97333333333336,92.16444444444444,386.85,12.0,17.0,5.0,15.333333333333334,2.222222222222222,17.0,5.0,5.0,0.0,5.0,0.0,5.0,139.0,144.0,5.0,140.66666666666666,2.222222222222219,139.0,1.69,2.66,0.9700000000000002,2.3366666666666664,0.4311111111111113,2.66,2.0,2.0,0.0,2.0,0.0,2.0,0.0,5.0,5.0,3.3333333333333335,2.222222222222222,5.0,10.0,10.0,0.0,10.0,0.0,10.0,0.0,0.0,0.0,0.0,0.0,0.0,12.0,17.0,5.0,15.333333333333334,2.222222222222222,17.0,0.0,0.0,0.0,0.0,0.0,0.0,0.0,1.0,1.0,0.6666666666666666,0.4444444444444445,1.0,0.0,0.0,0.0,0.0,0.0,0.0,0.0,0.0,0.0,0.0,0.0,0.0,0.0,1.0,1.0,0.6666666666666666,0.4444444444444445,1.0,19.495,43.015,23.52,35.175000000000004,10.453333333333331,43.015,0.0,1.062,1.062,0.7080000000000001,0.472,1.062,0.0,0.0,0.0,0.0,0.0,0.0,64.0,194.0,130.0,107.33333333333333,57.77777777777777,64.0
mp-570610,CdI2,Cd,Trigonal,P3m1,0.0,0.0,39,False,48.0,53.0,5.0,51.333333333333336,2.2222222222222214,53.0,70.0,96.0,26.0,87.33333333333333,11.555555555555557,96.0,112.411,126.90447,14.493470000000002,122.07331333333333,6.441542222222225,126.90447,386.85,594.22,207.37,455.97333333333336,92.16444444444444,386.85,12.0,17.0,5.0,15.333333333333334,2.222222222222222,17.0,5.0,5.0,0.0,5.0,0.0,5.0,139.0,144.0,5.0,140.66666666666666,2.222222222222219,139.0,1.69,2.66,0.9700000000000002,2.3366666666666664,0.4311111111111113,2.66,2.0,2.0,0.0,2.0,0.0,2.0,0.0,5.0,5.0,3.3333333333333335,2.222222222222222,5.0,10.0,10.0,0.0,10.0,0.0,10.0,0.0,0.0,0.0,0.0,0.0,0.0,12.0,17.0,5.0,15.333333333333334,2.222222222222222,17.0,0.0,0.0,0.0,0.0,0.0,0.0,0.0,1.0,1.0,0.6666666666666666,0.4444444444444445,1.0,0.0,0.0,0.0,0.0,0.0,0.0,0.0,0.0,0.0,0.0,0.0,0.0,0.0,1.0,1.0,0.6666666666666666,0.4444444444444445,1.0,19.495,43.015,23.52,35.175000000000004,10.453333333333331,43.015,0.0,1.062,1.062,0.7080000000000001,0.472,1.062,0.0,0.0,0.0,0.0,0.0,0.0,64.0,194.0,130.0,107.33333333333333,57.77777777777777,64.0
mp-570613,CdI2,Cd,Trigonal,P3m1,0.0,0.0,18,False,48.0,53.0,5.0,51.333333333333336,2.2222222222222214,53.0,70.0,96.0,26.0,87.33333333333333,11.555555555555557,96.0,112.411,126.90447,14.493470000000002,122.07331333333333,6.441542222222225,126.90447,386.85,594.22,207.37,455.97333333333336,92.16444444444444,386.85,12.0,17.0,5.0,15.333333333333334,2.222222222222222,17.0,5.0,5.0,0.0,5.0,0.0,5.0,139.0,144.0,5.0,140.66666666666666,2.222222222222219,139.0,1.69,2.66,0.9700000000000002,2.3366666666666664,0.4311111111111113,2.66,2.0,2.0,0.0,2.0,0.0,2.0,0.0,5.0,5.0,3.3333333333333335,2.222222222222222,5.0,10.0,10.0,0.0,10.0,0.0,10.0,0.0,0.0,0.0,0.0,0.0,0.0,12.0,17.0,5.0,15.333333333333334,2.222222222222222,17.0,0.0,0.0,0.0,0.0,0.0,0.0,0.0,1.0,1.0,0.6666666666666666,0.4444444444444445,1.0,0.0,0.0,0.0,0.0,0.0,0.0,0.0,0.0,0.0,0.0,0.0,0.0,0.0,1.0,1.0,0.6666666666666666,0.4444444444444445,1.0,19.495,43.015,23.52,35.175000000000004,10.453333333333331,43.015,0.0,1.062,1.062,0.7080000000000001,0.472,1.062,0.0,0.0,0.0,0.0,0.0,0.0,64.0,194.0,130.0,107.33333333333333,57.77777777777777,64.0
mp-570671,CdI2,Cd,Trigonal,P3m1,0.0,0.0,18,False,48.0,53.0,5.0,51.333333333333336,2.2222222222222214,53.0,70.0,96.0,26.0,87.33333333333333,11.555555555555557,96.0,112.411,126.90447,14.493470000000002,122.07331333333333,6.441542222222225,126.90447,386.85,594.22,207.37,455.97333333333336,92.16444444444444,386.85,12.0,17.0,5.0,15.333333333333334,2.222222222222222,17.0,5.0,5.0,0.0,5.0,0.0,5.0,139.0,144.0,5.0,140.66666666666666,2.222222222222219,139.0,1.69,2.66,0.9700000000000002,2.3366666666666664,0.4311111111111113,2.66,2.0,2.0,0.0,2.0,0.0,2.0,0.0,5.0,5.0,3.3333333333333335,2.222222222222222,5.0,10.0,10.0,0.0,10.0,0.0,10.0,0.0,0.0,0.0,0.0,0.0,0.0,12.0,17.0,5.0,15.333333333333334,2.222222222222222,17.0,0.0,0.0,0.0,0.0,0.0,0.0,0.0,1.0,1.0,0.6666666666666666,0.4444444444444445,1.0,0.0,0.0,0.0,0.0,0.0,0.0,0.0,0.0,0.0,0.0,0.0,0.0,0.0,1.0,1.0,0.6666666666666666,0.4444444444444445,1.0,19.495,43.015,23.52,35.175000000000004,10.453333333333331,43.015,0.0,1.062,1.062,0.7080000000000001,0.472,1.062,0.0,0.0,0.0,0.0,0.0,0.0,64.0,194.0,130.0,107.33333333333333,57.77777777777777,64.0
mp-570679,TaI5,Ta,Orthorhombic,Pnma,0.0,0.0,48,True,53.0,73.0,20.0,56.333333333333336,5.555555555555557,53.0,48.0,96.0,48.0,88.0,13.333333333333334,96.0,126.90447,180.94788,54.043409999999994,135.91170499999998,15.01205833333332,126.90447,386.85,3290.0,2903.15,870.7083333333334,806.4305555555557,386.85,5.0,17.0,12.0,15.0,3.3333333333333335,17.0,5.0,6.0,1.0,5.166666666666667,0.27777777777777796,5.0,139.0,170.0,31.0,144.16666666666666,8.611111111111105,139.0,1.5,2.66,1.1600000000000001,2.466666666666667,0.32222222222222224,2.66,2.0,2.0,0.0,2.0,0.0,2.0,0.0,5.0,5.0,4.166666666666667,1.3888888888888886,5.0,3.0,10.0,7.0,8.833333333333334,1.944444444444444,10.0,0.0,14.0,14.0,2.3333333333333335,3.8888888888888893,0.0,17.0,19.0,2.0,17.333333333333332,0.5555555555555548,17.0,0.0,0.0,0.0,0.0,0.0,0.0,0.0,1.0,1.0,0.8333333333333334,0.27777777777777773,1.0,0.0,7.0,7.0,1.1666666666666667,1.9444444444444446,0.0,0.0,0.0,0.0,0.0,0.0,0.0,1.0,7.0,6.0,2.0,1.6666666666666667,1.0,18.12,43.015,24.895,38.865833333333335,6.915277777777777,43.015,0.0,1.062,1.062,0.8850000000000001,0.295,1.062,0.0,0.0,0.0,0.0,0.0,0.0,64.0,229.0,165.0,91.5,45.833333333333336,64.0
mp-570687,AgCl,Ag,Monoclinic,P2_1/m,0.0,0.0,4,False,17.0,47.0,30.0,32.0,15.0,17.0,65.0,94.0,29.0,79.5,14.5,65.0,35.453,107.8682,72.4152,71.6606,36.2076,35.453,171.6,1234.93,1063.3300000000002,703.265,531.665,171.6,11.0,17.0,6.0,14.0,3.0,11.0,3.0,5.0,2.0,4.0,1.0,3.0,102.0,145.0,43.0,123.5,21.5,102.0,1.93,3.16,1.2300000000000002,2.545,0.6150000000000001,1.93,1.0,2.0,1.0,1.5,0.5,1.0,0.0,5.0,5.0,2.5,2.5,0.0,0.0,10.0,10.0,5.0,5.0,0.0,0.0,0.0,0.0,0.0,0.0,0.0,7.0,11.0,4.0,9.0,2.0,7.0,0.0,1.0,1.0,0.5,0.5,0.0,0.0,1.0,1.0,0.5,0.5,0.0,0.0,0.0,0.0,0.0,0.0,0.0,0.0,0.0,0.0,0.0,0.0,0.0,1.0,1.0,0.0,1.0,0.0,1.0,16.33,24.4975,8.1675,20.41375,4.08375,16.33,0.0,2.493,2.493,1.2465,1.2465,0.0,0.0,0.0,0.0,0.0,0.0,0.0,64.0,225.0,161.0,144.5,80.5,64.0
mp-570695,CdI2,Cd,Trigonal,P3m1,0.0,0.0,18,False,48.0,53.0,5.0,51.333333333333336,2.2222222222222214,53.0,70.0,96.0,26.0,87.33333333333333,11.555555555555557,96.0,112.411,126.90447,14.493470000000002,122.07331333333333,6.441542222222225,126.90447,386.85,594.22,207.37,455.97333333333336,92.16444444444444,386.85,12.0,17.0,5.0,15.333333333333334,2.222222222222222,17.0,5.0,5.0,0.0,5.0,0.0,5.0,139.0,144.0,5.0,140.66666666666666,2.222222222222219,139.0,1.69,2.66,0.9700000000000002,2.3366666666666664,0.4311111111111113,2.66,2.0,2.0,0.0,2.0,0.0,2.0,0.0,5.0,5.0,3.3333333333333335,2.222222222222222,5.0,10.0,10.0,0.0,10.0,0.0,10.0,0.0,0.0,0.0,0.0,0.0,0.0,12.0,17.0,5.0,15.333333333333334,2.222222222222222,17.0,0.0,0.0,0.0,0.0,0.0,0.0,0.0,1.0,1.0,0.6666666666666666,0.4444444444444445,1.0,0.0,0.0,0.0,0.0,0.0,0.0,0.0,0.0,0.0,0.0,0.0,0.0,0.0,1.0,1.0,0.6666666666666666,0.4444444444444445,1.0,19.495,43.015,23.52,35.175000000000004,10.453333333333331,43.015,0.0,1.062,1.062,0.7080000000000001,0.472,1.062,0.0,0.0,0.0,0.0,0.0,0.0,64.0,194.0,130.0,107.33333333333333,57.77777777777777,64.0
mp-570722,NbI3,Nb,Hexagonal,P6_3/mcm,2.8000584,0.3500073,8,False,41.0,53.0,12.0,50.0,4.5,53.0,47.0,96.0,49.0,83.75,18.375,96.0,92.90638,126.90447,33.998090000000005,118.4049475,12.74928375,126.90447,386.85,2750.0,2363.15,977.6375,886.1812500000001,386.85,5.0,17.0,12.0,14.0,4.5,17.0,5.0,5.0,0.0,5.0,0.0,5.0,139.0,164.0,25.0,145.25,9.375,139.0,1.6,2.66,1.06,2.395,0.3975000000000001,2.66,1.0,2.0,1.0,1.75,0.375,2.0,0.0,5.0,5.0,3.75,1.875,5.0,4.0,10.0,6.0,8.5,2.25,10.0,0.0,0.0,0.0,0.0,0.0,0.0,5.0,17.0,12.0,14.0,4.5,17.0,0.0,1.0,1.0,0.25,0.375,0.0,0.0,1.0,1.0,0.75,0.375,1.0,0.0,6.0,6.0,1.5,2.25,0.0,0.0,0.0,0.0,0.0,0.0,0.0,1.0,7.0,6.0,2.5,2.25,1.0,18.18,43.015,24.835,36.806250000000006,9.313124999999998,43.015,0.0,1.062,1.062,0.7965,0.39825000000000005,1.062,0.0,0.0,0.0,0.0,0.0,0.0,64.0,229.0,165.0,105.25,61.875,64.0
mp-570763,VCl4,V,Monoclinic,P2/c,4.0000002,0.2000000099999999,20,False,17.0,23.0,6.0,18.2,1.9199999999999995,17.0,46.0,94.0,48.0,84.4,15.359999999999996,94.0,35.453,50.9415,15.488499999999995,38.5507,4.956319999999996,35.453,171.6,2183.0,2011.4,573.88,643.6479999999999,171.6,5.0,17.0,12.0,14.6,3.8400000000000007,17.0,3.0,4.0,1.0,3.2,0.3200000000000001,3.0,102.0,153.0,51.0,112.2,16.32,102.0,1.63,3.16,1.5300000000000002,2.854,0.4896000000000001,3.16,2.0,2.0,0.0,2.0,0.0,2.0,0.0,5.0,5.0,4.0,1.6,5.0,0.0,3.0,3.0,0.6,0.96,0.0,0.0,0.0,0.0,0.0,0.0,0.0,5.0,7.0,2.0,6.6,0.6400000000000002,7.0,0.0,0.0,0.0,0.0,0.0,0.0,0.0,1.0,1.0,0.8,0.31999999999999995,1.0,0.0,7.0,7.0,1.4,2.2399999999999998,0.0,0.0,0.0,0.0,0.0,0.0,0.0,1.0,7.0,6.0,2.2,1.9200000000000004,1.0,13.01,24.4975,11.487499999999999,22.2,3.6759999999999993,24.4975,0.0,2.493,2.493,1.9944,0.7977599999999999,2.493,0.0,0.0,0.0,0.0,0.0,0.0,64.0,229.0,165.0,97.0,52.8,64.0
mp-570781,CdI2,Cd,Trigonal,P3m1,0.0,0.0,18,False,48.0,53.0,5.0,51.333333333333336,2.2222222222222214,53.0,70.0,96.0,26.0,87.33333333333333,11.555555555555557,96.0,112.411,126.90447,14.493470000000002,122.07331333333333,6.441542222222225,126.90447,386.85,594.22,207.37,455.97333333333336,92.16444444444444,386.85,12.0,17.0,5.0,15.333333333333334,2.222222222222222,17.0,5.0,5.0,0.0,5.0,0.0,5.0,139.0,144.0,5.0,140.66666666666666,2.222222222222219,139.0,1.69,2.66,0.9700000000000002,2.3366666666666664,0.4311111111111113,2.66,2.0,2.0,0.0,2.0,0.0,2.0,0.0,5.0,5.0,3.3333333333333335,2.222222222222222,5.0,10.0,10.0,0.0,10.0,0.0,10.0,0.0,0.0,0.0,0.0,0.0,0.0,12.0,17.0,5.0,15.333333333333334,2.222222222222222,17.0,0.0,0.0,0.0,0.0,0.0,0.0,0.0,1.0,1.0,0.6666666666666666,0.4444444444444445,1.0,0.0,0.0,0.0,0.0,0.0,0.0,0.0,0.0,0.0,0.0,0.0,0.0,0.0,1.0,1.0,0.6666666666666666,0.4444444444444445,1.0,19.495,43.015,23.52,35.175000000000004,10.453333333333331,43.015,0.0,1.062,1.062,0.7080000000000001,0.472,1.062,0.0,0.0,0.0,0.0,0.0,0.0,64.0,194.0,130.0,107.33333333333333,57.77777777777777,64.0
mp-570858,AgCl,Ag,Orthorhombic,Cmcm,0.0,0.0,4,False,17.0,47.0,30.0,32.0,15.0,17.0,65.0,94.0,29.0,79.5,14.5,65.0,35.453,107.8682,72.4152,71.6606,36.2076,35.453,171.6,1234.93,1063.3300000000002,703.265,531.665,171.6,11.0,17.0,6.0,14.0,3.0,11.0,3.0,5.0,2.0,4.0,1.0,3.0,102.0,145.0,43.0,123.5,21.5,102.0,1.93,3.16,1.2300000000000002,2.545,0.6150000000000001,1.93,1.0,2.0,1.0,1.5,0.5,1.0,0.0,5.0,5.0,2.5,2.5,0.0,0.0,10.0,10.0,5.0,5.0,0.0,0.0,0.0,0.0,0.0,0.0,0.0,7.0,11.0,4.0,9.0,2.0,7.0,0.0,1.0,1.0,0.5,0.5,0.0,0.0,1.0,1.0,0.5,0.5,0.0,0.0,0.0,0.0,0.0,0.0,0.0,0.0,0.0,0.0,0.0,0.0,0.0,1.0,1.0,0.0,1.0,0.0,1.0,16.33,24.4975,8.1675,20.41375,4.08375,16.33,0.0,2.493,2.493,1.2465,1.2465,0.0,0.0,0.0,0.0,0.0,0.0,0.0,64.0,225.0,161.0,144.5,80.5,64.0
mp-570880,RuCl3,Ru,Orthorhombic,Pmmn,2.1233281,0.13270800625,16,False,17.0,44.0,27.0,23.75,10.125,17.0,56.0,94.0,38.0,84.5,14.25,94.0,35.453,101.07,65.61699999999999,51.85725,24.606374999999996,35.453,171.6,2607.0,2435.4,780.45,913.2750000000001,171.6,8.0,17.0,9.0,14.75,3.375,17.0,3.0,5.0,2.0,3.5,0.75,3.0,102.0,146.0,44.0,113.0,16.5,102.0,2.2,3.16,0.96,2.92,0.3600000000000001,3.16,1.0,2.0,1.0,1.75,0.375,2.0,0.0,5.0,5.0,3.75,1.875,5.0,0.0,7.0,7.0,1.75,2.625,0.0,0.0,0.0,0.0,0.0,0.0,0.0,7.0,8.0,1.0,7.25,0.375,7.0,0.0,1.0,1.0,0.25,0.375,0.0,0.0,1.0,1.0,0.75,0.375,1.0,0.0,3.0,3.0,0.75,1.125,0.0,0.0,0.0,0.0,0.0,0.0,0.0,1.0,4.0,3.0,1.75,1.125,1.0,13.51,24.4975,10.987499999999999,21.750625,4.120312499999999,24.4975,0.0,2.493,2.493,1.8697499999999998,0.934875,2.493,0.0,0.0,0.0,0.0,0.0,0.0,64.0,194.0,130.0,96.5,48.75,64.0
mp-570882,CdI2,Cd,Trigonal,P3m1,0.0,0.0,18,False,48.0,53.0,5.0,51.333333333333336,2.2222222222222214,53.0,70.0,96.0,26.0,87.33333333333333,11.555555555555557,96.0,112.411,126.90447,14.493470000000002,122.07331333333333,6.441542222222225,126.90447,386.85,594.22,207.37,455.97333333333336,92.16444444444444,386.85,12.0,17.0,5.0,15.333333333333334,2.222222222222222,17.0,5.0,5.0,0.0,5.0,0.0,5.0,139.0,144.0,5.0,140.66666666666666,2.222222222222219,139.0,1.69,2.66,0.9700000000000002,2.3366666666666664,0.4311111111111113,2.66,2.0,2.0,0.0,2.0,0.0,2.0,0.0,5.0,5.0,3.3333333333333335,2.222222222222222,5.0,10.0,10.0,0.0,10.0,0.0,10.0,0.0,0.0,0.0,0.0,0.0,0.0,12.0,17.0,5.0,15.333333333333334,2.222222222222222,17.0,0.0,0.0,0.0,0.0,0.0,0.0,0.0,1.0,1.0,0.6666666666666666,0.4444444444444445,1.0,0.0,0.0,0.0,0.0,0.0,0.0,0.0,0.0,0.0,0.0,0.0,0.0,0.0,1.0,1.0,0.6666666666666666,0.4444444444444445,1.0,19.495,43.015,23.52,35.175000000000004,10.453333333333331,43.015,0.0,1.062,1.062,0.7080000000000001,0.472,1.062,0.0,0.0,0.0,0.0,0.0,0.0,64.0,194.0,130.0,107.33333333333333,57.77777777777777,64.0
mp-570939,CdI2,Cd,Trigonal,P3m1,0.0,0.0,18,False,48.0,53.0,5.0,51.333333333333336,2.2222222222222214,53.0,70.0,96.0,26.0,87.33333333333333,11.555555555555557,96.0,112.411,126.90447,14.493470000000002,122.07331333333333,6.441542222222225,126.90447,386.85,594.22,207.37,455.97333333333336,92.16444444444444,386.85,12.0,17.0,5.0,15.333333333333334,2.222222222222222,17.0,5.0,5.0,0.0,5.0,0.0,5.0,139.0,144.0,5.0,140.66666666666666,2.222222222222219,139.0,1.69,2.66,0.9700000000000002,2.3366666666666664,0.4311111111111113,2.66,2.0,2.0,0.0,2.0,0.0,2.0,0.0,5.0,5.0,3.3333333333333335,2.222222222222222,5.0,10.0,10.0,0.0,10.0,0.0,10.0,0.0,0.0,0.0,0.0,0.0,0.0,12.0,17.0,5.0,15.333333333333334,2.222222222222222,17.0,0.0,0.0,0.0,0.0,0.0,0.0,0.0,1.0,1.0,0.6666666666666666,0.4444444444444445,1.0,0.0,0.0,0.0,0.0,0.0,0.0,0.0,0.0,0.0,0.0,0.0,0.0,0.0,1.0,1.0,0.6666666666666666,0.4444444444444445,1.0,19.495,43.015,23.52,35.175000000000004,10.453333333333331,43.015,0.0,1.062,1.062,0.7080000000000001,0.472,1.062,0.0,0.0,0.0,0.0,0.0,0.0,64.0,194.0,130.0,107.33333333333333,57.77777777777777,64.0
mp-570964,ZnI2,Zn,Trigonal,R-3m,0.0015976,0.0005325333333333,3,False,30.0,53.0,23.0,45.333333333333336,10.222222222222221,53.0,69.0,96.0,27.0,87.0,12.0,96.0,65.38,126.90447,61.52447000000001,106.39631333333334,27.34420888888889,126.90447,386.85,692.68,305.8299999999999,488.79333333333335,135.92444444444442,386.85,12.0,17.0,5.0,15.333333333333334,2.222222222222222,17.0,4.0,5.0,1.0,4.666666666666667,0.44444444444444436,5.0,122.0,139.0,17.0,133.33333333333334,7.555555555555553,139.0,1.65,2.66,1.0100000000000002,2.3233333333333337,0.4488888888888889,2.66,2.0,2.0,0.0,2.0,0.0,2.0,0.0,5.0,5.0,3.3333333333333335,2.222222222222222,5.0,10.0,10.0,0.0,10.0,0.0,10.0,0.0,0.0,0.0,0.0,0.0,0.0,12.0,17.0,5.0,15.333333333333334,2.222222222222222,17.0,0.0,0.0,0.0,0.0,0.0,0.0,0.0,1.0,1.0,0.6666666666666666,0.4444444444444445,1.0,0.0,0.0,0.0,0.0,0.0,0.0,0.0,0.0,0.0,0.0,0.0,0.0,0.0,1.0,1.0,0.6666666666666666,0.4444444444444445,1.0,13.96,43.015,29.055,33.330000000000005,12.913333333333332,43.015,0.0,1.062,1.062,0.7080000000000001,0.472,1.062,0.0,0.0,0.0,0.0,0.0,0.0,64.0,194.0,130.0,107.33333333333333,57.77777777777777,64.0
mp-570997,RuCl3,Ru,Trigonal,P3_112,6.095032,0.2539596666666666,24,False,17.0,44.0,27.0,23.75,10.125,17.0,56.0,94.0,38.0,84.5,14.25,94.0,35.453,101.07,65.61699999999999,51.85725,24.606374999999996,35.453,171.6,2607.0,2435.4,780.45,913.2750000000001,171.6,8.0,17.0,9.0,14.75,3.375,17.0,3.0,5.0,2.0,3.5,0.75,3.0,102.0,146.0,44.0,113.0,16.5,102.0,2.2,3.16,0.96,2.92,0.3600000000000001,3.16,1.0,2.0,1.0,1.75,0.375,2.0,0.0,5.0,5.0,3.75,1.875,5.0,0.0,7.0,7.0,1.75,2.625,0.0,0.0,0.0,0.0,0.0,0.0,0.0,7.0,8.0,1.0,7.25,0.375,7.0,0.0,1.0,1.0,0.25,0.375,0.0,0.0,1.0,1.0,0.75,0.375,1.0,0.0,3.0,3.0,0.75,1.125,0.0,0.0,0.0,0.0,0.0,0.0,0.0,1.0,4.0,3.0,1.75,1.125,1.0,13.51,24.4975,10.987499999999999,21.750625,4.120312499999999,24.4975,0.0,2.493,2.493,1.8697499999999998,0.934875,2.493,0.0,0.0,0.0,0.0,0.0,0.0,64.0,194.0,130.0,96.5,48.75,64.0
mp-571035,OsCl4,Os,Orthorhombic,Cmmm,2.0,0.4,5,True,17.0,76.0,59.0,28.8,18.880000000000003,17.0,57.0,94.0,37.0,86.6,11.840000000000003,94.0,35.453,190.23,154.777,66.4084,49.528639999999996,35.453,171.6,3306.0,3134.4,798.48,1003.008,171.6,8.0,17.0,9.0,15.2,2.8800000000000003,17.0,3.0,6.0,3.0,3.6,0.9600000000000002,3.0,102.0,144.0,42.0,110.4,13.440000000000003,102.0,2.2,3.16,0.96,2.968,0.3072000000000001,3.16,2.0,2.0,0.0,2.0,0.0,2.0,0.0,5.0,5.0,4.0,1.6,5.0,0.0,6.0,6.0,1.2,1.92,0.0,0.0,14.0,14.0,2.8,4.4799999999999995,0.0,7.0,22.0,15.0,10.0,4.8,7.0,0.0,0.0,0.0,0.0,0.0,0.0,0.0,1.0,1.0,0.8,0.31999999999999995,1.0,0.0,4.0,4.0,0.8,1.28,0.0,0.0,0.0,0.0,0.0,0.0,0.0,1.0,4.0,3.0,1.6,0.9600000000000002,1.0,14.09,24.4975,10.407499999999999,22.416,3.3303999999999987,24.4975,0.0,2.493,2.493,1.9944,0.7977599999999999,2.493,0.0,0.0,0.0,0.0,0.0,0.0,64.0,194.0,130.0,90.0,41.6,64.0
mp-571037,CdI2,Cd,Trigonal,P3m1,0.0,0.0,21,False,48.0,53.0,5.0,51.333333333333336,2.2222222222222214,53.0,70.0,96.0,26.0,87.33333333333333,11.555555555555557,96.0,112.411,126.90447,14.493470000000002,122.07331333333333,6.441542222222225,126.90447,386.85,594.22,207.37,455.97333333333336,92.16444444444444,386.85,12.0,17.0,5.0,15.333333333333334,2.222222222222222,17.0,5.0,5.0,0.0,5.0,0.0,5.0,139.0,144.0,5.0,140.66666666666666,2.222222222222219,139.0,1.69,2.66,0.9700000000000002,2.3366666666666664,0.4311111111111113,2.66,2.0,2.0,0.0,2.0,0.0,2.0,0.0,5.0,5.0,3.3333333333333335,2.222222222222222,5.0,10.0,10.0,0.0,10.0,0.0,10.0,0.0,0.0,0.0,0.0,0.0,0.0,12.0,17.0,5.0,15.333333333333334,2.222222222222222,17.0,0.0,0.0,0.0,0.0,0.0,0.0,0.0,1.0,1.0,0.6666666666666666,0.4444444444444445,1.0,0.0,0.0,0.0,0.0,0.0,0.0,0.0,0.0,0.0,0.0,0.0,0.0,0.0,1.0,1.0,0.6666666666666666,0.4444444444444445,1.0,19.495,43.015,23.52,35.175000000000004,10.453333333333331,43.015,0.0,1.062,1.062,0.7080000000000001,0.472,1.062,0.0,0.0,0.0,0.0,0.0,0.0,64.0,194.0,130.0,107.33333333333333,57.77777777777777,64.0
mp-571065,TiBr3,Ti,Trigonal,R-3,1.9999999,0.2499999875,8,False,22.0,35.0,13.0,31.75,4.875,35.0,43.0,95.0,52.0,82.0,19.5,95.0,47.867,79.904,32.037,71.89475,12.013874999999997,79.904,265.8,1941.0,1675.2,684.6,628.2,265.8,4.0,17.0,13.0,13.75,4.875,17.0,4.0,4.0,0.0,4.0,0.0,4.0,120.0,160.0,40.0,130.0,15.0,120.0,1.54,2.96,1.42,2.6049999999999995,0.5325000000000002,2.96,2.0,2.0,0.0,2.0,0.0,2.0,0.0,5.0,5.0,3.75,1.875,5.0,2.0,10.0,8.0,8.0,3.0,10.0,0.0,0.0,0.0,0.0,0.0,0.0,4.0,17.0,13.0,13.75,4.875,17.0,0.0,0.0,0.0,0.0,0.0,0.0,0.0,1.0,1.0,0.75,0.375,1.0,0.0,8.0,8.0,2.0,3.0,0.0,0.0,0.0,0.0,0.0,0.0,0.0,1.0,8.0,7.0,2.75,2.625,1.0,16.69,29.48,12.79,26.2825,4.796250000000001,29.48,0.0,1.457,1.457,1.09275,0.546375,1.457,0.0,2.25333333333e-05,2.25333333333e-05,5.633333333325e-06,8.4499999999875e-06,0.0,64.0,194.0,130.0,96.5,48.75,64.0
mp-571084,MnBr2,Mn,Cubic,Fd-3m,20.0000009,1.6666667416666667,12,False,25.0,35.0,10.0,31.666666666666668,4.444444444444444,35.0,52.0,95.0,43.0,80.66666666666667,19.11111111111111,95.0,54.938045,79.904,24.965954999999994,71.582015,11.095979999999997,79.904,265.8,1519.0,1253.2,683.5333333333333,556.9777777777778,265.8,7.0,17.0,10.0,13.666666666666666,4.444444444444445,17.0,4.0,4.0,0.0,4.0,0.0,4.0,120.0,139.0,19.0,126.33333333333333,8.444444444444443,120.0,1.55,2.96,1.41,2.4899999999999998,0.6266666666666667,2.96,2.0,2.0,0.0,2.0,0.0,2.0,0.0,5.0,5.0,3.3333333333333335,2.222222222222222,5.0,5.0,10.0,5.0,8.333333333333334,2.222222222222222,10.0,0.0,0.0,0.0,0.0,0.0,0.0,7.0,17.0,10.0,13.666666666666666,4.444444444444445,17.0,0.0,0.0,0.0,0.0,0.0,0.0,0.0,1.0,1.0,0.6666666666666666,0.4444444444444445,1.0,0.0,5.0,5.0,1.6666666666666667,2.222222222222222,0.0,0.0,0.0,0.0,0.0,0.0,0.0,1.0,5.0,4.0,2.3333333333333335,1.777777777777778,1.0,10.4875862069,29.48,18.9924137931,23.1491954023,8.441072796933334,29.48,0.0,1.457,1.457,0.9713333333333334,0.6475555555555556,1.457,0.0,0.000310120689655,0.000310120689655,0.00010337356321833333,0.00013783141762444443,0.0,64.0,217.0,153.0,115.0,68.0,64.0
mp-571091,CdI2,Cd,Trigonal,P3m1,0.0,0.0,21,False,48.0,53.0,5.0,51.333333333333336,2.2222222222222214,53.0,70.0,96.0,26.0,87.33333333333333,11.555555555555557,96.0,112.411,126.90447,14.493470000000002,122.07331333333333,6.441542222222225,126.90447,386.85,594.22,207.37,455.97333333333336,92.16444444444444,386.85,12.0,17.0,5.0,15.333333333333334,2.222222222222222,17.0,5.0,5.0,0.0,5.0,0.0,5.0,139.0,144.0,5.0,140.66666666666666,2.222222222222219,139.0,1.69,2.66,0.9700000000000002,2.3366666666666664,0.4311111111111113,2.66,2.0,2.0,0.0,2.0,0.0,2.0,0.0,5.0,5.0,3.3333333333333335,2.222222222222222,5.0,10.0,10.0,0.0,10.0,0.0,10.0,0.0,0.0,0.0,0.0,0.0,0.0,12.0,17.0,5.0,15.333333333333334,2.222222222222222,17.0,0.0,0.0,0.0,0.0,0.0,0.0,0.0,1.0,1.0,0.6666666666666666,0.4444444444444445,1.0,0.0,0.0,0.0,0.0,0.0,0.0,0.0,0.0,0.0,0.0,0.0,0.0,0.0,1.0,1.0,0.6666666666666666,0.4444444444444445,1.0,19.495,43.015,23.52,35.175000000000004,10.453333333333331,43.015,0.0,1.062,1.062,0.7080000000000001,0.472,1.062,0.0,0.0,0.0,0.0,0.0,0.0,64.0,194.0,130.0,107.33333333333333,57.77777777777777,64.0
mp-571096,FeCl2,Fe,Trigonal,P-3m1,3.9999998,1.3333332666666666,3,True,17.0,26.0,9.0,20.0,4.0,17.0,55.0,94.0,39.0,81.0,17.333333333333332,94.0,35.453,55.845,20.391999999999996,42.25033333333334,9.06311111111111,35.453,171.6,1811.0,1639.4,718.0666666666666,728.6222222222223,171.6,8.0,17.0,9.0,14.0,4.0,17.0,3.0,4.0,1.0,3.3333333333333335,0.4444444444444445,3.0,102.0,132.0,30.0,112.0,13.333333333333334,102.0,1.83,3.16,1.33,2.716666666666667,0.5911111111111111,3.16,2.0,2.0,0.0,2.0,0.0,2.0,0.0,5.0,5.0,3.3333333333333335,2.222222222222222,5.0,0.0,6.0,6.0,2.0,2.6666666666666665,0.0,0.0,0.0,0.0,0.0,0.0,0.0,7.0,8.0,1.0,7.333333333333333,0.44444444444444436,7.0,0.0,0.0,0.0,0.0,0.0,0.0,0.0,1.0,1.0,0.6666666666666666,0.4444444444444445,1.0,0.0,4.0,4.0,1.3333333333333333,1.777777777777778,0.0,0.0,0.0,0.0,0.0,0.0,0.0,1.0,4.0,3.0,2.0,1.3333333333333333,1.0,10.73,24.4975,13.767499999999998,19.90833333333333,6.118888888888889,24.4975,0.0,2.493,2.493,1.662,1.1079999999999999,2.493,0.0,2.1106628,2.1106628,0.7035542666666667,0.9380723555555557,0.0,64.0,229.0,165.0,119.0,73.33333333333333,64.0
mp-571122,FeI2,Fe,Trigonal,P-3m1,4.0000002,1.3333334,3,True,26.0,53.0,27.0,44.0,12.0,53.0,55.0,96.0,41.0,82.33333333333333,18.222222222222225,96.0,55.845,126.90447,71.05947,103.21798000000001,31.581986666666666,126.90447,386.85,1811.0,1424.15,861.5666666666666,632.9555555555555,386.85,8.0,17.0,9.0,14.0,4.0,17.0,4.0,5.0,1.0,4.666666666666667,0.44444444444444436,5.0,132.0,139.0,7.0,136.66666666666666,3.1111111111111143,139.0,1.83,2.66,0.8300000000000001,2.3833333333333333,0.368888888888889,2.66,2.0,2.0,0.0,2.0,0.0,2.0,0.0,5.0,5.0,3.3333333333333335,2.222222222222222,5.0,6.0,10.0,4.0,8.666666666666666,1.777777777777778,10.0,0.0,0.0,0.0,0.0,0.0,0.0,8.0,17.0,9.0,14.0,4.0,17.0,0.0,0.0,0.0,0.0,0.0,0.0,0.0,1.0,1.0,0.6666666666666666,0.4444444444444445,1.0,0.0,4.0,4.0,1.3333333333333333,1.777777777777778,0.0,0.0,0.0,0.0,0.0,0.0,0.0,1.0,4.0,3.0,2.0,1.3333333333333333,1.0,10.73,43.015,32.285,32.25333333333334,14.348888888888888,43.015,0.0,1.062,1.062,0.7080000000000001,0.472,1.062,0.0,2.1106628,2.1106628,0.7035542666666667,0.9380723555555557,0.0,64.0,229.0,165.0,119.0,73.33333333333333,64.0
mp-571136,CdI2,Cd,Trigonal,P3m1,0.0,0.0,21,False,48.0,53.0,5.0,51.333333333333336,2.2222222222222214,53.0,70.0,96.0,26.0,87.33333333333333,11.555555555555557,96.0,112.411,126.90447,14.493470000000002,122.07331333333333,6.441542222222225,126.90447,386.85,594.22,207.37,455.97333333333336,92.16444444444444,386.85,12.0,17.0,5.0,15.333333333333334,2.222222222222222,17.0,5.0,5.0,0.0,5.0,0.0,5.0,139.0,144.0,5.0,140.66666666666666,2.222222222222219,139.0,1.69,2.66,0.9700000000000002,2.3366666666666664,0.4311111111111113,2.66,2.0,2.0,0.0,2.0,0.0,2.0,0.0,5.0,5.0,3.3333333333333335,2.222222222222222,5.0,10.0,10.0,0.0,10.0,0.0,10.0,0.0,0.0,0.0,0.0,0.0,0.0,12.0,17.0,5.0,15.333333333333334,2.222222222222222,17.0,0.0,0.0,0.0,0.0,0.0,0.0,0.0,1.0,1.0,0.6666666666666666,0.4444444444444445,1.0,0.0,0.0,0.0,0.0,0.0,0.0,0.0,0.0,0.0,0.0,0.0,0.0,0.0,1.0,1.0,0.6666666666666666,0.4444444444444445,1.0,19.495,43.015,23.52,35.175000000000004,10.453333333333331,43.015,0.0,1.062,1.062,0.7080000000000001,0.472,1.062,0.0,0.0,0.0,0.0,0.0,0.0,64.0,194.0,130.0,107.33333333333333,57.77777777777777,64.0
mp-571143,TiCl3,Ti,Hexagonal,P6_3/mcm,0.331416,0.041427,8,False,17.0,22.0,5.0,18.25,1.875,17.0,43.0,94.0,51.0,81.25,19.125,94.0,35.453,47.867,12.413999999999994,38.5565,4.655249999999997,35.453,171.6,1941.0,1769.4,613.95,663.5250000000001,171.6,4.0,17.0,13.0,13.75,4.875,17.0,3.0,4.0,1.0,3.25,0.375,3.0,102.0,160.0,58.0,116.5,21.75,102.0,1.54,3.16,1.62,2.755,0.6075000000000002,3.16,2.0,2.0,0.0,2.0,0.0,2.0,0.0,5.0,5.0,3.75,1.875,5.0,0.0,2.0,2.0,0.5,0.75,0.0,0.0,0.0,0.0,0.0,0.0,0.0,4.0,7.0,3.0,6.25,1.125,7.0,0.0,0.0,0.0,0.0,0.0,0.0,0.0,1.0,1.0,0.75,0.375,1.0,0.0,8.0,8.0,2.0,3.0,0.0,0.0,0.0,0.0,0.0,0.0,0.0,1.0,8.0,7.0,2.75,2.625,1.0,16.69,24.4975,7.807499999999997,22.545624999999998,2.9278125,24.4975,0.0,2.493,2.493,1.8697499999999998,0.934875,2.493,0.0,2.25333333333e-05,2.25333333333e-05,5.633333333325e-06,8.4499999999875e-06,0.0,64.0,194.0,130.0,96.5,48.75,64.0
mp-571197,CdI2,Cd,Trigonal,P3m1,0.0,0.0,21,False,48.0,53.0,5.0,51.333333333333336,2.2222222222222214,53.0,70.0,96.0,26.0,87.33333333333333,11.555555555555557,96.0,112.411,126.90447,14.493470000000002,122.07331333333333,6.441542222222225,126.90447,386.85,594.22,207.37,455.97333333333336,92.16444444444444,386.85,12.0,17.0,5.0,15.333333333333334,2.222222222222222,17.0,5.0,5.0,0.0,5.0,0.0,5.0,139.0,144.0,5.0,140.66666666666666,2.222222222222219,139.0,1.69,2.66,0.9700000000000002,2.3366666666666664,0.4311111111111113,2.66,2.0,2.0,0.0,2.0,0.0,2.0,0.0,5.0,5.0,3.3333333333333335,2.222222222222222,5.0,10.0,10.0,0.0,10.0,0.0,10.0,0.0,0.0,0.0,0.0,0.0,0.0,12.0,17.0,5.0,15.333333333333334,2.222222222222222,17.0,0.0,0.0,0.0,0.0,0.0,0.0,0.0,1.0,1.0,0.6666666666666666,0.4444444444444445,1.0,0.0,0.0,0.0,0.0,0.0,0.0,0.0,0.0,0.0,0.0,0.0,0.0,0.0,1.0,1.0,0.6666666666666666,0.4444444444444445,1.0,19.495,43.015,23.52,35.175000000000004,10.453333333333331,43.015,0.0,1.062,1.062,0.7080000000000001,0.472,1.062,0.0,0.0,0.0,0.0,0.0,0.0,64.0,194.0,130.0,107.33333333333333,57.77777777777777,64.0
mp-571225,CdI2,Cd,Trigonal,P3m1,0.0,0.0,21,False,48.0,53.0,5.0,51.333333333333336,2.2222222222222214,53.0,70.0,96.0,26.0,87.33333333333333,11.555555555555557,96.0,112.411,126.90447,14.493470000000002,122.07331333333333,6.441542222222225,126.90447,386.85,594.22,207.37,455.97333333333336,92.16444444444444,386.85,12.0,17.0,5.0,15.333333333333334,2.222222222222222,17.0,5.0,5.0,0.0,5.0,0.0,5.0,139.0,144.0,5.0,140.66666666666666,2.222222222222219,139.0,1.69,2.66,0.9700000000000002,2.3366666666666664,0.4311111111111113,2.66,2.0,2.0,0.0,2.0,0.0,2.0,0.0,5.0,5.0,3.3333333333333335,2.222222222222222,5.0,10.0,10.0,0.0,10.0,0.0,10.0,0.0,0.0,0.0,0.0,0.0,0.0,12.0,17.0,5.0,15.333333333333334,2.222222222222222,17.0,0.0,0.0,0.0,0.0,0.0,0.0,0.0,1.0,1.0,0.6666666666666666,0.4444444444444445,1.0,0.0,0.0,0.0,0.0,0.0,0.0,0.0,0.0,0.0,0.0,0.0,0.0,0.0,1.0,1.0,0.6666666666666666,0.4444444444444445,1.0,19.495,43.015,23.52,35.175000000000004,10.453333333333331,43.015,0.0,1.062,1.062,0.7080000000000001,0.472,1.062,0.0,0.0,0.0,0.0,0.0,0.0,64.0,194.0,130.0,107.33333333333333,57.77777777777777,64.0
mp-571235,ZrI4,Zr,Monoclinic,P2/c,0.0,0.0,30,True,40.0,53.0,13.0,50.4,4.160000000000001,53.0,44.0,96.0,52.0,85.6,16.640000000000004,96.0,91.224,126.90447,35.68047,119.76837600000002,11.417750399999992,126.90447,386.85,2128.0,1741.15,735.08,557.168,386.85,4.0,17.0,13.0,14.4,4.159999999999999,17.0,5.0,5.0,0.0,5.0,0.0,5.0,139.0,175.0,36.0,146.2,11.519999999999992,139.0,1.33,2.66,1.33,2.394,0.42560000000000003,2.66,2.0,2.0,0.0,2.0,0.0,2.0,0.0,5.0,5.0,4.0,1.6,5.0,2.0,10.0,8.0,8.4,2.5599999999999996,10.0,0.0,0.0,0.0,0.0,0.0,0.0,4.0,17.0,13.0,14.4,4.159999999999999,17.0,0.0,0.0,0.0,0.0,0.0,0.0,0.0,1.0,1.0,0.8,0.31999999999999995,1.0,0.0,8.0,8.0,1.6,2.56,0.0,0.0,0.0,0.0,0.0,0.0,0.0,1.0,8.0,7.0,2.4,2.2399999999999998,1.0,23.195,43.015,19.82,39.051,6.3424,43.015,0.0,1.062,1.062,0.8496,0.33984000000000003,1.062,0.0,0.0,0.0,0.0,0.0,0.0,64.0,194.0,130.0,90.0,41.6,64.0
mp-571256,MoCl5,Mo,Monoclinic,C2/m,6.0000001,0.1666666694444444,36,False,17.0,42.0,25.0,21.166666666666668,6.9444444444444455,17.0,50.0,94.0,44.0,86.66666666666667,12.22222222222222,94.0,35.453,95.96,60.50699999999999,45.5375,16.807499999999997,35.453,171.6,2896.0,2724.4,625.6666666666666,756.7777777777777,171.6,6.0,17.0,11.0,15.166666666666666,3.055555555555556,17.0,3.0,5.0,2.0,3.3333333333333335,0.5555555555555557,3.0,102.0,154.0,52.0,110.66666666666667,14.444444444444448,102.0,2.16,3.16,1.0,2.9933333333333336,0.2777777777777777,3.16,1.0,2.0,1.0,1.8333333333333333,0.27777777777777785,2.0,0.0,5.0,5.0,4.166666666666667,1.3888888888888886,5.0,0.0,5.0,5.0,0.8333333333333334,1.388888888888889,0.0,0.0,0.0,0.0,0.0,0.0,0.0,6.0,7.0,1.0,6.833333333333333,0.27777777777777796,7.0,0.0,1.0,1.0,0.16666666666666666,0.27777777777777773,0.0,0.0,1.0,1.0,0.8333333333333334,0.27777777777777773,1.0,0.0,5.0,5.0,0.8333333333333334,1.388888888888889,0.0,0.0,0.0,0.0,0.0,0.0,0.0,1.0,6.0,5.0,1.8333333333333333,1.3888888888888886,1.0,15.69,24.4975,8.8075,23.029583333333335,2.4465277777777756,24.4975,0.0,2.493,2.493,2.0775,0.6924999999999999,2.493,0.0,0.0,0.0,0.0,0.0,0.0,64.0,229.0,165.0,91.5,45.833333333333336,64.0
mp-571279,ZrI2,Zr,Monoclinic,P2_1/m,0.0,0.0,12,False,40.0,53.0,13.0,48.666666666666664,5.777777777777779,53.0,44.0,96.0,52.0,78.66666666666667,23.11111111111111,96.0,91.224,126.90447,35.68047,115.01098,15.857986666666667,126.90447,386.85,2128.0,1741.15,967.2333333333332,773.8444444444444,386.85,4.0,17.0,13.0,12.666666666666666,5.777777777777779,17.0,5.0,5.0,0.0,5.0,0.0,5.0,139.0,175.0,36.0,151.0,16.0,139.0,1.33,2.66,1.33,2.216666666666667,0.5911111111111111,2.66,2.0,2.0,0.0,2.0,0.0,2.0,0.0,5.0,5.0,3.3333333333333335,2.222222222222222,5.0,2.0,10.0,8.0,7.333333333333333,3.555555555555556,10.0,0.0,0.0,0.0,0.0,0.0,0.0,4.0,17.0,13.0,12.666666666666666,5.777777777777779,17.0,0.0,0.0,0.0,0.0,0.0,0.0,0.0,1.0,1.0,0.6666666666666666,0.4444444444444445,1.0,0.0,8.0,8.0,2.6666666666666665,3.555555555555556,0.0,0.0,0.0,0.0,0.0,0.0,0.0,1.0,8.0,7.0,3.3333333333333335,3.1111111111111107,1.0,23.195,43.015,19.82,36.40833333333333,8.80888888888889,43.015,0.0,1.062,1.062,0.7080000000000001,0.472,1.062,0.0,0.0,0.0,0.0,0.0,0.0,64.0,194.0,130.0,107.33333333333333,57.77777777777777,64.0
mp-571292,ZnI2,Zn,Hexagonal,P6/mmm,0.002573,0.0008576666666666,3,False,30.0,53.0,23.0,45.333333333333336,10.222222222222221,53.0,69.0,96.0,27.0,87.0,12.0,96.0,65.38,126.90447,61.52447000000001,106.39631333333334,27.34420888888889,126.90447,386.85,692.68,305.8299999999999,488.79333333333335,135.92444444444442,386.85,12.0,17.0,5.0,15.333333333333334,2.222222222222222,17.0,4.0,5.0,1.0,4.666666666666667,0.44444444444444436,5.0,122.0,139.0,17.0,133.33333333333334,7.555555555555553,139.0,1.65,2.66,1.0100000000000002,2.3233333333333337,0.4488888888888889,2.66,2.0,2.0,0.0,2.0,0.0,2.0,0.0,5.0,5.0,3.3333333333333335,2.222222222222222,5.0,10.0,10.0,0.0,10.0,0.0,10.0,0.0,0.0,0.0,0.0,0.0,0.0,12.0,17.0,5.0,15.333333333333334,2.222222222222222,17.0,0.0,0.0,0.0,0.0,0.0,0.0,0.0,1.0,1.0,0.6666666666666666,0.4444444444444445,1.0,0.0,0.0,0.0,0.0,0.0,0.0,0.0,0.0,0.0,0.0,0.0,0.0,0.0,1.0,1.0,0.6666666666666666,0.4444444444444445,1.0,13.96,43.015,29.055,33.330000000000005,12.913333333333332,43.015,0.0,1.062,1.062,0.7080000000000001,0.472,1.062,0.0,0.0,0.0,0.0,0.0,0.0,64.0,194.0,130.0,107.33333333333333,57.77777777777777,64.0
mp-571377,TiCl3,Ti,Monoclinic,C2/m,6.0019447,0.2500810291666667,24,False,17.0,22.0,5.0,18.25,1.875,17.0,43.0,94.0,51.0,81.25,19.125,94.0,35.453,47.867,12.413999999999994,38.5565,4.655249999999997,35.453,171.6,1941.0,1769.4,613.95,663.5250000000001,171.6,4.0,17.0,13.0,13.75,4.875,17.0,3.0,4.0,1.0,3.25,0.375,3.0,102.0,160.0,58.0,116.5,21.75,102.0,1.54,3.16,1.62,2.755,0.6075000000000002,3.16,2.0,2.0,0.0,2.0,0.0,2.0,0.0,5.0,5.0,3.75,1.875,5.0,0.0,2.0,2.0,0.5,0.75,0.0,0.0,0.0,0.0,0.0,0.0,0.0,4.0,7.0,3.0,6.25,1.125,7.0,0.0,0.0,0.0,0.0,0.0,0.0,0.0,1.0,1.0,0.75,0.375,1.0,0.0,8.0,8.0,2.0,3.0,0.0,0.0,0.0,0.0,0.0,0.0,0.0,1.0,8.0,7.0,2.75,2.625,1.0,16.69,24.4975,7.807499999999997,22.545624999999998,2.9278125,24.4975,0.0,2.493,2.493,1.8697499999999998,0.934875,2.493,0.0,2.25333333333e-05,2.25333333333e-05,5.633333333325e-06,8.4499999999875e-06,0.0,64.0,194.0,130.0,96.5,48.75,64.0
mp-571386,CuCl,Cu,Cubic,Fm-3m,0.0,0.0,2,False,17.0,29.0,12.0,23.0,6.0,17.0,64.0,94.0,30.0,79.0,15.0,64.0,35.453,63.546,28.092999999999996,49.4995,14.046499999999998,35.453,171.6,1357.77,1186.17,764.685,593.085,171.6,11.0,17.0,6.0,14.0,3.0,11.0,3.0,4.0,1.0,3.5,0.5,3.0,102.0,132.0,30.0,117.0,15.0,102.0,1.9,3.16,1.2600000000000002,2.5300000000000002,0.6300000000000001,1.9,1.0,2.0,1.0,1.5,0.5,1.0,0.0,5.0,5.0,2.5,2.5,0.0,0.0,10.0,10.0,5.0,5.0,0.0,0.0,0.0,0.0,0.0,0.0,0.0,7.0,11.0,4.0,9.0,2.0,7.0,0.0,1.0,1.0,0.5,0.5,0.0,0.0,1.0,1.0,0.5,0.5,0.0,0.0,0.0,0.0,0.0,0.0,0.0,0.0,0.0,0.0,0.0,0.0,0.0,1.0,1.0,0.0,1.0,0.0,1.0,11.07,24.4975,13.427499999999998,17.783749999999998,6.713749999999999,11.07,0.0,2.493,2.493,1.2465,1.2465,0.0,0.0,0.0,0.0,0.0,0.0,0.0,64.0,225.0,161.0,144.5,80.5,64.0
mp-571424,TiCl3,Ti,Monoclinic,C2/c,4.0,0.25,16,False,17.0,22.0,5.0,18.25,1.875,17.0,43.0,94.0,51.0,81.25,19.125,94.0,35.453,47.867,12.413999999999994,38.5565,4.655249999999997,35.453,171.6,1941.0,1769.4,613.95,663.5250000000001,171.6,4.0,17.0,13.0,13.75,4.875,17.0,3.0,4.0,1.0,3.25,0.375,3.0,102.0,160.0,58.0,116.5,21.75,102.0,1.54,3.16,1.62,2.755,0.6075000000000002,3.16,2.0,2.0,0.0,2.0,0.0,2.0,0.0,5.0,5.0,3.75,1.875,5.0,0.0,2.0,2.0,0.5,0.75,0.0,0.0,0.0,0.0,0.0,0.0,0.0,4.0,7.0,3.0,6.25,1.125,7.0,0.0,0.0,0.0,0.0,0.0,0.0,0.0,1.0,1.0,0.75,0.375,1.0,0.0,8.0,8.0,2.0,3.0,0.0,0.0,0.0,0.0,0.0,0.0,0.0,1.0,8.0,7.0,2.75,2.625,1.0,16.69,24.4975,7.807499999999997,22.545624999999998,2.9278125,24.4975,0.0,2.493,2.493,1.8697499999999998,0.934875,2.493,0.0,2.25333333333e-05,2.25333333333e-05,5.633333333325e-06,8.4499999999875e-06,0.0,64.0,194.0,130.0,96.5,48.75,64.0
mp-571442,YI3,Y,Trigonal,R-3,0.0,0.0,8,True,39.0,53.0,14.0,49.5,5.25,53.0,12.0,96.0,84.0,75.0,31.5,96.0,88.90585,126.90447,37.99862,117.404815,14.249482500000003,126.90447,386.85,1799.0,1412.15,739.8875,529.5562500000001,386.85,3.0,17.0,14.0,13.5,5.25,17.0,5.0,5.0,0.0,5.0,0.0,5.0,139.0,190.0,51.0,151.75,19.125,139.0,1.22,2.66,1.4400000000000002,2.3000000000000003,0.54,2.66,2.0,2.0,0.0,2.0,0.0,2.0,0.0,5.0,5.0,3.75,1.875,5.0,1.0,10.0,9.0,7.75,3.375,10.0,0.0,0.0,0.0,0.0,0.0,0.0,3.0,17.0,14.0,13.5,5.25,17.0,0.0,0.0,0.0,0.0,0.0,0.0,0.0,1.0,1.0,0.75,0.375,1.0,0.0,9.0,9.0,2.25,3.375,0.0,0.0,0.0,0.0,0.0,0.0,0.0,1.0,9.0,8.0,3.0,3.0,1.0,32.365,43.015,10.649999999999999,40.352500000000006,3.993749999999997,43.015,0.0,1.062,1.062,0.7965,0.39825000000000005,1.062,0.0,0.0,0.0,0.0,0.0,0.0,64.0,194.0,130.0,96.5,48.75,64.0
mp-571514,CdI2,Cd,Trigonal,P3m1,0.0,0.0,24,False,48.0,53.0,5.0,51.333333333333336,2.2222222222222214,53.0,70.0,96.0,26.0,87.33333333333333,11.555555555555557,96.0,112.411,126.90447,14.493470000000002,122.07331333333333,6.441542222222225,126.90447,386.85,594.22,207.37,455.97333333333336,92.16444444444444,386.85,12.0,17.0,5.0,15.333333333333334,2.222222222222222,17.0,5.0,5.0,0.0,5.0,0.0,5.0,139.0,144.0,5.0,140.66666666666666,2.222222222222219,139.0,1.69,2.66,0.9700000000000002,2.3366666666666664,0.4311111111111113,2.66,2.0,2.0,0.0,2.0,0.0,2.0,0.0,5.0,5.0,3.3333333333333335,2.222222222222222,5.0,10.0,10.0,0.0,10.0,0.0,10.0,0.0,0.0,0.0,0.0,0.0,0.0,12.0,17.0,5.0,15.333333333333334,2.222222222222222,17.0,0.0,0.0,0.0,0.0,0.0,0.0,0.0,1.0,1.0,0.6666666666666666,0.4444444444444445,1.0,0.0,0.0,0.0,0.0,0.0,0.0,0.0,0.0,0.0,0.0,0.0,0.0,0.0,1.0,1.0,0.6666666666666666,0.4444444444444445,1.0,19.495,43.015,23.52,35.175000000000004,10.453333333333331,43.015,0.0,1.062,1.062,0.7080000000000001,0.472,1.062,0.0,0.0,0.0,0.0,0.0,0.0,64.0,194.0,130.0,107.33333333333333,57.77777777777777,64.0
mp-571516,CdI2,Cd,Trigonal,P3m1,0.0109393,0.0002279020833333,48,False,48.0,53.0,5.0,51.333333333333336,2.2222222222222214,53.0,70.0,96.0,26.0,87.33333333333333,11.555555555555557,96.0,112.411,126.90447,14.493470000000002,122.07331333333333,6.441542222222225,126.90447,386.85,594.22,207.37,455.97333333333336,92.16444444444444,386.85,12.0,17.0,5.0,15.333333333333334,2.222222222222222,17.0,5.0,5.0,0.0,5.0,0.0,5.0,139.0,144.0,5.0,140.66666666666666,2.222222222222219,139.0,1.69,2.66,0.9700000000000002,2.3366666666666664,0.4311111111111113,2.66,2.0,2.0,0.0,2.0,0.0,2.0,0.0,5.0,5.0,3.3333333333333335,2.222222222222222,5.0,10.0,10.0,0.0,10.0,0.0,10.0,0.0,0.0,0.0,0.0,0.0,0.0,12.0,17.0,5.0,15.333333333333334,2.222222222222222,17.0,0.0,0.0,0.0,0.0,0.0,0.0,0.0,1.0,1.0,0.6666666666666666,0.4444444444444445,1.0,0.0,0.0,0.0,0.0,0.0,0.0,0.0,0.0,0.0,0.0,0.0,0.0,0.0,1.0,1.0,0.6666666666666666,0.4444444444444445,1.0,19.495,43.015,23.52,35.175000000000004,10.453333333333331,43.015,0.0,1.062,1.062,0.7080000000000001,0.472,1.062,0.0,0.0,0.0,0.0,0.0,0.0,64.0,194.0,130.0,107.33333333333333,57.77777777777777,64.0
mp-571518,WCl6,W,Trigonal,R-3,0.0,0.0,7,True,17.0,74.0,57.0,25.142857142857142,13.959183673469388,17.0,51.0,94.0,43.0,87.85714285714286,10.530612244897956,94.0,35.453,183.84,148.387,56.65114285714286,36.339673469387755,35.453,171.6,3695.0,3523.4,674.9428571428572,862.8734693877551,171.6,6.0,17.0,11.0,15.428571428571429,2.6938775510204076,17.0,3.0,6.0,3.0,3.4285714285714284,0.7346938775510203,3.0,102.0,162.0,60.0,110.57142857142857,14.693877551020407,102.0,2.36,3.16,0.8000000000000003,3.045714285714286,0.19591836734693885,3.16,2.0,2.0,0.0,2.0,0.0,2.0,0.0,5.0,5.0,4.285714285714286,1.2244897959183676,5.0,0.0,4.0,4.0,0.5714285714285714,0.979591836734694,0.0,0.0,14.0,14.0,2.0,3.4285714285714284,0.0,7.0,20.0,13.0,8.857142857142858,3.1836734693877555,7.0,0.0,0.0,0.0,0.0,0.0,0.0,0.0,1.0,1.0,0.8571428571428571,0.2448979591836735,1.0,0.0,6.0,6.0,0.8571428571428571,1.4693877551020407,0.0,0.0,0.0,0.0,0.0,0.0,0.0,1.0,6.0,5.0,1.7142857142857142,1.2244897959183672,1.0,16.05,24.4975,8.447499999999998,23.290714285714284,2.0687755102040817,24.4975,0.0,2.493,2.493,2.1368571428571426,0.610530612244898,2.493,0.0,0.0,0.0,0.0,0.0,0.0,64.0,229.0,165.0,87.57142857142857,40.40816326530613,64.0
mp-571519,CdI2,Cd,Trigonal,P3m1,0.0,0.0,21,False,48.0,53.0,5.0,51.333333333333336,2.2222222222222214,53.0,70.0,96.0,26.0,87.33333333333333,11.555555555555557,96.0,112.411,126.90447,14.493470000000002,122.07331333333333,6.441542222222225,126.90447,386.85,594.22,207.37,455.97333333333336,92.16444444444444,386.85,12.0,17.0,5.0,15.333333333333334,2.222222222222222,17.0,5.0,5.0,0.0,5.0,0.0,5.0,139.0,144.0,5.0,140.66666666666666,2.222222222222219,139.0,1.69,2.66,0.9700000000000002,2.3366666666666664,0.4311111111111113,2.66,2.0,2.0,0.0,2.0,0.0,2.0,0.0,5.0,5.0,3.3333333333333335,2.222222222222222,5.0,10.0,10.0,0.0,10.0,0.0,10.0,0.0,0.0,0.0,0.0,0.0,0.0,12.0,17.0,5.0,15.333333333333334,2.222222222222222,17.0,0.0,0.0,0.0,0.0,0.0,0.0,0.0,1.0,1.0,0.6666666666666666,0.4444444444444445,1.0,0.0,0.0,0.0,0.0,0.0,0.0,0.0,0.0,0.0,0.0,0.0,0.0,0.0,1.0,1.0,0.6666666666666666,0.4444444444444445,1.0,19.495,43.015,23.52,35.175000000000004,10.453333333333331,43.015,0.0,1.062,1.062,0.7080000000000001,0.472,1.062,0.0,0.0,0.0,0.0,0.0,0.0,64.0,194.0,130.0,107.33333333333333,57.77777777777777,64.0
mp-571535,CdI2,Cd,Trigonal,P3m1,0.0,0.0,24,False,48.0,53.0,5.0,51.333333333333336,2.2222222222222214,53.0,70.0,96.0,26.0,87.33333333333333,11.555555555555557,96.0,112.411,126.90447,14.493470000000002,122.07331333333333,6.441542222222225,126.90447,386.85,594.22,207.37,455.97333333333336,92.16444444444444,386.85,12.0,17.0,5.0,15.333333333333334,2.222222222222222,17.0,5.0,5.0,0.0,5.0,0.0,5.0,139.0,144.0,5.0,140.66666666666666,2.222222222222219,139.0,1.69,2.66,0.9700000000000002,2.3366666666666664,0.4311111111111113,2.66,2.0,2.0,0.0,2.0,0.0,2.0,0.0,5.0,5.0,3.3333333333333335,2.222222222222222,5.0,10.0,10.0,0.0,10.0,0.0,10.0,0.0,0.0,0.0,0.0,0.0,0.0,12.0,17.0,5.0,15.333333333333334,2.222222222222222,17.0,0.0,0.0,0.0,0.0,0.0,0.0,0.0,1.0,1.0,0.6666666666666666,0.4444444444444445,1.0,0.0,0.0,0.0,0.0,0.0,0.0,0.0,0.0,0.0,0.0,0.0,0.0,0.0,1.0,1.0,0.6666666666666666,0.4444444444444445,1.0,19.495,43.015,23.52,35.175000000000004,10.453333333333331,43.015,0.0,1.062,1.062,0.7080000000000001,0.472,1.062,0.0,0.0,0.0,0.0,0.0,0.0,64.0,194.0,130.0,107.33333333333333,57.77777777777777,64.0
mp-571537,ZrCl2,Zr,Trigonal,R-3,2.0001202,0.1111177888888888,18,False,17.0,40.0,23.0,24.666666666666668,10.222222222222223,17.0,44.0,94.0,50.0,77.33333333333333,22.222222222222225,94.0,35.453,91.224,55.771,54.04333333333333,24.787111111111113,35.453,171.6,2128.0,1956.4,823.7333333333332,869.5111111111111,171.6,4.0,17.0,13.0,12.666666666666666,5.777777777777779,17.0,3.0,5.0,2.0,3.6666666666666665,0.8888888888888888,3.0,102.0,175.0,73.0,126.33333333333333,32.44444444444444,102.0,1.33,3.16,1.83,2.5500000000000003,0.8133333333333334,3.16,2.0,2.0,0.0,2.0,0.0,2.0,0.0,5.0,5.0,3.3333333333333335,2.222222222222222,5.0,0.0,2.0,2.0,0.6666666666666666,0.888888888888889,0.0,0.0,0.0,0.0,0.0,0.0,0.0,4.0,7.0,3.0,6.0,1.3333333333333333,7.0,0.0,0.0,0.0,0.0,0.0,0.0,0.0,1.0,1.0,0.6666666666666666,0.4444444444444445,1.0,0.0,8.0,8.0,2.6666666666666665,3.555555555555556,0.0,0.0,0.0,0.0,0.0,0.0,0.0,1.0,8.0,7.0,3.3333333333333335,3.1111111111111107,1.0,23.195,24.4975,1.3024999999999984,24.063333333333333,0.5788888888888882,24.4975,0.0,2.493,2.493,1.662,1.1079999999999999,2.493,0.0,0.0,0.0,0.0,0.0,0.0,64.0,194.0,130.0,107.33333333333333,57.77777777777777,64.0
mp-571538,CdI2,Cd,Trigonal,P3m1,0.0,0.0,30,False,48.0,53.0,5.0,51.333333333333336,2.2222222222222214,53.0,70.0,96.0,26.0,87.33333333333333,11.555555555555557,96.0,112.411,126.90447,14.493470000000002,122.07331333333333,6.441542222222225,126.90447,386.85,594.22,207.37,455.97333333333336,92.16444444444444,386.85,12.0,17.0,5.0,15.333333333333334,2.222222222222222,17.0,5.0,5.0,0.0,5.0,0.0,5.0,139.0,144.0,5.0,140.66666666666666,2.222222222222219,139.0,1.69,2.66,0.9700000000000002,2.3366666666666664,0.4311111111111113,2.66,2.0,2.0,0.0,2.0,0.0,2.0,0.0,5.0,5.0,3.3333333333333335,2.222222222222222,5.0,10.0,10.0,0.0,10.0,0.0,10.0,0.0,0.0,0.0,0.0,0.0,0.0,12.0,17.0,5.0,15.333333333333334,2.222222222222222,17.0,0.0,0.0,0.0,0.0,0.0,0.0,0.0,1.0,1.0,0.6666666666666666,0.4444444444444445,1.0,0.0,0.0,0.0,0.0,0.0,0.0,0.0,0.0,0.0,0.0,0.0,0.0,0.0,1.0,1.0,0.6666666666666666,0.4444444444444445,1.0,19.495,43.015,23.52,35.175000000000004,10.453333333333331,43.015,0.0,1.062,1.062,0.7080000000000001,0.472,1.062,0.0,0.0,0.0,0.0,0.0,0.0,64.0,194.0,130.0,107.33333333333333,57.77777777777777,64.0
mp-571539,CdI2,Cd,Trigonal,P3m1,0.0,0.0,24,False,48.0,53.0,5.0,51.333333333333336,2.2222222222222214,53.0,70.0,96.0,26.0,87.33333333333333,11.555555555555557,96.0,112.411,126.90447,14.493470000000002,122.07331333333333,6.441542222222225,126.90447,386.85,594.22,207.37,455.97333333333336,92.16444444444444,386.85,12.0,17.0,5.0,15.333333333333334,2.222222222222222,17.0,5.0,5.0,0.0,5.0,0.0,5.0,139.0,144.0,5.0,140.66666666666666,2.222222222222219,139.0,1.69,2.66,0.9700000000000002,2.3366666666666664,0.4311111111111113,2.66,2.0,2.0,0.0,2.0,0.0,2.0,0.0,5.0,5.0,3.3333333333333335,2.222222222222222,5.0,10.0,10.0,0.0,10.0,0.0,10.0,0.0,0.0,0.0,0.0,0.0,0.0,12.0,17.0,5.0,15.333333333333334,2.222222222222222,17.0,0.0,0.0,0.0,0.0,0.0,0.0,0.0,1.0,1.0,0.6666666666666666,0.4444444444444445,1.0,0.0,0.0,0.0,0.0,0.0,0.0,0.0,0.0,0.0,0.0,0.0,0.0,0.0,1.0,1.0,0.6666666666666666,0.4444444444444445,1.0,19.495,43.015,23.52,35.175000000000004,10.453333333333331,43.015,0.0,1.062,1.062,0.7080000000000001,0.472,1.062,0.0,0.0,0.0,0.0,0.0,0.0,64.0,194.0,130.0,107.33333333333333,57.77777777777777,64.0
mp-571540,ZnCl2,Zn,Monoclinic,P2_1/c,0.0,0.0,36,False,17.0,30.0,13.0,21.333333333333332,5.777777777777778,17.0,69.0,94.0,25.0,85.66666666666667,11.111111111111109,94.0,35.453,65.38,29.926999999999992,45.428666666666665,13.300888888888885,35.453,171.6,692.68,521.0799999999999,345.2933333333333,231.5911111111111,171.6,12.0,17.0,5.0,15.333333333333334,2.222222222222222,17.0,3.0,4.0,1.0,3.3333333333333335,0.4444444444444445,3.0,102.0,122.0,20.0,108.66666666666667,8.888888888888891,102.0,1.65,3.16,1.5100000000000002,2.6566666666666667,0.6711111111111112,3.16,2.0,2.0,0.0,2.0,0.0,2.0,0.0,5.0,5.0,3.3333333333333335,2.222222222222222,5.0,0.0,10.0,10.0,3.3333333333333335,4.444444444444444,0.0,0.0,0.0,0.0,0.0,0.0,0.0,7.0,12.0,5.0,8.666666666666666,2.222222222222222,7.0,0.0,0.0,0.0,0.0,0.0,0.0,0.0,1.0,1.0,0.6666666666666666,0.4444444444444445,1.0,0.0,0.0,0.0,0.0,0.0,0.0,0.0,0.0,0.0,0.0,0.0,0.0,0.0,1.0,1.0,0.6666666666666666,0.4444444444444445,1.0,13.96,24.4975,10.537499999999998,20.985,4.683333333333333,24.4975,0.0,2.493,2.493,1.662,1.1079999999999999,2.493,0.0,0.0,0.0,0.0,0.0,0.0,64.0,194.0,130.0,107.33333333333333,57.77777777777777,64.0
mp-571558,HgBr2,Hg,Trigonal,P3,0.0025061,0.0002784555555555,9,False,35.0,80.0,45.0,50.0,20.0,35.0,71.0,95.0,24.0,87.0,10.666666666666666,95.0,79.904,200.59,120.686,120.13266666666668,53.638222222222225,79.904,234.32,265.8,31.480000000000018,255.3066666666667,13.99111111111111,265.8,12.0,17.0,5.0,15.333333333333334,2.222222222222222,17.0,4.0,6.0,2.0,4.666666666666667,0.888888888888889,4.0,120.0,132.0,12.0,124.0,5.333333333333333,120.0,2.0,2.96,0.96,2.64,0.4266666666666666,2.96,2.0,2.0,0.0,2.0,0.0,2.0,0.0,5.0,5.0,3.3333333333333335,2.222222222222222,5.0,10.0,10.0,0.0,10.0,0.0,10.0,0.0,14.0,14.0,4.666666666666667,6.222222222222221,0.0,17.0,26.0,9.0,20.0,4.0,17.0,0.0,0.0,0.0,0.0,0.0,0.0,0.0,1.0,1.0,0.6666666666666666,0.4444444444444445,1.0,0.0,0.0,0.0,0.0,0.0,0.0,0.0,0.0,0.0,0.0,0.0,0.0,0.0,1.0,1.0,0.6666666666666666,0.4444444444444445,1.0,25.2375862069,29.48,4.242413793099999,28.065862068966666,1.8855172413777777,29.48,0.0,1.457,1.457,0.9713333333333334,0.6475555555555556,1.457,0.0,0.0,0.0,0.0,0.0,0.0,64.0,166.0,102.0,98.0,45.333333333333336,64.0
mp-571559,CdI2,Cd,Trigonal,P3m1,0.0,0.0,30,False,48.0,53.0,5.0,51.333333333333336,2.2222222222222214,53.0,70.0,96.0,26.0,87.33333333333333,11.555555555555557,96.0,112.411,126.90447,14.493470000000002,122.07331333333333,6.441542222222225,126.90447,386.85,594.22,207.37,455.97333333333336,92.16444444444444,386.85,12.0,17.0,5.0,15.333333333333334,2.222222222222222,17.0,5.0,5.0,0.0,5.0,0.0,5.0,139.0,144.0,5.0,140.66666666666666,2.222222222222219,139.0,1.69,2.66,0.9700000000000002,2.3366666666666664,0.4311111111111113,2.66,2.0,2.0,0.0,2.0,0.0,2.0,0.0,5.0,5.0,3.3333333333333335,2.222222222222222,5.0,10.0,10.0,0.0,10.0,0.0,10.0,0.0,0.0,0.0,0.0,0.0,0.0,12.0,17.0,5.0,15.333333333333334,2.222222222222222,17.0,0.0,0.0,0.0,0.0,0.0,0.0,0.0,1.0,1.0,0.6666666666666666,0.4444444444444445,1.0,0.0,0.0,0.0,0.0,0.0,0.0,0.0,0.0,0.0,0.0,0.0,0.0,0.0,1.0,1.0,0.6666666666666666,0.4444444444444445,1.0,19.495,43.015,23.52,35.175000000000004,10.453333333333331,43.015,0.0,1.062,1.062,0.7080000000000001,0.472,1.062,0.0,0.0,0.0,0.0,0.0,0.0,64.0,194.0,130.0,107.33333333333333,57.77777777777777,64.0
mp-571567,CdI2,Cd,Trigonal,P3m1,0.0,0.0,24,False,48.0,53.0,5.0,51.333333333333336,2.2222222222222214,53.0,70.0,96.0,26.0,87.33333333333333,11.555555555555557,96.0,112.411,126.90447,14.493470000000002,122.07331333333333,6.441542222222225,126.90447,386.85,594.22,207.37,455.97333333333336,92.16444444444444,386.85,12.0,17.0,5.0,15.333333333333334,2.222222222222222,17.0,5.0,5.0,0.0,5.0,0.0,5.0,139.0,144.0,5.0,140.66666666666666,2.222222222222219,139.0,1.69,2.66,0.9700000000000002,2.3366666666666664,0.4311111111111113,2.66,2.0,2.0,0.0,2.0,0.0,2.0,0.0,5.0,5.0,3.3333333333333335,2.222222222222222,5.0,10.0,10.0,0.0,10.0,0.0,10.0,0.0,0.0,0.0,0.0,0.0,0.0,12.0,17.0,5.0,15.333333333333334,2.222222222222222,17.0,0.0,0.0,0.0,0.0,0.0,0.0,0.0,1.0,1.0,0.6666666666666666,0.4444444444444445,1.0,0.0,0.0,0.0,0.0,0.0,0.0,0.0,0.0,0.0,0.0,0.0,0.0,0.0,1.0,1.0,0.6666666666666666,0.4444444444444445,1.0,19.495,43.015,23.52,35.175000000000004,10.453333333333331,43.015,0.0,1.062,1.062,0.7080000000000001,0.472,1.062,0.0,0.0,0.0,0.0,0.0,0.0,64.0,194.0,130.0,107.33333333333333,57.77777777777777,64.0
mp-571568,CdI2,Cd,Trigonal,P3m1,0.0,0.0,24,False,48.0,53.0,5.0,51.333333333333336,2.2222222222222214,53.0,70.0,96.0,26.0,87.33333333333333,11.555555555555557,96.0,112.411,126.90447,14.493470000000002,122.07331333333333,6.441542222222225,126.90447,386.85,594.22,207.37,455.97333333333336,92.16444444444444,386.85,12.0,17.0,5.0,15.333333333333334,2.222222222222222,17.0,5.0,5.0,0.0,5.0,0.0,5.0,139.0,144.0,5.0,140.66666666666666,2.222222222222219,139.0,1.69,2.66,0.9700000000000002,2.3366666666666664,0.4311111111111113,2.66,2.0,2.0,0.0,2.0,0.0,2.0,0.0,5.0,5.0,3.3333333333333335,2.222222222222222,5.0,10.0,10.0,0.0,10.0,0.0,10.0,0.0,0.0,0.0,0.0,0.0,0.0,12.0,17.0,5.0,15.333333333333334,2.222222222222222,17.0,0.0,0.0,0.0,0.0,0.0,0.0,0.0,1.0,1.0,0.6666666666666666,0.4444444444444445,1.0,0.0,0.0,0.0,0.0,0.0,0.0,0.0,0.0,0.0,0.0,0.0,0.0,0.0,1.0,1.0,0.6666666666666666,0.4444444444444445,1.0,19.495,43.015,23.52,35.175000000000004,10.453333333333331,43.015,0.0,1.062,1.062,0.7080000000000001,0.472,1.062,0.0,0.0,0.0,0.0,0.0,0.0,64.0,194.0,130.0,107.33333333333333,57.77777777777777,64.0
mp-571569,CdI2,Cd,Trigonal,P3m1,0.0,0.0,27,False,48.0,53.0,5.0,51.333333333333336,2.2222222222222214,53.0,70.0,96.0,26.0,87.33333333333333,11.555555555555557,96.0,112.411,126.90447,14.493470000000002,122.07331333333333,6.441542222222225,126.90447,386.85,594.22,207.37,455.97333333333336,92.16444444444444,386.85,12.0,17.0,5.0,15.333333333333334,2.222222222222222,17.0,5.0,5.0,0.0,5.0,0.0,5.0,139.0,144.0,5.0,140.66666666666666,2.222222222222219,139.0,1.69,2.66,0.9700000000000002,2.3366666666666664,0.4311111111111113,2.66,2.0,2.0,0.0,2.0,0.0,2.0,0.0,5.0,5.0,3.3333333333333335,2.222222222222222,5.0,10.0,10.0,0.0,10.0,0.0,10.0,0.0,0.0,0.0,0.0,0.0,0.0,12.0,17.0,5.0,15.333333333333334,2.222222222222222,17.0,0.0,0.0,0.0,0.0,0.0,0.0,0.0,1.0,1.0,0.6666666666666666,0.4444444444444445,1.0,0.0,0.0,0.0,0.0,0.0,0.0,0.0,0.0,0.0,0.0,0.0,0.0,0.0,1.0,1.0,0.6666666666666666,0.4444444444444445,1.0,19.495,43.015,23.52,35.175000000000004,10.453333333333331,43.015,0.0,1.062,1.062,0.7080000000000001,0.472,1.062,0.0,0.0,0.0,0.0,0.0,0.0,64.0,194.0,130.0,107.33333333333333,57.77777777777777,64.0
mp-571578,CdI2,Cd,Trigonal,P3m1,0.0,0.0,30,False,48.0,53.0,5.0,51.333333333333336,2.2222222222222214,53.0,70.0,96.0,26.0,87.33333333333333,11.555555555555557,96.0,112.411,126.90447,14.493470000000002,122.07331333333333,6.441542222222225,126.90447,386.85,594.22,207.37,455.97333333333336,92.16444444444444,386.85,12.0,17.0,5.0,15.333333333333334,2.222222222222222,17.0,5.0,5.0,0.0,5.0,0.0,5.0,139.0,144.0,5.0,140.66666666666666,2.222222222222219,139.0,1.69,2.66,0.9700000000000002,2.3366666666666664,0.4311111111111113,2.66,2.0,2.0,0.0,2.0,0.0,2.0,0.0,5.0,5.0,3.3333333333333335,2.222222222222222,5.0,10.0,10.0,0.0,10.0,0.0,10.0,0.0,0.0,0.0,0.0,0.0,0.0,12.0,17.0,5.0,15.333333333333334,2.222222222222222,17.0,0.0,0.0,0.0,0.0,0.0,0.0,0.0,1.0,1.0,0.6666666666666666,0.4444444444444445,1.0,0.0,0.0,0.0,0.0,0.0,0.0,0.0,0.0,0.0,0.0,0.0,0.0,0.0,1.0,1.0,0.6666666666666666,0.4444444444444445,1.0,19.495,43.015,23.52,35.175000000000004,10.453333333333331,43.015,0.0,1.062,1.062,0.7080000000000001,0.472,1.062,0.0,0.0,0.0,0.0,0.0,0.0,64.0,194.0,130.0,107.33333333333333,57.77777777777777,64.0
mp-571579,CdI2,Cd,Trigonal,P3m1,0.0,0.0,30,False,48.0,53.0,5.0,51.333333333333336,2.2222222222222214,53.0,70.0,96.0,26.0,87.33333333333333,11.555555555555557,96.0,112.411,126.90447,14.493470000000002,122.07331333333333,6.441542222222225,126.90447,386.85,594.22,207.37,455.97333333333336,92.16444444444444,386.85,12.0,17.0,5.0,15.333333333333334,2.222222222222222,17.0,5.0,5.0,0.0,5.0,0.0,5.0,139.0,144.0,5.0,140.66666666666666,2.222222222222219,139.0,1.69,2.66,0.9700000000000002,2.3366666666666664,0.4311111111111113,2.66,2.0,2.0,0.0,2.0,0.0,2.0,0.0,5.0,5.0,3.3333333333333335,2.222222222222222,5.0,10.0,10.0,0.0,10.0,0.0,10.0,0.0,0.0,0.0,0.0,0.0,0.0,12.0,17.0,5.0,15.333333333333334,2.222222222222222,17.0,0.0,0.0,0.0,0.0,0.0,0.0,0.0,1.0,1.0,0.6666666666666666,0.4444444444444445,1.0,0.0,0.0,0.0,0.0,0.0,0.0,0.0,0.0,0.0,0.0,0.0,0.0,0.0,1.0,1.0,0.6666666666666666,0.4444444444444445,1.0,19.495,43.015,23.52,35.175000000000004,10.453333333333331,43.015,0.0,1.062,1.062,0.7080000000000001,0.472,1.062,0.0,0.0,0.0,0.0,0.0,0.0,64.0,194.0,130.0,107.33333333333333,57.77777777777777,64.0
mp-571583,CdI2,Cd,Trigonal,P3m1,0.0,0.0,30,False,48.0,53.0,5.0,51.333333333333336,2.2222222222222214,53.0,70.0,96.0,26.0,87.33333333333333,11.555555555555557,96.0,112.411,126.90447,14.493470000000002,122.07331333333333,6.441542222222225,126.90447,386.85,594.22,207.37,455.97333333333336,92.16444444444444,386.85,12.0,17.0,5.0,15.333333333333334,2.222222222222222,17.0,5.0,5.0,0.0,5.0,0.0,5.0,139.0,144.0,5.0,140.66666666666666,2.222222222222219,139.0,1.69,2.66,0.9700000000000002,2.3366666666666664,0.4311111111111113,2.66,2.0,2.0,0.0,2.0,0.0,2.0,0.0,5.0,5.0,3.3333333333333335,2.222222222222222,5.0,10.0,10.0,0.0,10.0,0.0,10.0,0.0,0.0,0.0,0.0,0.0,0.0,12.0,17.0,5.0,15.333333333333334,2.222222222222222,17.0,0.0,0.0,0.0,0.0,0.0,0.0,0.0,1.0,1.0,0.6666666666666666,0.4444444444444445,1.0,0.0,0.0,0.0,0.0,0.0,0.0,0.0,0.0,0.0,0.0,0.0,0.0,0.0,1.0,1.0,0.6666666666666666,0.4444444444444445,1.0,19.495,43.015,23.52,35.175000000000004,10.453333333333331,43.015,0.0,1.062,1.062,0.7080000000000001,0.472,1.062,0.0,0.0,0.0,0.0,0.0,0.0,64.0,194.0,130.0,107.33333333333333,57.77777777777777,64.0
mp-571592,CdI2,Cd,Trigonal,P3m1,0.0,0.0,24,False,48.0,53.0,5.0,51.333333333333336,2.2222222222222214,53.0,70.0,96.0,26.0,87.33333333333333,11.555555555555557,96.0,112.411,126.90447,14.493470000000002,122.07331333333333,6.441542222222225,126.90447,386.85,594.22,207.37,455.97333333333336,92.16444444444444,386.85,12.0,17.0,5.0,15.333333333333334,2.222222222222222,17.0,5.0,5.0,0.0,5.0,0.0,5.0,139.0,144.0,5.0,140.66666666666666,2.222222222222219,139.0,1.69,2.66,0.9700000000000002,2.3366666666666664,0.4311111111111113,2.66,2.0,2.0,0.0,2.0,0.0,2.0,0.0,5.0,5.0,3.3333333333333335,2.222222222222222,5.0,10.0,10.0,0.0,10.0,0.0,10.0,0.0,0.0,0.0,0.0,0.0,0.0,12.0,17.0,5.0,15.333333333333334,2.222222222222222,17.0,0.0,0.0,0.0,0.0,0.0,0.0,0.0,1.0,1.0,0.6666666666666666,0.4444444444444445,1.0,0.0,0.0,0.0,0.0,0.0,0.0,0.0,0.0,0.0,0.0,0.0,0.0,0.0,1.0,1.0,0.6666666666666666,0.4444444444444445,1.0,19.495,43.015,23.52,35.175000000000004,10.453333333333331,43.015,0.0,1.062,1.062,0.7080000000000001,0.472,1.062,0.0,0.0,0.0,0.0,0.0,0.0,64.0,194.0,130.0,107.33333333333333,57.77777777777777,64.0
mp-571593,CdI2,Cd,Trigonal,P3m1,0.0,0.0,36,False,48.0,53.0,5.0,51.333333333333336,2.2222222222222214,53.0,70.0,96.0,26.0,87.33333333333333,11.555555555555557,96.0,112.411,126.90447,14.493470000000002,122.07331333333333,6.441542222222225,126.90447,386.85,594.22,207.37,455.97333333333336,92.16444444444444,386.85,12.0,17.0,5.0,15.333333333333334,2.222222222222222,17.0,5.0,5.0,0.0,5.0,0.0,5.0,139.0,144.0,5.0,140.66666666666666,2.222222222222219,139.0,1.69,2.66,0.9700000000000002,2.3366666666666664,0.4311111111111113,2.66,2.0,2.0,0.0,2.0,0.0,2.0,0.0,5.0,5.0,3.3333333333333335,2.222222222222222,5.0,10.0,10.0,0.0,10.0,0.0,10.0,0.0,0.0,0.0,0.0,0.0,0.0,12.0,17.0,5.0,15.333333333333334,2.222222222222222,17.0,0.0,0.0,0.0,0.0,0.0,0.0,0.0,1.0,1.0,0.6666666666666666,0.4444444444444445,1.0,0.0,0.0,0.0,0.0,0.0,0.0,0.0,0.0,0.0,0.0,0.0,0.0,0.0,1.0,1.0,0.6666666666666666,0.4444444444444445,1.0,19.495,43.015,23.52,35.175000000000004,10.453333333333331,43.015,0.0,1.062,1.062,0.7080000000000001,0.472,1.062,0.0,0.0,0.0,0.0,0.0,0.0,64.0,194.0,130.0,107.33333333333333,57.77777777777777,64.0
mp-571595,CdI2,Cd,Trigonal,P3m1,0.0,0.0,30,False,48.0,53.0,5.0,51.333333333333336,2.2222222222222214,53.0,70.0,96.0,26.0,87.33333333333333,11.555555555555557,96.0,112.411,126.90447,14.493470000000002,122.07331333333333,6.441542222222225,126.90447,386.85,594.22,207.37,455.97333333333336,92.16444444444444,386.85,12.0,17.0,5.0,15.333333333333334,2.222222222222222,17.0,5.0,5.0,0.0,5.0,0.0,5.0,139.0,144.0,5.0,140.66666666666666,2.222222222222219,139.0,1.69,2.66,0.9700000000000002,2.3366666666666664,0.4311111111111113,2.66,2.0,2.0,0.0,2.0,0.0,2.0,0.0,5.0,5.0,3.3333333333333335,2.222222222222222,5.0,10.0,10.0,0.0,10.0,0.0,10.0,0.0,0.0,0.0,0.0,0.0,0.0,12.0,17.0,5.0,15.333333333333334,2.222222222222222,17.0,0.0,0.0,0.0,0.0,0.0,0.0,0.0,1.0,1.0,0.6666666666666666,0.4444444444444445,1.0,0.0,0.0,0.0,0.0,0.0,0.0,0.0,0.0,0.0,0.0,0.0,0.0,0.0,1.0,1.0,0.6666666666666666,0.4444444444444445,1.0,19.495,43.015,23.52,35.175000000000004,10.453333333333331,43.015,0.0,1.062,1.062,0.7080000000000001,0.472,1.062,0.0,0.0,0.0,0.0,0.0,0.0,64.0,194.0,130.0,107.33333333333333,57.77777777777777,64.0
mp-571603,CdI2,Cd,Trigonal,P3m1,0.0,0.0,36,False,48.0,53.0,5.0,51.333333333333336,2.2222222222222214,53.0,70.0,96.0,26.0,87.33333333333333,11.555555555555557,96.0,112.411,126.90447,14.493470000000002,122.07331333333333,6.441542222222225,126.90447,386.85,594.22,207.37,455.97333333333336,92.16444444444444,386.85,12.0,17.0,5.0,15.333333333333334,2.222222222222222,17.0,5.0,5.0,0.0,5.0,0.0,5.0,139.0,144.0,5.0,140.66666666666666,2.222222222222219,139.0,1.69,2.66,0.9700000000000002,2.3366666666666664,0.4311111111111113,2.66,2.0,2.0,0.0,2.0,0.0,2.0,0.0,5.0,5.0,3.3333333333333335,2.222222222222222,5.0,10.0,10.0,0.0,10.0,0.0,10.0,0.0,0.0,0.0,0.0,0.0,0.0,12.0,17.0,5.0,15.333333333333334,2.222222222222222,17.0,0.0,0.0,0.0,0.0,0.0,0.0,0.0,1.0,1.0,0.6666666666666666,0.4444444444444445,1.0,0.0,0.0,0.0,0.0,0.0,0.0,0.0,0.0,0.0,0.0,0.0,0.0,0.0,1.0,1.0,0.6666666666666666,0.4444444444444445,1.0,19.495,43.015,23.52,35.175000000000004,10.453333333333331,43.015,0.0,1.062,1.062,0.7080000000000001,0.472,1.062,0.0,0.0,0.0,0.0,0.0,0.0,64.0,194.0,130.0,107.33333333333333,57.77777777777777,64.0
mp-571605,CdI2,Cd,Trigonal,P3m1,0.0,0.0,30,False,48.0,53.0,5.0,51.333333333333336,2.2222222222222214,53.0,70.0,96.0,26.0,87.33333333333333,11.555555555555557,96.0,112.411,126.90447,14.493470000000002,122.07331333333333,6.441542222222225,126.90447,386.85,594.22,207.37,455.97333333333336,92.16444444444444,386.85,12.0,17.0,5.0,15.333333333333334,2.222222222222222,17.0,5.0,5.0,0.0,5.0,0.0,5.0,139.0,144.0,5.0,140.66666666666666,2.222222222222219,139.0,1.69,2.66,0.9700000000000002,2.3366666666666664,0.4311111111111113,2.66,2.0,2.0,0.0,2.0,0.0,2.0,0.0,5.0,5.0,3.3333333333333335,2.222222222222222,5.0,10.0,10.0,0.0,10.0,0.0,10.0,0.0,0.0,0.0,0.0,0.0,0.0,12.0,17.0,5.0,15.333333333333334,2.222222222222222,17.0,0.0,0.0,0.0,0.0,0.0,0.0,0.0,1.0,1.0,0.6666666666666666,0.4444444444444445,1.0,0.0,0.0,0.0,0.0,0.0,0.0,0.0,0.0,0.0,0.0,0.0,0.0,0.0,1.0,1.0,0.6666666666666666,0.4444444444444445,1.0,19.495,43.015,23.52,35.175000000000004,10.453333333333331,43.015,0.0,1.062,1.062,0.7080000000000001,0.472,1.062,0.0,0.0,0.0,0.0,0.0,0.0,64.0,194.0,130.0,107.33333333333333,57.77777777777777,64.0
mp-571607,CdI2,Cd,Trigonal,P3m1,0.0017443,4.845277777777778e-05,36,False,48.0,53.0,5.0,51.333333333333336,2.2222222222222214,53.0,70.0,96.0,26.0,87.33333333333333,11.555555555555557,96.0,112.411,126.90447,14.493470000000002,122.07331333333333,6.441542222222225,126.90447,386.85,594.22,207.37,455.97333333333336,92.16444444444444,386.85,12.0,17.0,5.0,15.333333333333334,2.222222222222222,17.0,5.0,5.0,0.0,5.0,0.0,5.0,139.0,144.0,5.0,140.66666666666666,2.222222222222219,139.0,1.69,2.66,0.9700000000000002,2.3366666666666664,0.4311111111111113,2.66,2.0,2.0,0.0,2.0,0.0,2.0,0.0,5.0,5.0,3.3333333333333335,2.222222222222222,5.0,10.0,10.0,0.0,10.0,0.0,10.0,0.0,0.0,0.0,0.0,0.0,0.0,12.0,17.0,5.0,15.333333333333334,2.222222222222222,17.0,0.0,0.0,0.0,0.0,0.0,0.0,0.0,1.0,1.0,0.6666666666666666,0.4444444444444445,1.0,0.0,0.0,0.0,0.0,0.0,0.0,0.0,0.0,0.0,0.0,0.0,0.0,0.0,1.0,1.0,0.6666666666666666,0.4444444444444445,1.0,19.495,43.015,23.52,35.175000000000004,10.453333333333331,43.015,0.0,1.062,1.062,0.7080000000000001,0.472,1.062,0.0,0.0,0.0,0.0,0.0,0.0,64.0,194.0,130.0,107.33333333333333,57.77777777777777,64.0
mp-571613,CdI2,Cd,Trigonal,P3m1,0.0017812,4.947777777777778e-05,36,False,48.0,53.0,5.0,51.333333333333336,2.2222222222222214,53.0,70.0,96.0,26.0,87.33333333333333,11.555555555555557,96.0,112.411,126.90447,14.493470000000002,122.07331333333333,6.441542222222225,126.90447,386.85,594.22,207.37,455.97333333333336,92.16444444444444,386.85,12.0,17.0,5.0,15.333333333333334,2.222222222222222,17.0,5.0,5.0,0.0,5.0,0.0,5.0,139.0,144.0,5.0,140.66666666666666,2.222222222222219,139.0,1.69,2.66,0.9700000000000002,2.3366666666666664,0.4311111111111113,2.66,2.0,2.0,0.0,2.0,0.0,2.0,0.0,5.0,5.0,3.3333333333333335,2.222222222222222,5.0,10.0,10.0,0.0,10.0,0.0,10.0,0.0,0.0,0.0,0.0,0.0,0.0,12.0,17.0,5.0,15.333333333333334,2.222222222222222,17.0,0.0,0.0,0.0,0.0,0.0,0.0,0.0,1.0,1.0,0.6666666666666666,0.4444444444444445,1.0,0.0,0.0,0.0,0.0,0.0,0.0,0.0,0.0,0.0,0.0,0.0,0.0,0.0,1.0,1.0,0.6666666666666666,0.4444444444444445,1.0,19.495,43.015,23.52,35.175000000000004,10.453333333333331,43.015,0.0,1.062,1.062,0.7080000000000001,0.472,1.062,0.0,0.0,0.0,0.0,0.0,0.0,64.0,194.0,130.0,107.33333333333333,57.77777777777777,64.0
mp-571615,CdI2,Cd,Trigonal,P3m1,0.0,0.0,30,False,48.0,53.0,5.0,51.333333333333336,2.2222222222222214,53.0,70.0,96.0,26.0,87.33333333333333,11.555555555555557,96.0,112.411,126.90447,14.493470000000002,122.07331333333333,6.441542222222225,126.90447,386.85,594.22,207.37,455.97333333333336,92.16444444444444,386.85,12.0,17.0,5.0,15.333333333333334,2.222222222222222,17.0,5.0,5.0,0.0,5.0,0.0,5.0,139.0,144.0,5.0,140.66666666666666,2.222222222222219,139.0,1.69,2.66,0.9700000000000002,2.3366666666666664,0.4311111111111113,2.66,2.0,2.0,0.0,2.0,0.0,2.0,0.0,5.0,5.0,3.3333333333333335,2.222222222222222,5.0,10.0,10.0,0.0,10.0,0.0,10.0,0.0,0.0,0.0,0.0,0.0,0.0,12.0,17.0,5.0,15.333333333333334,2.222222222222222,17.0,0.0,0.0,0.0,0.0,0.0,0.0,0.0,1.0,1.0,0.6666666666666666,0.4444444444444445,1.0,0.0,0.0,0.0,0.0,0.0,0.0,0.0,0.0,0.0,0.0,0.0,0.0,0.0,1.0,1.0,0.6666666666666666,0.4444444444444445,1.0,19.495,43.015,23.52,35.175000000000004,10.453333333333331,43.015,0.0,1.062,1.062,0.7080000000000001,0.472,1.062,0.0,0.0,0.0,0.0,0.0,0.0,64.0,194.0,130.0,107.33333333333333,57.77777777777777,64.0
mp-571616,CdI2,Cd,Trigonal,P3m1,0.0,0.0,30,False,48.0,53.0,5.0,51.333333333333336,2.2222222222222214,53.0,70.0,96.0,26.0,87.33333333333333,11.555555555555557,96.0,112.411,126.90447,14.493470000000002,122.07331333333333,6.441542222222225,126.90447,386.85,594.22,207.37,455.97333333333336,92.16444444444444,386.85,12.0,17.0,5.0,15.333333333333334,2.222222222222222,17.0,5.0,5.0,0.0,5.0,0.0,5.0,139.0,144.0,5.0,140.66666666666666,2.222222222222219,139.0,1.69,2.66,0.9700000000000002,2.3366666666666664,0.4311111111111113,2.66,2.0,2.0,0.0,2.0,0.0,2.0,0.0,5.0,5.0,3.3333333333333335,2.222222222222222,5.0,10.0,10.0,0.0,10.0,0.0,10.0,0.0,0.0,0.0,0.0,0.0,0.0,12.0,17.0,5.0,15.333333333333334,2.222222222222222,17.0,0.0,0.0,0.0,0.0,0.0,0.0,0.0,1.0,1.0,0.6666666666666666,0.4444444444444445,1.0,0.0,0.0,0.0,0.0,0.0,0.0,0.0,0.0,0.0,0.0,0.0,0.0,0.0,1.0,1.0,0.6666666666666666,0.4444444444444445,1.0,19.495,43.015,23.52,35.175000000000004,10.453333333333331,43.015,0.0,1.062,1.062,0.7080000000000001,0.472,1.062,0.0,0.0,0.0,0.0,0.0,0.0,64.0,194.0,130.0,107.33333333333333,57.77777777777777,64.0
mp-571635,CdI2,Cd,Trigonal,P3m1,0.0140608,0.0003905777777777,36,False,48.0,53.0,5.0,51.333333333333336,2.2222222222222214,53.0,70.0,96.0,26.0,87.33333333333333,11.555555555555557,96.0,112.411,126.90447,14.493470000000002,122.07331333333333,6.441542222222225,126.90447,386.85,594.22,207.37,455.97333333333336,92.16444444444444,386.85,12.0,17.0,5.0,15.333333333333334,2.222222222222222,17.0,5.0,5.0,0.0,5.0,0.0,5.0,139.0,144.0,5.0,140.66666666666666,2.222222222222219,139.0,1.69,2.66,0.9700000000000002,2.3366666666666664,0.4311111111111113,2.66,2.0,2.0,0.0,2.0,0.0,2.0,0.0,5.0,5.0,3.3333333333333335,2.222222222222222,5.0,10.0,10.0,0.0,10.0,0.0,10.0,0.0,0.0,0.0,0.0,0.0,0.0,12.0,17.0,5.0,15.333333333333334,2.222222222222222,17.0,0.0,0.0,0.0,0.0,0.0,0.0,0.0,1.0,1.0,0.6666666666666666,0.4444444444444445,1.0,0.0,0.0,0.0,0.0,0.0,0.0,0.0,0.0,0.0,0.0,0.0,0.0,0.0,1.0,1.0,0.6666666666666666,0.4444444444444445,1.0,19.495,43.015,23.52,35.175000000000004,10.453333333333331,43.015,0.0,1.062,1.062,0.7080000000000001,0.472,1.062,0.0,0.0,0.0,0.0,0.0,0.0,64.0,194.0,130.0,107.33333333333333,57.77777777777777,64.0
mp-571646,CdI2,Cd,Trigonal,P3m1,0.0017211,4.780833333333333e-05,36,False,48.0,53.0,5.0,51.333333333333336,2.2222222222222214,53.0,70.0,96.0,26.0,87.33333333333333,11.555555555555557,96.0,112.411,126.90447,14.493470000000002,122.07331333333333,6.441542222222225,126.90447,386.85,594.22,207.37,455.97333333333336,92.16444444444444,386.85,12.0,17.0,5.0,15.333333333333334,2.222222222222222,17.0,5.0,5.0,0.0,5.0,0.0,5.0,139.0,144.0,5.0,140.66666666666666,2.222222222222219,139.0,1.69,2.66,0.9700000000000002,2.3366666666666664,0.4311111111111113,2.66,2.0,2.0,0.0,2.0,0.0,2.0,0.0,5.0,5.0,3.3333333333333335,2.222222222222222,5.0,10.0,10.0,0.0,10.0,0.0,10.0,0.0,0.0,0.0,0.0,0.0,0.0,12.0,17.0,5.0,15.333333333333334,2.222222222222222,17.0,0.0,0.0,0.0,0.0,0.0,0.0,0.0,1.0,1.0,0.6666666666666666,0.4444444444444445,1.0,0.0,0.0,0.0,0.0,0.0,0.0,0.0,0.0,0.0,0.0,0.0,0.0,0.0,1.0,1.0,0.6666666666666666,0.4444444444444445,1.0,19.495,43.015,23.52,35.175000000000004,10.453333333333331,43.015,0.0,1.062,1.062,0.7080000000000001,0.472,1.062,0.0,0.0,0.0,0.0,0.0,0.0,64.0,194.0,130.0,107.33333333333333,57.77777777777777,64.0
mp-571654,CdI2,Cd,Trigonal,P3m1,0.0,0.0,36,False,48.0,53.0,5.0,51.333333333333336,2.2222222222222214,53.0,70.0,96.0,26.0,87.33333333333333,11.555555555555557,96.0,112.411,126.90447,14.493470000000002,122.07331333333333,6.441542222222225,126.90447,386.85,594.22,207.37,455.97333333333336,92.16444444444444,386.85,12.0,17.0,5.0,15.333333333333334,2.222222222222222,17.0,5.0,5.0,0.0,5.0,0.0,5.0,139.0,144.0,5.0,140.66666666666666,2.222222222222219,139.0,1.69,2.66,0.9700000000000002,2.3366666666666664,0.4311111111111113,2.66,2.0,2.0,0.0,2.0,0.0,2.0,0.0,5.0,5.0,3.3333333333333335,2.222222222222222,5.0,10.0,10.0,0.0,10.0,0.0,10.0,0.0,0.0,0.0,0.0,0.0,0.0,12.0,17.0,5.0,15.333333333333334,2.222222222222222,17.0,0.0,0.0,0.0,0.0,0.0,0.0,0.0,1.0,1.0,0.6666666666666666,0.4444444444444445,1.0,0.0,0.0,0.0,0.0,0.0,0.0,0.0,0.0,0.0,0.0,0.0,0.0,0.0,1.0,1.0,0.6666666666666666,0.4444444444444445,1.0,19.495,43.015,23.52,35.175000000000004,10.453333333333331,43.015,0.0,1.062,1.062,0.7080000000000001,0.472,1.062,0.0,0.0,0.0,0.0,0.0,0.0,64.0,194.0,130.0,107.33333333333333,57.77777777777777,64.0
mp-571660,CdI2,Cd,Trigonal,P3m1,0.0020131,5.591944444444444e-05,36,False,48.0,53.0,5.0,51.333333333333336,2.2222222222222214,53.0,70.0,96.0,26.0,87.33333333333333,11.555555555555557,96.0,112.411,126.90447,14.493470000000002,122.07331333333333,6.441542222222225,126.90447,386.85,594.22,207.37,455.97333333333336,92.16444444444444,386.85,12.0,17.0,5.0,15.333333333333334,2.222222222222222,17.0,5.0,5.0,0.0,5.0,0.0,5.0,139.0,144.0,5.0,140.66666666666666,2.222222222222219,139.0,1.69,2.66,0.9700000000000002,2.3366666666666664,0.4311111111111113,2.66,2.0,2.0,0.0,2.0,0.0,2.0,0.0,5.0,5.0,3.3333333333333335,2.222222222222222,5.0,10.0,10.0,0.0,10.0,0.0,10.0,0.0,0.0,0.0,0.0,0.0,0.0,12.0,17.0,5.0,15.333333333333334,2.222222222222222,17.0,0.0,0.0,0.0,0.0,0.0,0.0,0.0,1.0,1.0,0.6666666666666666,0.4444444444444445,1.0,0.0,0.0,0.0,0.0,0.0,0.0,0.0,0.0,0.0,0.0,0.0,0.0,0.0,1.0,1.0,0.6666666666666666,0.4444444444444445,1.0,19.495,43.015,23.52,35.175000000000004,10.453333333333331,43.015,0.0,1.062,1.062,0.7080000000000001,0.472,1.062,0.0,0.0,0.0,0.0,0.0,0.0,64.0,194.0,130.0,107.33333333333333,57.77777777777777,64.0
mp-571667,CdI2,Cd,Trigonal,P3m1,0.003303,8.469230769230769e-05,39,False,48.0,53.0,5.0,51.333333333333336,2.2222222222222214,53.0,70.0,96.0,26.0,87.33333333333333,11.555555555555557,96.0,112.411,126.90447,14.493470000000002,122.07331333333333,6.441542222222225,126.90447,386.85,594.22,207.37,455.97333333333336,92.16444444444444,386.85,12.0,17.0,5.0,15.333333333333334,2.222222222222222,17.0,5.0,5.0,0.0,5.0,0.0,5.0,139.0,144.0,5.0,140.66666666666666,2.222222222222219,139.0,1.69,2.66,0.9700000000000002,2.3366666666666664,0.4311111111111113,2.66,2.0,2.0,0.0,2.0,0.0,2.0,0.0,5.0,5.0,3.3333333333333335,2.222222222222222,5.0,10.0,10.0,0.0,10.0,0.0,10.0,0.0,0.0,0.0,0.0,0.0,0.0,12.0,17.0,5.0,15.333333333333334,2.222222222222222,17.0,0.0,0.0,0.0,0.0,0.0,0.0,0.0,1.0,1.0,0.6666666666666666,0.4444444444444445,1.0,0.0,0.0,0.0,0.0,0.0,0.0,0.0,0.0,0.0,0.0,0.0,0.0,0.0,1.0,1.0,0.6666666666666666,0.4444444444444445,1.0,19.495,43.015,23.52,35.175000000000004,10.453333333333331,43.015,0.0,1.062,1.062,0.7080000000000001,0.472,1.062,0.0,0.0,0.0,0.0,0.0,0.0,64.0,194.0,130.0,107.33333333333333,57.77777777777777,64.0
mp-571668,CdI2,Cd,Trigonal,P3m1,0.0016907,4.696388888888889e-05,36,False,48.0,53.0,5.0,51.333333333333336,2.2222222222222214,53.0,70.0,96.0,26.0,87.33333333333333,11.555555555555557,96.0,112.411,126.90447,14.493470000000002,122.07331333333333,6.441542222222225,126.90447,386.85,594.22,207.37,455.97333333333336,92.16444444444444,386.85,12.0,17.0,5.0,15.333333333333334,2.222222222222222,17.0,5.0,5.0,0.0,5.0,0.0,5.0,139.0,144.0,5.0,140.66666666666666,2.222222222222219,139.0,1.69,2.66,0.9700000000000002,2.3366666666666664,0.4311111111111113,2.66,2.0,2.0,0.0,2.0,0.0,2.0,0.0,5.0,5.0,3.3333333333333335,2.222222222222222,5.0,10.0,10.0,0.0,10.0,0.0,10.0,0.0,0.0,0.0,0.0,0.0,0.0,12.0,17.0,5.0,15.333333333333334,2.222222222222222,17.0,0.0,0.0,0.0,0.0,0.0,0.0,0.0,1.0,1.0,0.6666666666666666,0.4444444444444445,1.0,0.0,0.0,0.0,0.0,0.0,0.0,0.0,0.0,0.0,0.0,0.0,0.0,0.0,1.0,1.0,0.6666666666666666,0.4444444444444445,1.0,19.495,43.015,23.52,35.175000000000004,10.453333333333331,43.015,0.0,1.062,1.062,0.7080000000000001,0.472,1.062,0.0,0.0,0.0,0.0,0.0,0.0,64.0,194.0,130.0,107.33333333333333,57.77777777777777,64.0
mp-573588,CdI2,Cd,Trigonal,R-3m,9.21e-05,7.675e-06,12,False,48.0,53.0,5.0,51.333333333333336,2.2222222222222214,53.0,70.0,96.0,26.0,87.33333333333333,11.555555555555557,96.0,112.411,126.90447,14.493470000000002,122.07331333333333,6.441542222222225,126.90447,386.85,594.22,207.37,455.97333333333336,92.16444444444444,386.85,12.0,17.0,5.0,15.333333333333334,2.222222222222222,17.0,5.0,5.0,0.0,5.0,0.0,5.0,139.0,144.0,5.0,140.66666666666666,2.222222222222219,139.0,1.69,2.66,0.9700000000000002,2.3366666666666664,0.4311111111111113,2.66,2.0,2.0,0.0,2.0,0.0,2.0,0.0,5.0,5.0,3.3333333333333335,2.222222222222222,5.0,10.0,10.0,0.0,10.0,0.0,10.0,0.0,0.0,0.0,0.0,0.0,0.0,12.0,17.0,5.0,15.333333333333334,2.222222222222222,17.0,0.0,0.0,0.0,0.0,0.0,0.0,0.0,1.0,1.0,0.6666666666666666,0.4444444444444445,1.0,0.0,0.0,0.0,0.0,0.0,0.0,0.0,0.0,0.0,0.0,0.0,0.0,0.0,1.0,1.0,0.6666666666666666,0.4444444444444445,1.0,19.495,43.015,23.52,35.175000000000004,10.453333333333331,43.015,0.0,1.062,1.062,0.7080000000000001,0.472,1.062,0.0,0.0,0.0,0.0,0.0,0.0,64.0,194.0,130.0,107.33333333333333,57.77777777777777,64.0
mp-573608,CdI2,Cd,Trigonal,R-3m,0.0001216,1.0133333333333332e-05,12,False,48.0,53.0,5.0,51.333333333333336,2.2222222222222214,53.0,70.0,96.0,26.0,87.33333333333333,11.555555555555557,96.0,112.411,126.90447,14.493470000000002,122.07331333333333,6.441542222222225,126.90447,386.85,594.22,207.37,455.97333333333336,92.16444444444444,386.85,12.0,17.0,5.0,15.333333333333334,2.222222222222222,17.0,5.0,5.0,0.0,5.0,0.0,5.0,139.0,144.0,5.0,140.66666666666666,2.222222222222219,139.0,1.69,2.66,0.9700000000000002,2.3366666666666664,0.4311111111111113,2.66,2.0,2.0,0.0,2.0,0.0,2.0,0.0,5.0,5.0,3.3333333333333335,2.222222222222222,5.0,10.0,10.0,0.0,10.0,0.0,10.0,0.0,0.0,0.0,0.0,0.0,0.0,12.0,17.0,5.0,15.333333333333334,2.222222222222222,17.0,0.0,0.0,0.0,0.0,0.0,0.0,0.0,1.0,1.0,0.6666666666666666,0.4444444444444445,1.0,0.0,0.0,0.0,0.0,0.0,0.0,0.0,0.0,0.0,0.0,0.0,0.0,0.0,1.0,1.0,0.6666666666666666,0.4444444444444445,1.0,19.495,43.015,23.52,35.175000000000004,10.453333333333331,43.015,0.0,1.062,1.062,0.7080000000000001,0.472,1.062,0.0,0.0,0.0,0.0,0.0,0.0,64.0,194.0,130.0,107.33333333333333,57.77777777777777,64.0
mp-573815,ReI3,Re,Monoclinic,P2_1/m,0.0,0.0,24,True,53.0,75.0,22.0,58.5,8.25,53.0,54.0,96.0,42.0,85.5,15.75,96.0,126.90447,186.207,59.30252999999999,141.7301025,22.23844874999999,126.90447,386.85,3459.0,3072.15,1154.8875,1152.05625,386.85,7.0,17.0,10.0,14.5,3.75,17.0,5.0,6.0,1.0,5.25,0.375,5.0,139.0,151.0,12.0,142.0,4.5,139.0,1.9,2.66,0.7600000000000002,2.47,0.28500000000000003,2.66,2.0,2.0,0.0,2.0,0.0,2.0,0.0,5.0,5.0,3.75,1.875,5.0,5.0,10.0,5.0,8.75,1.875,10.0,0.0,14.0,14.0,3.5,5.25,0.0,17.0,21.0,4.0,18.0,1.5,17.0,0.0,0.0,0.0,0.0,0.0,0.0,0.0,1.0,1.0,0.75,0.375,1.0,0.0,5.0,5.0,1.25,1.875,0.0,0.0,0.0,0.0,0.0,0.0,0.0,1.0,5.0,4.0,2.0,1.5,1.0,14.655,43.015,28.36,35.925000000000004,10.634999999999998,43.015,0.0,1.062,1.062,0.7965,0.39825000000000005,1.062,0.0,0.0,0.0,0.0,0.0,0.0,64.0,194.0,130.0,96.5,48.75,64.0
mp-574663,CdI2,Cd,Trigonal,R3m,5.81e-05,4.841666666666667e-06,12,False,48.0,53.0,5.0,51.333333333333336,2.2222222222222214,53.0,70.0,96.0,26.0,87.33333333333333,11.555555555555557,96.0,112.411,126.90447,14.493470000000002,122.07331333333333,6.441542222222225,126.90447,386.85,594.22,207.37,455.97333333333336,92.16444444444444,386.85,12.0,17.0,5.0,15.333333333333334,2.222222222222222,17.0,5.0,5.0,0.0,5.0,0.0,5.0,139.0,144.0,5.0,140.66666666666666,2.222222222222219,139.0,1.69,2.66,0.9700000000000002,2.3366666666666664,0.4311111111111113,2.66,2.0,2.0,0.0,2.0,0.0,2.0,0.0,5.0,5.0,3.3333333333333335,2.222222222222222,5.0,10.0,10.0,0.0,10.0,0.0,10.0,0.0,0.0,0.0,0.0,0.0,0.0,12.0,17.0,5.0,15.333333333333334,2.222222222222222,17.0,0.0,0.0,0.0,0.0,0.0,0.0,0.0,1.0,1.0,0.6666666666666666,0.4444444444444445,1.0,0.0,0.0,0.0,0.0,0.0,0.0,0.0,0.0,0.0,0.0,0.0,0.0,0.0,1.0,1.0,0.6666666666666666,0.4444444444444445,1.0,19.495,43.015,23.52,35.175000000000004,10.453333333333331,43.015,0.0,1.062,1.062,0.7080000000000001,0.472,1.062,0.0,0.0,0.0,0.0,0.0,0.0,64.0,194.0,130.0,107.33333333333333,57.77777777777777,64.0
mp-580941,AgI,Ag,Hexagonal,P6_3mc,0.0,0.0,8,True,47.0,53.0,6.0,50.0,3.0,47.0,65.0,96.0,31.0,80.5,15.5,65.0,107.8682,126.90447,19.036270000000002,117.386335,9.518135000000001,107.8682,386.85,1234.93,848.08,810.8900000000001,424.04,386.85,11.0,17.0,6.0,14.0,3.0,11.0,5.0,5.0,0.0,5.0,0.0,5.0,139.0,145.0,6.0,142.0,3.0,139.0,1.93,2.66,0.7300000000000002,2.295,0.3650000000000001,1.93,1.0,2.0,1.0,1.5,0.5,1.0,0.0,5.0,5.0,2.5,2.5,0.0,10.0,10.0,0.0,10.0,0.0,10.0,0.0,0.0,0.0,0.0,0.0,0.0,11.0,17.0,6.0,14.0,3.0,11.0,0.0,1.0,1.0,0.5,0.5,0.0,0.0,1.0,1.0,0.5,0.5,0.0,0.0,0.0,0.0,0.0,0.0,0.0,0.0,0.0,0.0,0.0,0.0,0.0,1.0,1.0,0.0,1.0,0.0,1.0,16.33,43.015,26.685000000000002,29.6725,13.342500000000001,16.33,0.0,1.062,1.062,0.531,0.531,0.0,0.0,0.0,0.0,0.0,0.0,0.0,64.0,225.0,161.0,144.5,80.5,64.0
mp-582042,CdI2,Cd,Trigonal,P3m1,0.0096572,0.0002146044444444,45,False,48.0,53.0,5.0,51.333333333333336,2.2222222222222214,53.0,70.0,96.0,26.0,87.33333333333333,11.555555555555557,96.0,112.411,126.90447,14.493470000000002,122.07331333333333,6.441542222222225,126.90447,386.85,594.22,207.37,455.97333333333336,92.16444444444444,386.85,12.0,17.0,5.0,15.333333333333334,2.222222222222222,17.0,5.0,5.0,0.0,5.0,0.0,5.0,139.0,144.0,5.0,140.66666666666666,2.222222222222219,139.0,1.69,2.66,0.9700000000000002,2.3366666666666664,0.4311111111111113,2.66,2.0,2.0,0.0,2.0,0.0,2.0,0.0,5.0,5.0,3.3333333333333335,2.222222222222222,5.0,10.0,10.0,0.0,10.0,0.0,10.0,0.0,0.0,0.0,0.0,0.0,0.0,12.0,17.0,5.0,15.333333333333334,2.222222222222222,17.0,0.0,0.0,0.0,0.0,0.0,0.0,0.0,1.0,1.0,0.6666666666666666,0.4444444444444445,1.0,0.0,0.0,0.0,0.0,0.0,0.0,0.0,0.0,0.0,0.0,0.0,0.0,0.0,1.0,1.0,0.6666666666666666,0.4444444444444445,1.0,19.495,43.015,23.52,35.175000000000004,10.453333333333331,43.015,0.0,1.062,1.062,0.7080000000000001,0.472,1.062,0.0,0.0,0.0,0.0,0.0,0.0,64.0,194.0,130.0,107.33333333333333,57.77777777777777,64.0
mp-582084,CdI2,Cd,Trigonal,P3m1,0.0205009,0.0003796462962962,54,False,48.0,53.0,5.0,51.333333333333336,2.2222222222222214,53.0,70.0,96.0,26.0,87.33333333333333,11.555555555555557,96.0,112.411,126.90447,14.493470000000002,122.07331333333333,6.441542222222225,126.90447,386.85,594.22,207.37,455.97333333333336,92.16444444444444,386.85,12.0,17.0,5.0,15.333333333333334,2.222222222222222,17.0,5.0,5.0,0.0,5.0,0.0,5.0,139.0,144.0,5.0,140.66666666666666,2.222222222222219,139.0,1.69,2.66,0.9700000000000002,2.3366666666666664,0.4311111111111113,2.66,2.0,2.0,0.0,2.0,0.0,2.0,0.0,5.0,5.0,3.3333333333333335,2.222222222222222,5.0,10.0,10.0,0.0,10.0,0.0,10.0,0.0,0.0,0.0,0.0,0.0,0.0,12.0,17.0,5.0,15.333333333333334,2.222222222222222,17.0,0.0,0.0,0.0,0.0,0.0,0.0,0.0,1.0,1.0,0.6666666666666666,0.4444444444444445,1.0,0.0,0.0,0.0,0.0,0.0,0.0,0.0,0.0,0.0,0.0,0.0,0.0,0.0,1.0,1.0,0.6666666666666666,0.4444444444444445,1.0,19.495,43.015,23.52,35.175000000000004,10.453333333333331,43.015,0.0,1.062,1.062,0.7080000000000001,0.472,1.062,0.0,0.0,0.0,0.0,0.0,0.0,64.0,194.0,130.0,107.33333333333333,57.77777777777777,64.0
mp-582619,CdI2,Cd,Trigonal,P3m1,0.5711973,0.0317331833333333,18,False,48.0,53.0,5.0,51.333333333333336,2.2222222222222214,53.0,70.0,96.0,26.0,87.33333333333333,11.555555555555557,96.0,112.411,126.90447,14.493470000000002,122.07331333333333,6.441542222222225,126.90447,386.85,594.22,207.37,455.97333333333336,92.16444444444444,386.85,12.0,17.0,5.0,15.333333333333334,2.222222222222222,17.0,5.0,5.0,0.0,5.0,0.0,5.0,139.0,144.0,5.0,140.66666666666666,2.222222222222219,139.0,1.69,2.66,0.9700000000000002,2.3366666666666664,0.4311111111111113,2.66,2.0,2.0,0.0,2.0,0.0,2.0,0.0,5.0,5.0,3.3333333333333335,2.222222222222222,5.0,10.0,10.0,0.0,10.0,0.0,10.0,0.0,0.0,0.0,0.0,0.0,0.0,12.0,17.0,5.0,15.333333333333334,2.222222222222222,17.0,0.0,0.0,0.0,0.0,0.0,0.0,0.0,1.0,1.0,0.6666666666666666,0.4444444444444445,1.0,0.0,0.0,0.0,0.0,0.0,0.0,0.0,0.0,0.0,0.0,0.0,0.0,0.0,1.0,1.0,0.6666666666666666,0.4444444444444445,1.0,19.495,43.015,23.52,35.175000000000004,10.453333333333331,43.015,0.0,1.062,1.062,0.7080000000000001,0.472,1.062,0.0,0.0,0.0,0.0,0.0,0.0,64.0,194.0,130.0,107.33333333333333,57.77777777777777,64.0
mp-583213,HgI2,Hg,Tetragonal,I4_1/acd,0.0,0.0,48,False,53.0,80.0,27.0,62.0,12.0,53.0,71.0,96.0,25.0,87.66666666666667,11.111111111111109,96.0,126.90447,200.59,73.68553,151.46631333333335,32.74912444444445,126.90447,234.32,386.85,152.53000000000003,336.00666666666666,67.79111111111114,386.85,12.0,17.0,5.0,15.333333333333334,2.222222222222222,17.0,5.0,6.0,1.0,5.333333333333333,0.44444444444444436,5.0,132.0,139.0,7.0,136.66666666666666,3.1111111111111143,139.0,2.0,2.66,0.6600000000000001,2.44,0.29333333333333345,2.66,2.0,2.0,0.0,2.0,0.0,2.0,0.0,5.0,5.0,3.3333333333333335,2.222222222222222,5.0,10.0,10.0,0.0,10.0,0.0,10.0,0.0,14.0,14.0,4.666666666666667,6.222222222222221,0.0,17.0,26.0,9.0,20.0,4.0,17.0,0.0,0.0,0.0,0.0,0.0,0.0,0.0,1.0,1.0,0.6666666666666666,0.4444444444444445,1.0,0.0,0.0,0.0,0.0,0.0,0.0,0.0,0.0,0.0,0.0,0.0,0.0,0.0,1.0,1.0,0.6666666666666666,0.4444444444444445,1.0,25.2375862069,43.015,17.7774137931,37.0891954023,7.901072796933334,43.015,0.0,1.062,1.062,0.7080000000000001,0.472,1.062,0.0,0.0,0.0,0.0,0.0,0.0,64.0,166.0,102.0,98.0,45.333333333333336,64.0
mp-583463,FeCl3,Fe,Trigonal,P312,30.0000009,1.2500000375,24,False,17.0,26.0,9.0,19.25,3.375,17.0,55.0,94.0,39.0,84.25,14.625,94.0,35.453,55.845,20.391999999999996,40.551,7.6469999999999985,35.453,171.6,1811.0,1639.4,581.45,614.7750000000001,171.6,8.0,17.0,9.0,14.75,3.375,17.0,3.0,4.0,1.0,3.25,0.375,3.0,102.0,132.0,30.0,109.5,11.25,102.0,1.83,3.16,1.33,2.8275,0.49875,3.16,2.0,2.0,0.0,2.0,0.0,2.0,0.0,5.0,5.0,3.75,1.875,5.0,0.0,6.0,6.0,1.5,2.25,0.0,0.0,0.0,0.0,0.0,0.0,0.0,7.0,8.0,1.0,7.25,0.375,7.0,0.0,0.0,0.0,0.0,0.0,0.0,0.0,1.0,1.0,0.75,0.375,1.0,0.0,4.0,4.0,1.0,1.5,0.0,0.0,0.0,0.0,0.0,0.0,0.0,1.0,4.0,3.0,1.75,1.125,1.0,10.73,24.4975,13.767499999999998,21.055625,5.162812499999999,24.4975,0.0,2.493,2.493,1.8697499999999998,0.934875,2.493,0.0,2.1106628,2.1106628,0.5276657,0.79149855,0.0,64.0,229.0,165.0,105.25,61.875,64.0
mp-614777,NiF3,Ni,Trigonal,R-3,1.9999998,0.249999975,8,True,9.0,28.0,19.0,13.75,7.125,9.0,61.0,93.0,32.0,85.0,12.0,93.0,18.9984032,58.6934,39.6949968,28.922152399999998,14.8856238,18.9984032,53.5,1728.0,1674.5,472.125,627.9375,53.5,10.0,17.0,7.0,15.25,2.625,17.0,2.0,4.0,2.0,2.5,0.75,2.0,57.0,124.0,67.0,73.75,25.125,57.0,1.91,3.98,2.0700000000000003,3.4625,0.7762500000000001,3.98,2.0,2.0,0.0,2.0,0.0,2.0,0.0,5.0,5.0,3.75,1.875,5.0,0.0,8.0,8.0,2.0,3.0,0.0,0.0,0.0,0.0,0.0,0.0,0.0,7.0,10.0,3.0,7.75,1.125,7.0,0.0,0.0,0.0,0.0,0.0,0.0,0.0,1.0,1.0,0.75,0.375,1.0,0.0,2.0,2.0,0.5,0.75,0.0,0.0,0.0,0.0,0.0,0.0,0.0,1.0,2.0,1.0,1.25,0.375,1.0,9.7075,10.32,0.6125000000000007,9.860624999999999,0.22968749999999982,9.7075,0.0,1.97,1.97,1.4775,0.73875,1.97,0.0,0.5953947,0.5953947,0.148848675,0.22327301250000003,0.0,15.0,225.0,210.0,67.5,78.75,15.0
mp-615138,MnF2,Mn,Tetragonal,P-42m,20.0009302,1.6667441833333332,12,False,9.0,25.0,16.0,14.333333333333334,7.111111111111112,9.0,52.0,93.0,41.0,79.33333333333333,18.222222222222225,93.0,18.9984032,54.938045,35.939641800000004,30.9782838,15.973174133333336,18.9984032,53.5,1519.0,1465.5,542.0,651.3333333333334,53.5,7.0,17.0,10.0,13.666666666666666,4.444444444444445,17.0,2.0,4.0,2.0,2.6666666666666665,0.8888888888888888,2.0,57.0,139.0,82.0,84.33333333333333,36.44444444444444,57.0,1.55,3.98,2.4299999999999997,3.17,1.08,3.98,2.0,2.0,0.0,2.0,0.0,2.0,0.0,5.0,5.0,3.3333333333333335,2.222222222222222,5.0,0.0,5.0,5.0,1.6666666666666667,2.222222222222222,0.0,0.0,0.0,0.0,0.0,0.0,0.0,7.0,7.0,0.0,7.0,0.0,7.0,0.0,0.0,0.0,0.0,0.0,0.0,0.0,1.0,1.0,0.6666666666666666,0.4444444444444445,1.0,0.0,5.0,5.0,1.6666666666666667,2.222222222222222,0.0,0.0,0.0,0.0,0.0,0.0,0.0,1.0,5.0,4.0,2.3333333333333335,1.777777777777778,1.0,9.7075,10.4875862069,0.7800862069000001,9.967528735633332,0.34670498084444407,9.7075,0.0,1.97,1.97,1.3133333333333332,0.8755555555555556,1.97,0.0,0.000310120689655,0.000310120689655,0.00010337356321833333,0.00013783141762444443,0.0,15.0,217.0,202.0,82.33333333333333,89.77777777777779,15.0
mp-620029,MoCl2,Mo,Orthorhombic,Cmce,0.0,0.0,36,True,17.0,42.0,25.0,25.333333333333332,11.111111111111109,17.0,50.0,94.0,44.0,79.33333333333333,19.555555555555557,94.0,35.453,95.96,60.50699999999999,55.62199999999999,26.891999999999996,35.453,171.6,2896.0,2724.4,1079.7333333333333,1210.8444444444444,171.6,6.0,17.0,11.0,13.333333333333334,4.888888888888888,17.0,3.0,5.0,2.0,3.6666666666666665,0.8888888888888888,3.0,102.0,154.0,52.0,119.33333333333333,23.11111111111111,102.0,2.16,3.16,1.0,2.8266666666666667,0.4444444444444445,3.16,1.0,2.0,1.0,1.6666666666666667,0.4444444444444444,2.0,0.0,5.0,5.0,3.3333333333333335,2.222222222222222,5.0,0.0,5.0,5.0,1.6666666666666667,2.222222222222222,0.0,0.0,0.0,0.0,0.0,0.0,0.0,6.0,7.0,1.0,6.666666666666667,0.44444444444444436,7.0,0.0,1.0,1.0,0.3333333333333333,0.4444444444444445,0.0,0.0,1.0,1.0,0.6666666666666666,0.4444444444444445,1.0,0.0,5.0,5.0,1.6666666666666667,2.222222222222222,0.0,0.0,0.0,0.0,0.0,0.0,0.0,1.0,6.0,5.0,2.6666666666666665,2.222222222222222,1.0,15.69,24.4975,8.8075,21.561666666666667,3.9144444444444435,24.4975,0.0,2.493,2.493,1.662,1.1079999999999999,2.493,0.0,0.0,0.0,0.0,0.0,0.0,64.0,229.0,165.0,119.0,73.33333333333333,64.0
mp-624399,CdI2,Cd,Trigonal,P3m1,0.0,0.0,27,False,48.0,53.0,5.0,51.333333333333336,2.2222222222222214,53.0,70.0,96.0,26.0,87.33333333333333,11.555555555555557,96.0,112.411,126.90447,14.493470000000002,122.07331333333333,6.441542222222225,126.90447,386.85,594.22,207.37,455.97333333333336,92.16444444444444,386.85,12.0,17.0,5.0,15.333333333333334,2.222222222222222,17.0,5.0,5.0,0.0,5.0,0.0,5.0,139.0,144.0,5.0,140.66666666666666,2.222222222222219,139.0,1.69,2.66,0.9700000000000002,2.3366666666666664,0.4311111111111113,2.66,2.0,2.0,0.0,2.0,0.0,2.0,0.0,5.0,5.0,3.3333333333333335,2.222222222222222,5.0,10.0,10.0,0.0,10.0,0.0,10.0,0.0,0.0,0.0,0.0,0.0,0.0,12.0,17.0,5.0,15.333333333333334,2.222222222222222,17.0,0.0,0.0,0.0,0.0,0.0,0.0,0.0,1.0,1.0,0.6666666666666666,0.4444444444444445,1.0,0.0,0.0,0.0,0.0,0.0,0.0,0.0,0.0,0.0,0.0,0.0,0.0,0.0,1.0,1.0,0.6666666666666666,0.4444444444444445,1.0,19.495,43.015,23.52,35.175000000000004,10.453333333333331,43.015,0.0,1.062,1.062,0.7080000000000001,0.472,1.062,0.0,0.0,0.0,0.0,0.0,0.0,64.0,194.0,130.0,107.33333333333333,57.77777777777777,64.0
mp-624400,CdI2,Cd,Trigonal,P3m1,0.0,0.0,30,False,48.0,53.0,5.0,51.333333333333336,2.2222222222222214,53.0,70.0,96.0,26.0,87.33333333333333,11.555555555555557,96.0,112.411,126.90447,14.493470000000002,122.07331333333333,6.441542222222225,126.90447,386.85,594.22,207.37,455.97333333333336,92.16444444444444,386.85,12.0,17.0,5.0,15.333333333333334,2.222222222222222,17.0,5.0,5.0,0.0,5.0,0.0,5.0,139.0,144.0,5.0,140.66666666666666,2.222222222222219,139.0,1.69,2.66,0.9700000000000002,2.3366666666666664,0.4311111111111113,2.66,2.0,2.0,0.0,2.0,0.0,2.0,0.0,5.0,5.0,3.3333333333333335,2.222222222222222,5.0,10.0,10.0,0.0,10.0,0.0,10.0,0.0,0.0,0.0,0.0,0.0,0.0,12.0,17.0,5.0,15.333333333333334,2.222222222222222,17.0,0.0,0.0,0.0,0.0,0.0,0.0,0.0,1.0,1.0,0.6666666666666666,0.4444444444444445,1.0,0.0,0.0,0.0,0.0,0.0,0.0,0.0,0.0,0.0,0.0,0.0,0.0,0.0,1.0,1.0,0.6666666666666666,0.4444444444444445,1.0,19.495,43.015,23.52,35.175000000000004,10.453333333333331,43.015,0.0,1.062,1.062,0.7080000000000001,0.472,1.062,0.0,0.0,0.0,0.0,0.0,0.0,64.0,194.0,130.0,107.33333333333333,57.77777777777777,64.0
mp-624406,CdI2,Cd,Trigonal,P3m1,0.0,0.0,30,False,48.0,53.0,5.0,51.333333333333336,2.2222222222222214,53.0,70.0,96.0,26.0,87.33333333333333,11.555555555555557,96.0,112.411,126.90447,14.493470000000002,122.07331333333333,6.441542222222225,126.90447,386.85,594.22,207.37,455.97333333333336,92.16444444444444,386.85,12.0,17.0,5.0,15.333333333333334,2.222222222222222,17.0,5.0,5.0,0.0,5.0,0.0,5.0,139.0,144.0,5.0,140.66666666666666,2.222222222222219,139.0,1.69,2.66,0.9700000000000002,2.3366666666666664,0.4311111111111113,2.66,2.0,2.0,0.0,2.0,0.0,2.0,0.0,5.0,5.0,3.3333333333333335,2.222222222222222,5.0,10.0,10.0,0.0,10.0,0.0,10.0,0.0,0.0,0.0,0.0,0.0,0.0,12.0,17.0,5.0,15.333333333333334,2.222222222222222,17.0,0.0,0.0,0.0,0.0,0.0,0.0,0.0,1.0,1.0,0.6666666666666666,0.4444444444444445,1.0,0.0,0.0,0.0,0.0,0.0,0.0,0.0,0.0,0.0,0.0,0.0,0.0,0.0,1.0,1.0,0.6666666666666666,0.4444444444444445,1.0,19.495,43.015,23.52,35.175000000000004,10.453333333333331,43.015,0.0,1.062,1.062,0.7080000000000001,0.472,1.062,0.0,0.0,0.0,0.0,0.0,0.0,64.0,194.0,130.0,107.33333333333333,57.77777777777777,64.0
mp-624417,CdI2,Cd,Trigonal,P3m1,0.0012022,3.643030303030304e-05,33,False,48.0,53.0,5.0,51.333333333333336,2.2222222222222214,53.0,70.0,96.0,26.0,87.33333333333333,11.555555555555557,96.0,112.411,126.90447,14.493470000000002,122.07331333333333,6.441542222222225,126.90447,386.85,594.22,207.37,455.97333333333336,92.16444444444444,386.85,12.0,17.0,5.0,15.333333333333334,2.222222222222222,17.0,5.0,5.0,0.0,5.0,0.0,5.0,139.0,144.0,5.0,140.66666666666666,2.222222222222219,139.0,1.69,2.66,0.9700000000000002,2.3366666666666664,0.4311111111111113,2.66,2.0,2.0,0.0,2.0,0.0,2.0,0.0,5.0,5.0,3.3333333333333335,2.222222222222222,5.0,10.0,10.0,0.0,10.0,0.0,10.0,0.0,0.0,0.0,0.0,0.0,0.0,12.0,17.0,5.0,15.333333333333334,2.222222222222222,17.0,0.0,0.0,0.0,0.0,0.0,0.0,0.0,1.0,1.0,0.6666666666666666,0.4444444444444445,1.0,0.0,0.0,0.0,0.0,0.0,0.0,0.0,0.0,0.0,0.0,0.0,0.0,0.0,1.0,1.0,0.6666666666666666,0.4444444444444445,1.0,19.495,43.015,23.52,35.175000000000004,10.453333333333331,43.015,0.0,1.062,1.062,0.7080000000000001,0.472,1.062,0.0,0.0,0.0,0.0,0.0,0.0,64.0,194.0,130.0,107.33333333333333,57.77777777777777,64.0
mp-624418,CdI2,Cd,Trigonal,P3m1,0.0012135,3.677272727272727e-05,33,False,48.0,53.0,5.0,51.333333333333336,2.2222222222222214,53.0,70.0,96.0,26.0,87.33333333333333,11.555555555555557,96.0,112.411,126.90447,14.493470000000002,122.07331333333333,6.441542222222225,126.90447,386.85,594.22,207.37,455.97333333333336,92.16444444444444,386.85,12.0,17.0,5.0,15.333333333333334,2.222222222222222,17.0,5.0,5.0,0.0,5.0,0.0,5.0,139.0,144.0,5.0,140.66666666666666,2.222222222222219,139.0,1.69,2.66,0.9700000000000002,2.3366666666666664,0.4311111111111113,2.66,2.0,2.0,0.0,2.0,0.0,2.0,0.0,5.0,5.0,3.3333333333333335,2.222222222222222,5.0,10.0,10.0,0.0,10.0,0.0,10.0,0.0,0.0,0.0,0.0,0.0,0.0,12.0,17.0,5.0,15.333333333333334,2.222222222222222,17.0,0.0,0.0,0.0,0.0,0.0,0.0,0.0,1.0,1.0,0.6666666666666666,0.4444444444444445,1.0,0.0,0.0,0.0,0.0,0.0,0.0,0.0,0.0,0.0,0.0,0.0,0.0,0.0,1.0,1.0,0.6666666666666666,0.4444444444444445,1.0,19.495,43.015,23.52,35.175000000000004,10.453333333333331,43.015,0.0,1.062,1.062,0.7080000000000001,0.472,1.062,0.0,0.0,0.0,0.0,0.0,0.0,64.0,194.0,130.0,107.33333333333333,57.77777777777777,64.0
mp-627401,CdI2,Cd,Trigonal,R3m,1.35e-05,9e-07,15,False,48.0,53.0,5.0,51.333333333333336,2.2222222222222214,53.0,70.0,96.0,26.0,87.33333333333333,11.555555555555557,96.0,112.411,126.90447,14.493470000000002,122.07331333333333,6.441542222222225,126.90447,386.85,594.22,207.37,455.97333333333336,92.16444444444444,386.85,12.0,17.0,5.0,15.333333333333334,2.222222222222222,17.0,5.0,5.0,0.0,5.0,0.0,5.0,139.0,144.0,5.0,140.66666666666666,2.222222222222219,139.0,1.69,2.66,0.9700000000000002,2.3366666666666664,0.4311111111111113,2.66,2.0,2.0,0.0,2.0,0.0,2.0,0.0,5.0,5.0,3.3333333333333335,2.222222222222222,5.0,10.0,10.0,0.0,10.0,0.0,10.0,0.0,0.0,0.0,0.0,0.0,0.0,12.0,17.0,5.0,15.333333333333334,2.222222222222222,17.0,0.0,0.0,0.0,0.0,0.0,0.0,0.0,1.0,1.0,0.6666666666666666,0.4444444444444445,1.0,0.0,0.0,0.0,0.0,0.0,0.0,0.0,0.0,0.0,0.0,0.0,0.0,0.0,1.0,1.0,0.6666666666666666,0.4444444444444445,1.0,19.495,43.015,23.52,35.175000000000004,10.453333333333331,43.015,0.0,1.062,1.062,0.7080000000000001,0.472,1.062,0.0,0.0,0.0,0.0,0.0,0.0,64.0,194.0,130.0,107.33333333333333,57.77777777777777,64.0
mp-627557,CdI2,Cd,Trigonal,P3m1,0.0,0.0,27,False,48.0,53.0,5.0,51.333333333333336,2.2222222222222214,53.0,70.0,96.0,26.0,87.33333333333333,11.555555555555557,96.0,112.411,126.90447,14.493470000000002,122.07331333333333,6.441542222222225,126.90447,386.85,594.22,207.37,455.97333333333336,92.16444444444444,386.85,12.0,17.0,5.0,15.333333333333334,2.222222222222222,17.0,5.0,5.0,0.0,5.0,0.0,5.0,139.0,144.0,5.0,140.66666666666666,2.222222222222219,139.0,1.69,2.66,0.9700000000000002,2.3366666666666664,0.4311111111111113,2.66,2.0,2.0,0.0,2.0,0.0,2.0,0.0,5.0,5.0,3.3333333333333335,2.222222222222222,5.0,10.0,10.0,0.0,10.0,0.0,10.0,0.0,0.0,0.0,0.0,0.0,0.0,12.0,17.0,5.0,15.333333333333334,2.222222222222222,17.0,0.0,0.0,0.0,0.0,0.0,0.0,0.0,1.0,1.0,0.6666666666666666,0.4444444444444445,1.0,0.0,0.0,0.0,0.0,0.0,0.0,0.0,0.0,0.0,0.0,0.0,0.0,0.0,1.0,1.0,0.6666666666666666,0.4444444444444445,1.0,19.495,43.015,23.52,35.175000000000004,10.453333333333331,43.015,0.0,1.062,1.062,0.7080000000000001,0.472,1.062,0.0,0.0,0.0,0.0,0.0,0.0,64.0,194.0,130.0,107.33333333333333,57.77777777777777,64.0
mp-632403,CdCl2,Cd,Monoclinic,C2,0.0,0.0,3,False,17.0,48.0,31.0,27.333333333333332,13.777777777777777,17.0,70.0,94.0,24.0,86.0,10.666666666666666,94.0,35.453,112.411,76.958,61.10566666666667,34.20355555555556,35.453,171.6,594.22,422.62,312.47333333333336,187.8311111111111,171.6,12.0,17.0,5.0,15.333333333333334,2.222222222222222,17.0,3.0,5.0,2.0,3.6666666666666665,0.8888888888888888,3.0,102.0,144.0,42.0,116.0,18.666666666666668,102.0,1.69,3.16,1.4700000000000002,2.67,0.6533333333333334,3.16,2.0,2.0,0.0,2.0,0.0,2.0,0.0,5.0,5.0,3.3333333333333335,2.222222222222222,5.0,0.0,10.0,10.0,3.3333333333333335,4.444444444444444,0.0,0.0,0.0,0.0,0.0,0.0,0.0,7.0,12.0,5.0,8.666666666666666,2.222222222222222,7.0,0.0,0.0,0.0,0.0,0.0,0.0,0.0,1.0,1.0,0.6666666666666666,0.4444444444444445,1.0,0.0,0.0,0.0,0.0,0.0,0.0,0.0,0.0,0.0,0.0,0.0,0.0,0.0,1.0,1.0,0.6666666666666666,0.4444444444444445,1.0,19.495,24.4975,5.002499999999998,22.83,2.2233333333333327,24.4975,0.0,2.493,2.493,1.662,1.1079999999999999,2.493,0.0,0.0,0.0,0.0,0.0,0.0,64.0,194.0,130.0,107.33333333333333,57.77777777777777,64.0
mp-632413,CoCl2,Co,Monoclinic,C2/m,1.0,0.3333333333333333,3,False,17.0,27.0,10.0,20.333333333333332,4.444444444444444,17.0,58.0,94.0,36.0,82.0,16.0,94.0,35.453,58.933195,23.480194999999995,43.27973166666667,10.43564222222222,35.453,171.6,1768.0,1596.4,703.7333333333332,709.5111111111111,171.6,9.0,17.0,8.0,14.333333333333334,3.5555555555555554,17.0,3.0,4.0,1.0,3.3333333333333335,0.4444444444444445,3.0,102.0,126.0,24.0,110.0,10.666666666666666,102.0,1.88,3.16,1.2800000000000002,2.733333333333333,0.5688888888888891,3.16,2.0,2.0,0.0,2.0,0.0,2.0,0.0,5.0,5.0,3.3333333333333335,2.222222222222222,5.0,0.0,7.0,7.0,2.3333333333333335,3.1111111111111107,0.0,0.0,0.0,0.0,0.0,0.0,0.0,7.0,9.0,2.0,7.666666666666667,0.888888888888889,7.0,0.0,0.0,0.0,0.0,0.0,0.0,0.0,1.0,1.0,0.6666666666666666,0.4444444444444445,1.0,0.0,3.0,3.0,1.0,1.3333333333333333,0.0,0.0,0.0,0.0,0.0,0.0,0.0,1.0,3.0,2.0,1.6666666666666667,0.888888888888889,1.0,10.245,24.4975,14.2525,19.746666666666666,6.334444444444443,24.4975,0.0,2.493,2.493,1.662,1.1079999999999999,2.493,0.0,1.5484712,1.5484712,0.5161570666666667,0.6882094222222221,0.0,64.0,194.0,130.0,107.33333333333333,57.77777777777777,64.0
mp-634805,ScF3,Sc,Monoclinic,C2,2.6e-06,6.5e-07,4,False,9.0,21.0,12.0,12.0,4.5,9.0,11.0,93.0,82.0,72.5,30.75,93.0,18.9984032,44.955912,25.9575088,25.4877804,9.7340658,18.9984032,53.5,1814.0,1760.5,493.625,660.1875,53.5,3.0,17.0,14.0,13.5,5.25,17.0,2.0,4.0,2.0,2.5,0.75,2.0,57.0,170.0,113.0,85.25,42.375,57.0,1.36,3.98,2.62,3.3249999999999997,0.9825000000000002,3.98,2.0,2.0,0.0,2.0,0.0,2.0,0.0,5.0,5.0,3.75,1.875,5.0,0.0,1.0,1.0,0.25,0.375,0.0,0.0,0.0,0.0,0.0,0.0,0.0,3.0,7.0,4.0,6.0,1.5,7.0,0.0,0.0,0.0,0.0,0.0,0.0,0.0,1.0,1.0,0.75,0.375,1.0,0.0,9.0,9.0,2.25,3.375,0.0,0.0,0.0,0.0,0.0,0.0,0.0,1.0,9.0,8.0,3.0,3.0,1.0,9.7075,22.235,12.5275,12.839375,4.6978125,9.7075,0.0,1.97,1.97,1.4775,0.73875,1.97,0.0,6.35e-06,6.35e-06,1.5875e-06,2.3812500000000003e-06,0.0,15.0,194.0,179.0,59.75,67.125,15.0
mp-634867,TiF3,Ti,Monoclinic,C2/m,6e-07,1.5e-07,4,False,9.0,22.0,13.0,12.25,4.875,9.0,43.0,93.0,50.0,80.5,18.75,93.0,18.9984032,47.867,28.8685968,26.2155524,10.8257238,18.9984032,53.5,1941.0,1887.5,525.375,707.8125,53.5,4.0,17.0,13.0,13.75,4.875,17.0,2.0,4.0,2.0,2.5,0.75,2.0,57.0,160.0,103.0,82.75,38.625,57.0,1.54,3.98,2.44,3.37,0.9149999999999999,3.98,2.0,2.0,0.0,2.0,0.0,2.0,0.0,5.0,5.0,3.75,1.875,5.0,0.0,2.0,2.0,0.5,0.75,0.0,0.0,0.0,0.0,0.0,0.0,0.0,4.0,7.0,3.0,6.25,1.125,7.0,0.0,0.0,0.0,0.0,0.0,0.0,0.0,1.0,1.0,0.75,0.375,1.0,0.0,8.0,8.0,2.0,3.0,0.0,0.0,0.0,0.0,0.0,0.0,0.0,1.0,8.0,7.0,2.75,2.625,1.0,9.7075,16.69,6.982500000000002,11.453125,2.6184375000000006,9.7075,0.0,1.97,1.97,1.4775,0.73875,1.97,0.0,2.25333333333e-05,2.25333333333e-05,5.633333333325e-06,8.4499999999875e-06,0.0,15.0,194.0,179.0,59.75,67.125,15.0
mp-639662,CrF5,Cr,Orthorhombic,Pbcm,3.9999998,0.1666666583333333,24,True,9.0,24.0,15.0,11.5,4.166666666666667,9.0,49.0,93.0,44.0,85.66666666666667,12.22222222222222,93.0,18.9984032,51.9961,32.9976968,24.498019333333332,9.166026888888888,18.9984032,53.5,2180.0,2126.5,407.9166666666667,590.6944444444445,53.5,6.0,17.0,11.0,15.166666666666666,3.055555555555556,17.0,2.0,4.0,2.0,2.3333333333333335,0.5555555555555557,2.0,57.0,139.0,82.0,70.66666666666667,22.777777777777782,57.0,1.66,3.98,2.3200000000000003,3.5933333333333333,0.6444444444444445,3.98,1.0,2.0,1.0,1.8333333333333333,0.27777777777777785,2.0,0.0,5.0,5.0,4.166666666666667,1.3888888888888886,5.0,0.0,5.0,5.0,0.8333333333333334,1.388888888888889,0.0,0.0,0.0,0.0,0.0,0.0,0.0,6.0,7.0,1.0,6.833333333333333,0.27777777777777796,7.0,0.0,1.0,1.0,0.16666666666666666,0.27777777777777773,0.0,0.0,1.0,1.0,0.8333333333333334,0.27777777777777773,1.0,0.0,5.0,5.0,0.8333333333333334,1.388888888888889,0.0,0.0,0.0,0.0,0.0,0.0,0.0,1.0,6.0,5.0,1.8333333333333333,1.3888888888888886,1.0,9.7075,11.19,1.4825,9.954583333333332,0.4118055555555549,9.7075,0.0,1.97,1.97,1.6416666666666666,0.5472222222222222,1.97,0.0,0.0,0.0,0.0,0.0,0.0,15.0,229.0,214.0,50.666666666666664,59.444444444444436,15.0
mp-643265,ReF7,Re,Triclinic,P-1,0.0,0.0,16,True,9.0,75.0,66.0,17.25,14.4375,9.0,54.0,93.0,39.0,88.125,8.53125,93.0,18.9984032,186.207,167.2085968,39.8994778,36.57688055,18.9984032,53.5,3459.0,3405.5,479.1875,744.953125,53.5,7.0,17.0,10.0,15.75,2.1875,17.0,2.0,6.0,4.0,2.5,0.875,2.0,57.0,151.0,94.0,68.75,20.5625,57.0,1.9,3.98,2.08,3.7199999999999998,0.4550000000000002,3.98,2.0,2.0,0.0,2.0,0.0,2.0,0.0,5.0,5.0,4.375,1.09375,5.0,0.0,5.0,5.0,0.625,1.09375,0.0,0.0,14.0,14.0,1.75,3.0625,0.0,7.0,21.0,14.0,8.75,3.0625,7.0,0.0,0.0,0.0,0.0,0.0,0.0,0.0,1.0,1.0,0.875,0.21875,1.0,0.0,5.0,5.0,0.625,1.09375,0.0,0.0,0.0,0.0,0.0,0.0,0.0,1.0,5.0,4.0,1.5,0.875,1.0,9.7075,14.655,4.9475,10.3259375,1.0822656250000005,9.7075,0.0,1.97,1.97,1.72375,0.4309375000000001,1.97,0.0,0.0,0.0,0.0,0.0,0.0,15.0,194.0,179.0,37.375,39.15625,15.0
mp-645418,FeCl3,Fe,Triclinic,P1,9.2591027,1.1573878375,8,False,17.0,26.0,9.0,19.25,3.375,17.0,55.0,94.0,39.0,84.25,14.625,94.0,35.453,55.845,20.391999999999996,40.551,7.6469999999999985,35.453,171.6,1811.0,1639.4,581.45,614.7750000000001,171.6,8.0,17.0,9.0,14.75,3.375,17.0,3.0,4.0,1.0,3.25,0.375,3.0,102.0,132.0,30.0,109.5,11.25,102.0,1.83,3.16,1.33,2.8275,0.49875,3.16,2.0,2.0,0.0,2.0,0.0,2.0,0.0,5.0,5.0,3.75,1.875,5.0,0.0,6.0,6.0,1.5,2.25,0.0,0.0,0.0,0.0,0.0,0.0,0.0,7.0,8.0,1.0,7.25,0.375,7.0,0.0,0.0,0.0,0.0,0.0,0.0,0.0,1.0,1.0,0.75,0.375,1.0,0.0,4.0,4.0,1.0,1.5,0.0,0.0,0.0,0.0,0.0,0.0,0.0,1.0,4.0,3.0,1.75,1.125,1.0,10.73,24.4975,13.767499999999998,21.055625,5.162812499999999,24.4975,0.0,2.493,2.493,1.8697499999999998,0.934875,2.493,0.0,2.1106628,2.1106628,0.5276657,0.79149855,0.0,64.0,229.0,165.0,105.25,61.875,64.0
mp-647489,CdI2,Cd,Trigonal,P3m1,0.0,0.0,21,False,48.0,53.0,5.0,51.333333333333336,2.2222222222222214,53.0,70.0,96.0,26.0,87.33333333333333,11.555555555555557,96.0,112.411,126.90447,14.493470000000002,122.07331333333333,6.441542222222225,126.90447,386.85,594.22,207.37,455.97333333333336,92.16444444444444,386.85,12.0,17.0,5.0,15.333333333333334,2.222222222222222,17.0,5.0,5.0,0.0,5.0,0.0,5.0,139.0,144.0,5.0,140.66666666666666,2.222222222222219,139.0,1.69,2.66,0.9700000000000002,2.3366666666666664,0.4311111111111113,2.66,2.0,2.0,0.0,2.0,0.0,2.0,0.0,5.0,5.0,3.3333333333333335,2.222222222222222,5.0,10.0,10.0,0.0,10.0,0.0,10.0,0.0,0.0,0.0,0.0,0.0,0.0,12.0,17.0,5.0,15.333333333333334,2.222222222222222,17.0,0.0,0.0,0.0,0.0,0.0,0.0,0.0,1.0,1.0,0.6666666666666666,0.4444444444444445,1.0,0.0,0.0,0.0,0.0,0.0,0.0,0.0,0.0,0.0,0.0,0.0,0.0,0.0,1.0,1.0,0.6666666666666666,0.4444444444444445,1.0,19.495,43.015,23.52,35.175000000000004,10.453333333333331,43.015,0.0,1.062,1.062,0.7080000000000001,0.472,1.062,0.0,0.0,0.0,0.0,0.0,0.0,64.0,194.0,130.0,107.33333333333333,57.77777777777777,64.0
mp-647579,ZnBr2,Zn,Tetragonal,I4_1/acd,0.0,0.0,48,True,30.0,35.0,5.0,33.333333333333336,2.2222222222222214,35.0,69.0,95.0,26.0,86.33333333333333,11.555555555555557,95.0,65.38,79.904,14.524000000000001,75.06266666666666,6.455111111111113,79.904,265.8,692.68,426.87999999999994,408.0933333333333,189.7244444444444,265.8,12.0,17.0,5.0,15.333333333333334,2.222222222222222,17.0,4.0,4.0,0.0,4.0,0.0,4.0,120.0,122.0,2.0,120.66666666666667,0.8888888888888905,120.0,1.65,2.96,1.31,2.5233333333333334,0.5822222222222222,2.96,2.0,2.0,0.0,2.0,0.0,2.0,0.0,5.0,5.0,3.3333333333333335,2.222222222222222,5.0,10.0,10.0,0.0,10.0,0.0,10.0,0.0,0.0,0.0,0.0,0.0,0.0,12.0,17.0,5.0,15.333333333333334,2.222222222222222,17.0,0.0,0.0,0.0,0.0,0.0,0.0,0.0,1.0,1.0,0.6666666666666666,0.4444444444444445,1.0,0.0,0.0,0.0,0.0,0.0,0.0,0.0,0.0,0.0,0.0,0.0,0.0,0.0,1.0,1.0,0.6666666666666666,0.4444444444444445,1.0,13.96,29.48,15.52,24.30666666666667,6.897777777777777,29.48,0.0,1.457,1.457,0.9713333333333334,0.6475555555555556,1.457,0.0,0.0,0.0,0.0,0.0,0.0,64.0,194.0,130.0,107.33333333333333,57.77777777777777,64.0
mp-648774,Zr2Cl5,Zr,Cubic,Ia-3d,39.9862727,0.2380135279761905,168,False,17.0,40.0,23.0,23.571428571428573,9.387755102040817,17.0,44.0,94.0,50.0,79.71428571428571,20.408163265306126,94.0,35.453,91.224,55.771,51.387571428571434,22.763673469387754,35.453,171.6,2128.0,1956.4,730.5714285714286,798.5306122448981,171.6,4.0,17.0,13.0,13.285714285714286,5.3061224489795915,17.0,3.0,5.0,2.0,3.5714285714285716,0.816326530612245,3.0,102.0,175.0,73.0,122.85714285714286,29.79591836734694,102.0,1.33,3.16,1.83,2.6371428571428575,0.7469387755102039,3.16,2.0,2.0,0.0,2.0,0.0,2.0,0.0,5.0,5.0,3.5714285714285716,2.0408163265306123,5.0,0.0,2.0,2.0,0.5714285714285714,0.8163265306122448,0.0,0.0,0.0,0.0,0.0,0.0,0.0,4.0,7.0,3.0,6.142857142857143,1.2244897959183672,7.0,0.0,0.0,0.0,0.0,0.0,0.0,0.0,1.0,1.0,0.7142857142857143,0.4081632653061224,1.0,0.0,8.0,8.0,2.2857142857142856,3.265306122448979,0.0,0.0,0.0,0.0,0.0,0.0,0.0,1.0,8.0,7.0,3.0,2.857142857142857,1.0,23.195,24.4975,1.3024999999999984,24.125357142857144,0.531632653061223,24.4975,0.0,2.493,2.493,1.7807142857142857,1.0175510204081633,2.493,0.0,0.0,0.0,0.0,0.0,0.0,64.0,194.0,130.0,101.14285714285714,53.06122448979592,64.0
mp-655086,Nb2Br5,Nb,Orthorhombic,Cmcm,6.092926,0.435209,14,False,35.0,41.0,6.0,36.714285714285715,2.448979591836735,35.0,47.0,95.0,48.0,81.28571428571429,19.591836734693874,95.0,79.904,92.90638,13.002380000000002,83.61896571428572,5.307093877551026,79.904,265.8,2750.0,2484.2,975.5714285714286,1013.9591836734693,265.8,5.0,17.0,12.0,13.571428571428571,4.89795918367347,17.0,4.0,5.0,1.0,4.285714285714286,0.4081632653061224,4.0,120.0,164.0,44.0,132.57142857142858,17.959183673469393,120.0,1.6,2.96,1.3599999999999999,2.5714285714285716,0.5551020408163264,2.96,1.0,2.0,1.0,1.7142857142857142,0.4081632653061225,2.0,0.0,5.0,5.0,3.5714285714285716,2.0408163265306123,5.0,4.0,10.0,6.0,8.285714285714286,2.4489795918367343,10.0,0.0,0.0,0.0,0.0,0.0,0.0,5.0,17.0,12.0,13.571428571428571,4.89795918367347,17.0,0.0,1.0,1.0,0.2857142857142857,0.4081632653061224,0.0,0.0,1.0,1.0,0.7142857142857143,0.4081632653061224,1.0,0.0,6.0,6.0,1.7142857142857142,2.4489795918367347,0.0,0.0,0.0,0.0,0.0,0.0,0.0,1.0,7.0,6.0,2.7142857142857144,2.448979591836735,1.0,18.18,29.48,11.3,26.25142857142857,4.612244897959185,29.48,0.0,1.457,1.457,1.0407142857142857,0.5946938775510205,1.457,0.0,0.0,0.0,0.0,0.0,0.0,64.0,229.0,165.0,111.14285714285714,67.34693877551021,64.0
mp-660594,PtF4,Pt,Monoclinic,Cc,1e-05,1.0000000000000002e-06,10,False,9.0,78.0,69.0,22.8,22.080000000000002,9.0,63.0,93.0,30.0,87.0,9.6,93.0,18.9984032,195.084,176.08559680000002,54.21552256,56.347390976,18.9984032,53.5,2041.4,1987.9,451.08000000000004,636.128,53.5,10.0,17.0,7.0,15.6,2.24,17.0,2.0,6.0,4.0,2.8,1.2799999999999998,2.0,57.0,136.0,79.0,72.8,25.279999999999998,57.0,2.28,3.98,1.7000000000000002,3.6399999999999997,0.5440000000000003,3.98,1.0,2.0,1.0,1.8,0.31999999999999995,2.0,0.0,5.0,5.0,4.0,1.6,5.0,0.0,9.0,9.0,1.8,2.88,0.0,0.0,14.0,14.0,2.8,4.4799999999999995,0.0,7.0,24.0,17.0,10.4,5.44,7.0,0.0,1.0,1.0,0.2,0.32,0.0,0.0,1.0,1.0,0.8,0.31999999999999995,1.0,0.0,1.0,1.0,0.2,0.32,0.0,0.0,0.0,0.0,0.0,0.0,0.0,1.0,2.0,1.0,1.2,0.31999999999999995,1.0,9.7075,15.02,5.3125,10.77,1.7,9.7075,0.0,1.97,1.97,1.576,0.6304,1.97,0.0,0.0,0.0,0.0,0.0,0.0,15.0,225.0,210.0,57.0,67.2,15.0
mp-661308,NbI5,Nb,Triclinic,P-1,2.13e-05,1.775e-06,12,False,41.0,53.0,12.0,51.0,3.3333333333333335,53.0,47.0,96.0,49.0,87.83333333333333,13.611111111111114,96.0,92.90638,126.90447,33.998090000000005,121.23812166666666,9.443913888888899,126.90447,386.85,2750.0,2363.15,780.7083333333334,656.4305555555555,386.85,5.0,17.0,12.0,15.0,3.3333333333333335,17.0,5.0,5.0,0.0,5.0,0.0,5.0,139.0,164.0,25.0,143.16666666666666,6.944444444444438,139.0,1.6,2.66,1.06,2.4833333333333334,0.2944444444444445,2.66,1.0,2.0,1.0,1.8333333333333333,0.27777777777777785,2.0,0.0,5.0,5.0,4.166666666666667,1.3888888888888886,5.0,4.0,10.0,6.0,9.0,1.6666666666666667,10.0,0.0,0.0,0.0,0.0,0.0,0.0,5.0,17.0,12.0,15.0,3.3333333333333335,17.0,0.0,1.0,1.0,0.16666666666666666,0.27777777777777773,0.0,0.0,1.0,1.0,0.8333333333333334,0.27777777777777773,1.0,0.0,6.0,6.0,1.0,1.6666666666666667,0.0,0.0,0.0,0.0,0.0,0.0,0.0,1.0,7.0,6.0,2.0,1.6666666666666667,1.0,18.18,43.015,24.835,38.87583333333333,6.898611111111112,43.015,0.0,1.062,1.062,0.8850000000000001,0.295,1.062,0.0,0.0,0.0,0.0,0.0,0.0,64.0,229.0,165.0,91.5,45.833333333333336,64.0
mp-662752,NbBr5,Nb,Triclinic,P-1,5.06e-05,4.216666666666666e-06,12,False,35.0,41.0,6.0,36.0,1.6666666666666667,35.0,47.0,95.0,48.0,87.0,13.333333333333334,95.0,79.904,92.90638,13.002380000000002,82.07106333333333,3.6117722222222213,79.904,265.8,2750.0,2484.2,679.8333333333334,690.0555555555557,265.8,5.0,17.0,12.0,15.0,3.3333333333333335,17.0,4.0,5.0,1.0,4.166666666666667,0.27777777777777796,4.0,120.0,164.0,44.0,127.33333333333333,12.22222222222222,120.0,1.6,2.96,1.3599999999999999,2.733333333333334,0.3777777777777774,2.96,1.0,2.0,1.0,1.8333333333333333,0.27777777777777785,2.0,0.0,5.0,5.0,4.166666666666667,1.3888888888888886,5.0,4.0,10.0,6.0,9.0,1.6666666666666667,10.0,0.0,0.0,0.0,0.0,0.0,0.0,5.0,17.0,12.0,15.0,3.3333333333333335,17.0,0.0,1.0,1.0,0.16666666666666666,0.27777777777777773,0.0,0.0,1.0,1.0,0.8333333333333334,0.27777777777777773,1.0,0.0,6.0,6.0,1.0,1.6666666666666667,0.0,0.0,0.0,0.0,0.0,0.0,0.0,1.0,7.0,6.0,2.0,1.6666666666666667,1.0,18.18,29.48,11.3,27.596666666666668,3.138888888888889,29.48,0.0,1.457,1.457,1.2141666666666666,0.40472222222222226,1.457,0.0,0.0,0.0,0.0,0.0,0.0,64.0,229.0,165.0,91.5,45.833333333333336,64.0
mp-663300,PdF4,Pd,Monoclinic,Cc,0.0002321,2.321e-05,10,False,9.0,46.0,37.0,16.4,11.84,9.0,62.0,93.0,31.0,86.8,9.920000000000002,93.0,18.9984032,106.42,87.4215968,36.48272256,27.974910976,18.9984032,53.5,1828.05,1774.55,408.40999999999997,567.856,53.5,10.0,17.0,7.0,15.6,2.24,17.0,2.0,5.0,3.0,2.6,0.9600000000000002,2.0,57.0,139.0,82.0,73.4,26.240000000000002,57.0,2.2,3.98,1.7799999999999998,3.624,0.5695999999999999,3.98,0.0,2.0,2.0,1.6,0.6399999999999999,2.0,0.0,5.0,5.0,4.0,1.6,5.0,0.0,10.0,10.0,2.0,3.2,0.0,0.0,0.0,0.0,0.0,0.0,0.0,7.0,10.0,3.0,7.6,0.9599999999999997,7.0,0.0,0.0,0.0,0.0,0.0,0.0,0.0,1.0,1.0,0.8,0.31999999999999995,1.0,0.0,0.0,0.0,0.0,0.0,0.0,0.0,0.0,0.0,0.0,0.0,0.0,0.0,1.0,1.0,0.8,0.31999999999999995,1.0,9.7075,14.41,4.702500000000001,10.648,1.5048000000000001,9.7075,0.0,1.97,1.97,1.576,0.6304,1.97,0.0,0.0,0.0,0.0,0.0,0.0,15.0,225.0,210.0,57.0,67.2,15.0
mp-669326,CdI2,Cd,Trigonal,P3m1,0.0,0.0,27,False,48.0,53.0,5.0,51.333333333333336,2.2222222222222214,53.0,70.0,96.0,26.0,87.33333333333333,11.555555555555557,96.0,112.411,126.90447,14.493470000000002,122.07331333333333,6.441542222222225,126.90447,386.85,594.22,207.37,455.97333333333336,92.16444444444444,386.85,12.0,17.0,5.0,15.333333333333334,2.222222222222222,17.0,5.0,5.0,0.0,5.0,0.0,5.0,139.0,144.0,5.0,140.66666666666666,2.222222222222219,139.0,1.69,2.66,0.9700000000000002,2.3366666666666664,0.4311111111111113,2.66,2.0,2.0,0.0,2.0,0.0,2.0,0.0,5.0,5.0,3.3333333333333335,2.222222222222222,5.0,10.0,10.0,0.0,10.0,0.0,10.0,0.0,0.0,0.0,0.0,0.0,0.0,12.0,17.0,5.0,15.333333333333334,2.222222222222222,17.0,0.0,0.0,0.0,0.0,0.0,0.0,0.0,1.0,1.0,0.6666666666666666,0.4444444444444445,1.0,0.0,0.0,0.0,0.0,0.0,0.0,0.0,0.0,0.0,0.0,0.0,0.0,0.0,1.0,1.0,0.6666666666666666,0.4444444444444445,1.0,19.495,43.015,23.52,35.175000000000004,10.453333333333331,43.015,0.0,1.062,1.062,0.7080000000000001,0.472,1.062,0.0,0.0,0.0,0.0,0.0,0.0,64.0,194.0,130.0,107.33333333333333,57.77777777777777,64.0
mp-669334,CdI2,Cd,Trigonal,P3m1,0.0062746,0.0001394355555555,45,False,48.0,53.0,5.0,51.333333333333336,2.2222222222222214,53.0,70.0,96.0,26.0,87.33333333333333,11.555555555555557,96.0,112.411,126.90447,14.493470000000002,122.07331333333333,6.441542222222225,126.90447,386.85,594.22,207.37,455.97333333333336,92.16444444444444,386.85,12.0,17.0,5.0,15.333333333333334,2.222222222222222,17.0,5.0,5.0,0.0,5.0,0.0,5.0,139.0,144.0,5.0,140.66666666666666,2.222222222222219,139.0,1.69,2.66,0.9700000000000002,2.3366666666666664,0.4311111111111113,2.66,2.0,2.0,0.0,2.0,0.0,2.0,0.0,5.0,5.0,3.3333333333333335,2.222222222222222,5.0,10.0,10.0,0.0,10.0,0.0,10.0,0.0,0.0,0.0,0.0,0.0,0.0,12.0,17.0,5.0,15.333333333333334,2.222222222222222,17.0,0.0,0.0,0.0,0.0,0.0,0.0,0.0,1.0,1.0,0.6666666666666666,0.4444444444444445,1.0,0.0,0.0,0.0,0.0,0.0,0.0,0.0,0.0,0.0,0.0,0.0,0.0,0.0,1.0,1.0,0.6666666666666666,0.4444444444444445,1.0,19.495,43.015,23.52,35.175000000000004,10.453333333333331,43.015,0.0,1.062,1.062,0.7080000000000001,0.472,1.062,0.0,0.0,0.0,0.0,0.0,0.0,64.0,194.0,130.0,107.33333333333333,57.77777777777777,64.0
mp-669340,CdI2,Cd,Trigonal,P3m1,0.0039501,9.405e-05,42,False,48.0,53.0,5.0,51.333333333333336,2.2222222222222214,53.0,70.0,96.0,26.0,87.33333333333333,11.555555555555557,96.0,112.411,126.90447,14.493470000000002,122.07331333333333,6.441542222222225,126.90447,386.85,594.22,207.37,455.97333333333336,92.16444444444444,386.85,12.0,17.0,5.0,15.333333333333334,2.222222222222222,17.0,5.0,5.0,0.0,5.0,0.0,5.0,139.0,144.0,5.0,140.66666666666666,2.222222222222219,139.0,1.69,2.66,0.9700000000000002,2.3366666666666664,0.4311111111111113,2.66,2.0,2.0,0.0,2.0,0.0,2.0,0.0,5.0,5.0,3.3333333333333335,2.222222222222222,5.0,10.0,10.0,0.0,10.0,0.0,10.0,0.0,0.0,0.0,0.0,0.0,0.0,12.0,17.0,5.0,15.333333333333334,2.222222222222222,17.0,0.0,0.0,0.0,0.0,0.0,0.0,0.0,1.0,1.0,0.6666666666666666,0.4444444444444445,1.0,0.0,0.0,0.0,0.0,0.0,0.0,0.0,0.0,0.0,0.0,0.0,0.0,0.0,1.0,1.0,0.6666666666666666,0.4444444444444445,1.0,19.495,43.015,23.52,35.175000000000004,10.453333333333331,43.015,0.0,1.062,1.062,0.7080000000000001,0.472,1.062,0.0,0.0,0.0,0.0,0.0,0.0,64.0,194.0,130.0,107.33333333333333,57.77777777777777,64.0
mp-669357,CdI2,Cd,Trigonal,P3m1,0.0,0.0,33,False,48.0,53.0,5.0,51.333333333333336,2.2222222222222214,53.0,70.0,96.0,26.0,87.33333333333333,11.555555555555557,96.0,112.411,126.90447,14.493470000000002,122.07331333333333,6.441542222222225,126.90447,386.85,594.22,207.37,455.97333333333336,92.16444444444444,386.85,12.0,17.0,5.0,15.333333333333334,2.222222222222222,17.0,5.0,5.0,0.0,5.0,0.0,5.0,139.0,144.0,5.0,140.66666666666666,2.222222222222219,139.0,1.69,2.66,0.9700000000000002,2.3366666666666664,0.4311111111111113,2.66,2.0,2.0,0.0,2.0,0.0,2.0,0.0,5.0,5.0,3.3333333333333335,2.222222222222222,5.0,10.0,10.0,0.0,10.0,0.0,10.0,0.0,0.0,0.0,0.0,0.0,0.0,12.0,17.0,5.0,15.333333333333334,2.222222222222222,17.0,0.0,0.0,0.0,0.0,0.0,0.0,0.0,1.0,1.0,0.6666666666666666,0.4444444444444445,1.0,0.0,0.0,0.0,0.0,0.0,0.0,0.0,0.0,0.0,0.0,0.0,0.0,0.0,1.0,1.0,0.6666666666666666,0.4444444444444445,1.0,19.495,43.015,23.52,35.175000000000004,10.453333333333331,43.015,0.0,1.062,1.062,0.7080000000000001,0.472,1.062,0.0,0.0,0.0,0.0,0.0,0.0,64.0,194.0,130.0,107.33333333333333,57.77777777777777,64.0
mp-669358,CdI2,Cd,Trigonal,P3m1,0.001172,3.5515151515151514e-05,33,False,48.0,53.0,5.0,51.333333333333336,2.2222222222222214,53.0,70.0,96.0,26.0,87.33333333333333,11.555555555555557,96.0,112.411,126.90447,14.493470000000002,122.07331333333333,6.441542222222225,126.90447,386.85,594.22,207.37,455.97333333333336,92.16444444444444,386.85,12.0,17.0,5.0,15.333333333333334,2.222222222222222,17.0,5.0,5.0,0.0,5.0,0.0,5.0,139.0,144.0,5.0,140.66666666666666,2.222222222222219,139.0,1.69,2.66,0.9700000000000002,2.3366666666666664,0.4311111111111113,2.66,2.0,2.0,0.0,2.0,0.0,2.0,0.0,5.0,5.0,3.3333333333333335,2.222222222222222,5.0,10.0,10.0,0.0,10.0,0.0,10.0,0.0,0.0,0.0,0.0,0.0,0.0,12.0,17.0,5.0,15.333333333333334,2.222222222222222,17.0,0.0,0.0,0.0,0.0,0.0,0.0,0.0,1.0,1.0,0.6666666666666666,0.4444444444444445,1.0,0.0,0.0,0.0,0.0,0.0,0.0,0.0,0.0,0.0,0.0,0.0,0.0,0.0,1.0,1.0,0.6666666666666666,0.4444444444444445,1.0,19.495,43.015,23.52,35.175000000000004,10.453333333333331,43.015,0.0,1.062,1.062,0.7080000000000001,0.472,1.062,0.0,0.0,0.0,0.0,0.0,0.0,64.0,194.0,130.0,107.33333333333333,57.77777777777777,64.0
mp-669360,CdI2,Cd,Trigonal,P3m1,0.0,0.0,36,False,48.0,53.0,5.0,51.333333333333336,2.2222222222222214,53.0,70.0,96.0,26.0,87.33333333333333,11.555555555555557,96.0,112.411,126.90447,14.493470000000002,122.07331333333333,6.441542222222225,126.90447,386.85,594.22,207.37,455.97333333333336,92.16444444444444,386.85,12.0,17.0,5.0,15.333333333333334,2.222222222222222,17.0,5.0,5.0,0.0,5.0,0.0,5.0,139.0,144.0,5.0,140.66666666666666,2.222222222222219,139.0,1.69,2.66,0.9700000000000002,2.3366666666666664,0.4311111111111113,2.66,2.0,2.0,0.0,2.0,0.0,2.0,0.0,5.0,5.0,3.3333333333333335,2.222222222222222,5.0,10.0,10.0,0.0,10.0,0.0,10.0,0.0,0.0,0.0,0.0,0.0,0.0,12.0,17.0,5.0,15.333333333333334,2.222222222222222,17.0,0.0,0.0,0.0,0.0,0.0,0.0,0.0,1.0,1.0,0.6666666666666666,0.4444444444444445,1.0,0.0,0.0,0.0,0.0,0.0,0.0,0.0,0.0,0.0,0.0,0.0,0.0,0.0,1.0,1.0,0.6666666666666666,0.4444444444444445,1.0,19.495,43.015,23.52,35.175000000000004,10.453333333333331,43.015,0.0,1.062,1.062,0.7080000000000001,0.472,1.062,0.0,0.0,0.0,0.0,0.0,0.0,64.0,194.0,130.0,107.33333333333333,57.77777777777777,64.0
mp-669496,PtI4,Pt,Orthorhombic,Pbca,0.0,0.0,40,True,53.0,78.0,25.0,58.0,8.0,53.0,63.0,96.0,33.0,89.4,10.559999999999997,96.0,126.90447,195.084,68.17953,140.540376,21.817449600000003,126.90447,386.85,2041.4,1654.5500000000002,717.76,529.4559999999999,386.85,10.0,17.0,7.0,15.6,2.24,17.0,5.0,6.0,1.0,5.2,0.3200000000000001,5.0,136.0,139.0,3.0,138.4,0.9599999999999966,139.0,2.28,2.66,0.38000000000000034,2.584,0.12160000000000011,2.66,1.0,2.0,1.0,1.8,0.31999999999999995,2.0,0.0,5.0,5.0,4.0,1.6,5.0,9.0,10.0,1.0,9.8,0.31999999999999956,10.0,0.0,14.0,14.0,2.8,4.4799999999999995,0.0,17.0,24.0,7.0,18.4,2.2399999999999993,17.0,0.0,1.0,1.0,0.2,0.32,0.0,0.0,1.0,1.0,0.8,0.31999999999999995,1.0,0.0,1.0,1.0,0.2,0.32,0.0,0.0,0.0,0.0,0.0,0.0,0.0,1.0,2.0,1.0,1.2,0.31999999999999995,1.0,15.02,43.015,27.995,37.416000000000004,8.958399999999997,43.015,0.0,1.062,1.062,0.8496,0.33984000000000003,1.062,0.0,0.0,0.0,0.0,0.0,0.0,64.0,225.0,161.0,96.2,51.52,64.0
mp-673245,CuI,Cu,Monoclinic,Pc,0.0033963,0.0004245375,8,False,29.0,53.0,24.0,41.0,12.0,29.0,64.0,96.0,32.0,80.0,16.0,64.0,63.546,126.90447,63.358470000000004,95.225235,31.679235000000002,63.546,386.85,1357.77,970.92,872.31,485.46,386.85,11.0,17.0,6.0,14.0,3.0,11.0,4.0,5.0,1.0,4.5,0.5,4.0,132.0,139.0,7.0,135.5,3.5,132.0,1.9,2.66,0.7600000000000002,2.2800000000000002,0.3800000000000001,1.9,1.0,2.0,1.0,1.5,0.5,1.0,0.0,5.0,5.0,2.5,2.5,0.0,10.0,10.0,0.0,10.0,0.0,10.0,0.0,0.0,0.0,0.0,0.0,0.0,11.0,17.0,6.0,14.0,3.0,11.0,0.0,1.0,1.0,0.5,0.5,0.0,0.0,1.0,1.0,0.5,0.5,0.0,0.0,0.0,0.0,0.0,0.0,0.0,0.0,0.0,0.0,0.0,0.0,0.0,1.0,1.0,0.0,1.0,0.0,1.0,11.07,43.015,31.945,27.0425,15.9725,11.07,0.0,1.062,1.062,0.531,0.531,0.0,0.0,0.0,0.0,0.0,0.0,0.0,64.0,225.0,161.0,144.5,80.5,64.0
mp-676241,FeCl3,Fe,Triclinic,P1,10.0035196,1.25043995,8,False,17.0,26.0,9.0,19.25,3.375,17.0,55.0,94.0,39.0,84.25,14.625,94.0,35.453,55.845,20.391999999999996,40.551,7.6469999999999985,35.453,171.6,1811.0,1639.4,581.45,614.7750000000001,171.6,8.0,17.0,9.0,14.75,3.375,17.0,3.0,4.0,1.0,3.25,0.375,3.0,102.0,132.0,30.0,109.5,11.25,102.0,1.83,3.16,1.33,2.8275,0.49875,3.16,2.0,2.0,0.0,2.0,0.0,2.0,0.0,5.0,5.0,3.75,1.875,5.0,0.0,6.0,6.0,1.5,2.25,0.0,0.0,0.0,0.0,0.0,0.0,0.0,7.0,8.0,1.0,7.25,0.375,7.0,0.0,0.0,0.0,0.0,0.0,0.0,0.0,1.0,1.0,0.75,0.375,1.0,0.0,4.0,4.0,1.0,1.5,0.0,0.0,0.0,0.0,0.0,0.0,0.0,1.0,4.0,3.0,1.75,1.125,1.0,10.73,24.4975,13.767499999999998,21.055625,5.162812499999999,24.4975,0.0,2.493,2.493,1.8697499999999998,0.934875,2.493,0.0,2.1106628,2.1106628,0.5276657,0.79149855,0.0,64.0,229.0,165.0,105.25,61.875,64.0
mp-680046,CdI2,Cd,Trigonal,P3m1,0.0039801,9.476428571428572e-05,42,False,48.0,53.0,5.0,51.333333333333336,2.2222222222222214,53.0,70.0,96.0,26.0,87.33333333333333,11.555555555555557,96.0,112.411,126.90447,14.493470000000002,122.07331333333333,6.441542222222225,126.90447,386.85,594.22,207.37,455.97333333333336,92.16444444444444,386.85,12.0,17.0,5.0,15.333333333333334,2.222222222222222,17.0,5.0,5.0,0.0,5.0,0.0,5.0,139.0,144.0,5.0,140.66666666666666,2.222222222222219,139.0,1.69,2.66,0.9700000000000002,2.3366666666666664,0.4311111111111113,2.66,2.0,2.0,0.0,2.0,0.0,2.0,0.0,5.0,5.0,3.3333333333333335,2.222222222222222,5.0,10.0,10.0,0.0,10.0,0.0,10.0,0.0,0.0,0.0,0.0,0.0,0.0,12.0,17.0,5.0,15.333333333333334,2.222222222222222,17.0,0.0,0.0,0.0,0.0,0.0,0.0,0.0,1.0,1.0,0.6666666666666666,0.4444444444444445,1.0,0.0,0.0,0.0,0.0,0.0,0.0,0.0,0.0,0.0,0.0,0.0,0.0,0.0,1.0,1.0,0.6666666666666666,0.4444444444444445,1.0,19.495,43.015,23.52,35.175000000000004,10.453333333333331,43.015,0.0,1.062,1.062,0.7080000000000001,0.472,1.062,0.0,0.0,0.0,0.0,0.0,0.0,64.0,194.0,130.0,107.33333333333333,57.77777777777777,64.0
mp-680047,CdI2,Cd,Trigonal,P3m1,0.0039681,9.447857142857142e-05,42,False,48.0,53.0,5.0,51.333333333333336,2.2222222222222214,53.0,70.0,96.0,26.0,87.33333333333333,11.555555555555557,96.0,112.411,126.90447,14.493470000000002,122.07331333333333,6.441542222222225,126.90447,386.85,594.22,207.37,455.97333333333336,92.16444444444444,386.85,12.0,17.0,5.0,15.333333333333334,2.222222222222222,17.0,5.0,5.0,0.0,5.0,0.0,5.0,139.0,144.0,5.0,140.66666666666666,2.222222222222219,139.0,1.69,2.66,0.9700000000000002,2.3366666666666664,0.4311111111111113,2.66,2.0,2.0,0.0,2.0,0.0,2.0,0.0,5.0,5.0,3.3333333333333335,2.222222222222222,5.0,10.0,10.0,0.0,10.0,0.0,10.0,0.0,0.0,0.0,0.0,0.0,0.0,12.0,17.0,5.0,15.333333333333334,2.222222222222222,17.0,0.0,0.0,0.0,0.0,0.0,0.0,0.0,1.0,1.0,0.6666666666666666,0.4444444444444445,1.0,0.0,0.0,0.0,0.0,0.0,0.0,0.0,0.0,0.0,0.0,0.0,0.0,0.0,1.0,1.0,0.6666666666666666,0.4444444444444445,1.0,19.495,43.015,23.52,35.175000000000004,10.453333333333331,43.015,0.0,1.062,1.062,0.7080000000000001,0.472,1.062,0.0,0.0,0.0,0.0,0.0,0.0,64.0,194.0,130.0,107.33333333333333,57.77777777777777,64.0
mp-680055,CdI2,Cd,Trigonal,P3m1,0.0011811,3.579090909090909e-05,33,False,48.0,53.0,5.0,51.333333333333336,2.2222222222222214,53.0,70.0,96.0,26.0,87.33333333333333,11.555555555555557,96.0,112.411,126.90447,14.493470000000002,122.07331333333333,6.441542222222225,126.90447,386.85,594.22,207.37,455.97333333333336,92.16444444444444,386.85,12.0,17.0,5.0,15.333333333333334,2.222222222222222,17.0,5.0,5.0,0.0,5.0,0.0,5.0,139.0,144.0,5.0,140.66666666666666,2.222222222222219,139.0,1.69,2.66,0.9700000000000002,2.3366666666666664,0.4311111111111113,2.66,2.0,2.0,0.0,2.0,0.0,2.0,0.0,5.0,5.0,3.3333333333333335,2.222222222222222,5.0,10.0,10.0,0.0,10.0,0.0,10.0,0.0,0.0,0.0,0.0,0.0,0.0,12.0,17.0,5.0,15.333333333333334,2.222222222222222,17.0,0.0,0.0,0.0,0.0,0.0,0.0,0.0,1.0,1.0,0.6666666666666666,0.4444444444444445,1.0,0.0,0.0,0.0,0.0,0.0,0.0,0.0,0.0,0.0,0.0,0.0,0.0,0.0,1.0,1.0,0.6666666666666666,0.4444444444444445,1.0,19.495,43.015,23.52,35.175000000000004,10.453333333333331,43.015,0.0,1.062,1.062,0.7080000000000001,0.472,1.062,0.0,0.0,0.0,0.0,0.0,0.0,64.0,194.0,130.0,107.33333333333333,57.77777777777777,64.0
mp-680077,Ta2Br5,Ta,Cubic,Ia-3d,0.0027697,1.6486309523809525e-05,168,True,35.0,73.0,38.0,45.857142857142854,15.51020408163265,35.0,48.0,95.0,47.0,81.57142857142857,19.183673469387752,95.0,79.904,180.94788,101.04388,108.77368,41.24240000000001,79.904,265.8,3290.0,3024.2,1129.857142857143,1234.3673469387754,265.8,5.0,17.0,12.0,13.571428571428571,4.89795918367347,17.0,4.0,6.0,2.0,4.571428571428571,0.8163265306122448,4.0,120.0,170.0,50.0,134.28571428571428,20.40816326530612,120.0,1.5,2.96,1.46,2.542857142857143,0.5959183673469387,2.96,2.0,2.0,0.0,2.0,0.0,2.0,0.0,5.0,5.0,3.5714285714285716,2.0408163265306123,5.0,3.0,10.0,7.0,8.0,2.857142857142857,10.0,0.0,14.0,14.0,4.0,5.714285714285714,0.0,17.0,19.0,2.0,17.571428571428573,0.8163265306122456,17.0,0.0,0.0,0.0,0.0,0.0,0.0,0.0,1.0,1.0,0.7142857142857143,0.4081632653061224,1.0,0.0,7.0,7.0,2.0,2.857142857142857,0.0,0.0,0.0,0.0,0.0,0.0,0.0,1.0,7.0,6.0,2.7142857142857144,2.448979591836735,1.0,18.12,29.48,11.36,26.234285714285715,4.636734693877551,29.48,0.0,1.457,1.457,1.0407142857142857,0.5946938775510205,1.457,0.0,0.0,0.0,0.0,0.0,0.0,64.0,229.0,165.0,111.14285714285714,67.34693877551021,64.0
mp-680092,CdI2,Cd,Trigonal,P3m1,0.0,0.0,30,False,48.0,53.0,5.0,51.333333333333336,2.2222222222222214,53.0,70.0,96.0,26.0,87.33333333333333,11.555555555555557,96.0,112.411,126.90447,14.493470000000002,122.07331333333333,6.441542222222225,126.90447,386.85,594.22,207.37,455.97333333333336,92.16444444444444,386.85,12.0,17.0,5.0,15.333333333333334,2.222222222222222,17.0,5.0,5.0,0.0,5.0,0.0,5.0,139.0,144.0,5.0,140.66666666666666,2.222222222222219,139.0,1.69,2.66,0.9700000000000002,2.3366666666666664,0.4311111111111113,2.66,2.0,2.0,0.0,2.0,0.0,2.0,0.0,5.0,5.0,3.3333333333333335,2.222222222222222,5.0,10.0,10.0,0.0,10.0,0.0,10.0,0.0,0.0,0.0,0.0,0.0,0.0,12.0,17.0,5.0,15.333333333333334,2.222222222222222,17.0,0.0,0.0,0.0,0.0,0.0,0.0,0.0,1.0,1.0,0.6666666666666666,0.4444444444444445,1.0,0.0,0.0,0.0,0.0,0.0,0.0,0.0,0.0,0.0,0.0,0.0,0.0,0.0,1.0,1.0,0.6666666666666666,0.4444444444444445,1.0,19.495,43.015,23.52,35.175000000000004,10.453333333333331,43.015,0.0,1.062,1.062,0.7080000000000001,0.472,1.062,0.0,0.0,0.0,0.0,0.0,0.0,64.0,194.0,130.0,107.33333333333333,57.77777777777777,64.0
mp-680093,CdI2,Cd,Trigonal,P3m1,0.0,0.0,33,False,48.0,53.0,5.0,51.333333333333336,2.2222222222222214,53.0,70.0,96.0,26.0,87.33333333333333,11.555555555555557,96.0,112.411,126.90447,14.493470000000002,122.07331333333333,6.441542222222225,126.90447,386.85,594.22,207.37,455.97333333333336,92.16444444444444,386.85,12.0,17.0,5.0,15.333333333333334,2.222222222222222,17.0,5.0,5.0,0.0,5.0,0.0,5.0,139.0,144.0,5.0,140.66666666666666,2.222222222222219,139.0,1.69,2.66,0.9700000000000002,2.3366666666666664,0.4311111111111113,2.66,2.0,2.0,0.0,2.0,0.0,2.0,0.0,5.0,5.0,3.3333333333333335,2.222222222222222,5.0,10.0,10.0,0.0,10.0,0.0,10.0,0.0,0.0,0.0,0.0,0.0,0.0,12.0,17.0,5.0,15.333333333333334,2.222222222222222,17.0,0.0,0.0,0.0,0.0,0.0,0.0,0.0,1.0,1.0,0.6666666666666666,0.4444444444444445,1.0,0.0,0.0,0.0,0.0,0.0,0.0,0.0,0.0,0.0,0.0,0.0,0.0,0.0,1.0,1.0,0.6666666666666666,0.4444444444444445,1.0,19.495,43.015,23.52,35.175000000000004,10.453333333333331,43.015,0.0,1.062,1.062,0.7080000000000001,0.472,1.062,0.0,0.0,0.0,0.0,0.0,0.0,64.0,194.0,130.0,107.33333333333333,57.77777777777777,64.0
mp-680094,CdI2,Cd,Trigonal,P3m1,0.0011991,3.6336363636363634e-05,33,False,48.0,53.0,5.0,51.333333333333336,2.2222222222222214,53.0,70.0,96.0,26.0,87.33333333333333,11.555555555555557,96.0,112.411,126.90447,14.493470000000002,122.07331333333333,6.441542222222225,126.90447,386.85,594.22,207.37,455.97333333333336,92.16444444444444,386.85,12.0,17.0,5.0,15.333333333333334,2.222222222222222,17.0,5.0,5.0,0.0,5.0,0.0,5.0,139.0,144.0,5.0,140.66666666666666,2.222222222222219,139.0,1.69,2.66,0.9700000000000002,2.3366666666666664,0.4311111111111113,2.66,2.0,2.0,0.0,2.0,0.0,2.0,0.0,5.0,5.0,3.3333333333333335,2.222222222222222,5.0,10.0,10.0,0.0,10.0,0.0,10.0,0.0,0.0,0.0,0.0,0.0,0.0,12.0,17.0,5.0,15.333333333333334,2.222222222222222,17.0,0.0,0.0,0.0,0.0,0.0,0.0,0.0,1.0,1.0,0.6666666666666666,0.4444444444444445,1.0,0.0,0.0,0.0,0.0,0.0,0.0,0.0,0.0,0.0,0.0,0.0,0.0,0.0,1.0,1.0,0.6666666666666666,0.4444444444444445,1.0,19.495,43.015,23.52,35.175000000000004,10.453333333333331,43.015,0.0,1.062,1.062,0.7080000000000001,0.472,1.062,0.0,0.0,0.0,0.0,0.0,0.0,64.0,194.0,130.0,107.33333333333333,57.77777777777777,64.0
mp-680095,CdI2,Cd,Trigonal,P3m1,0.001148,1.913333333333333e-05,60,False,48.0,53.0,5.0,51.333333333333336,2.2222222222222214,53.0,70.0,96.0,26.0,87.33333333333333,11.555555555555557,96.0,112.411,126.90447,14.493470000000002,122.07331333333333,6.441542222222225,126.90447,386.85,594.22,207.37,455.97333333333336,92.16444444444444,386.85,12.0,17.0,5.0,15.333333333333334,2.222222222222222,17.0,5.0,5.0,0.0,5.0,0.0,5.0,139.0,144.0,5.0,140.66666666666666,2.222222222222219,139.0,1.69,2.66,0.9700000000000002,2.3366666666666664,0.4311111111111113,2.66,2.0,2.0,0.0,2.0,0.0,2.0,0.0,5.0,5.0,3.3333333333333335,2.222222222222222,5.0,10.0,10.0,0.0,10.0,0.0,10.0,0.0,0.0,0.0,0.0,0.0,0.0,12.0,17.0,5.0,15.333333333333334,2.222222222222222,17.0,0.0,0.0,0.0,0.0,0.0,0.0,0.0,1.0,1.0,0.6666666666666666,0.4444444444444445,1.0,0.0,0.0,0.0,0.0,0.0,0.0,0.0,0.0,0.0,0.0,0.0,0.0,0.0,1.0,1.0,0.6666666666666666,0.4444444444444445,1.0,19.495,43.015,23.52,35.175000000000004,10.453333333333331,43.015,0.0,1.062,1.062,0.7080000000000001,0.472,1.062,0.0,0.0,0.0,0.0,0.0,0.0,64.0,194.0,130.0,107.33333333333333,57.77777777777777,64.0
mp-680111,CdI2,Cd,Trigonal,P3m1,0.0,0.0,12,False,48.0,53.0,5.0,51.333333333333336,2.2222222222222214,53.0,70.0,96.0,26.0,87.33333333333333,11.555555555555557,96.0,112.411,126.90447,14.493470000000002,122.07331333333333,6.441542222222225,126.90447,386.85,594.22,207.37,455.97333333333336,92.16444444444444,386.85,12.0,17.0,5.0,15.333333333333334,2.222222222222222,17.0,5.0,5.0,0.0,5.0,0.0,5.0,139.0,144.0,5.0,140.66666666666666,2.222222222222219,139.0,1.69,2.66,0.9700000000000002,2.3366666666666664,0.4311111111111113,2.66,2.0,2.0,0.0,2.0,0.0,2.0,0.0,5.0,5.0,3.3333333333333335,2.222222222222222,5.0,10.0,10.0,0.0,10.0,0.0,10.0,0.0,0.0,0.0,0.0,0.0,0.0,12.0,17.0,5.0,15.333333333333334,2.222222222222222,17.0,0.0,0.0,0.0,0.0,0.0,0.0,0.0,1.0,1.0,0.6666666666666666,0.4444444444444445,1.0,0.0,0.0,0.0,0.0,0.0,0.0,0.0,0.0,0.0,0.0,0.0,0.0,0.0,1.0,1.0,0.6666666666666666,0.4444444444444445,1.0,19.495,43.015,23.52,35.175000000000004,10.453333333333331,43.015,0.0,1.062,1.062,0.7080000000000001,0.472,1.062,0.0,0.0,0.0,0.0,0.0,0.0,64.0,194.0,130.0,107.33333333333333,57.77777777777777,64.0
mp-680112,CdI2,Cd,Trigonal,P3m1,0.0012045,3.65e-05,33,False,48.0,53.0,5.0,51.333333333333336,2.2222222222222214,53.0,70.0,96.0,26.0,87.33333333333333,11.555555555555557,96.0,112.411,126.90447,14.493470000000002,122.07331333333333,6.441542222222225,126.90447,386.85,594.22,207.37,455.97333333333336,92.16444444444444,386.85,12.0,17.0,5.0,15.333333333333334,2.222222222222222,17.0,5.0,5.0,0.0,5.0,0.0,5.0,139.0,144.0,5.0,140.66666666666666,2.222222222222219,139.0,1.69,2.66,0.9700000000000002,2.3366666666666664,0.4311111111111113,2.66,2.0,2.0,0.0,2.0,0.0,2.0,0.0,5.0,5.0,3.3333333333333335,2.222222222222222,5.0,10.0,10.0,0.0,10.0,0.0,10.0,0.0,0.0,0.0,0.0,0.0,0.0,12.0,17.0,5.0,15.333333333333334,2.222222222222222,17.0,0.0,0.0,0.0,0.0,0.0,0.0,0.0,1.0,1.0,0.6666666666666666,0.4444444444444445,1.0,0.0,0.0,0.0,0.0,0.0,0.0,0.0,0.0,0.0,0.0,0.0,0.0,0.0,1.0,1.0,0.6666666666666666,0.4444444444444445,1.0,19.495,43.015,23.52,35.175000000000004,10.453333333333331,43.015,0.0,1.062,1.062,0.7080000000000001,0.472,1.062,0.0,0.0,0.0,0.0,0.0,0.0,64.0,194.0,130.0,107.33333333333333,57.77777777777777,64.0
mp-680113,CdI2,Cd,Trigonal,P3m1,0.0011895,3.6045454545454544e-05,33,False,48.0,53.0,5.0,51.333333333333336,2.2222222222222214,53.0,70.0,96.0,26.0,87.33333333333333,11.555555555555557,96.0,112.411,126.90447,14.493470000000002,122.07331333333333,6.441542222222225,126.90447,386.85,594.22,207.37,455.97333333333336,92.16444444444444,386.85,12.0,17.0,5.0,15.333333333333334,2.222222222222222,17.0,5.0,5.0,0.0,5.0,0.0,5.0,139.0,144.0,5.0,140.66666666666666,2.222222222222219,139.0,1.69,2.66,0.9700000000000002,2.3366666666666664,0.4311111111111113,2.66,2.0,2.0,0.0,2.0,0.0,2.0,0.0,5.0,5.0,3.3333333333333335,2.222222222222222,5.0,10.0,10.0,0.0,10.0,0.0,10.0,0.0,0.0,0.0,0.0,0.0,0.0,12.0,17.0,5.0,15.333333333333334,2.222222222222222,17.0,0.0,0.0,0.0,0.0,0.0,0.0,0.0,1.0,1.0,0.6666666666666666,0.4444444444444445,1.0,0.0,0.0,0.0,0.0,0.0,0.0,0.0,0.0,0.0,0.0,0.0,0.0,0.0,1.0,1.0,0.6666666666666666,0.4444444444444445,1.0,19.495,43.015,23.52,35.175000000000004,10.453333333333331,43.015,0.0,1.062,1.062,0.7080000000000001,0.472,1.062,0.0,0.0,0.0,0.0,0.0,0.0,64.0,194.0,130.0,107.33333333333333,57.77777777777777,64.0
mp-680114,CdI2,Cd,Trigonal,P3m1,0.0011947,3.62030303030303e-05,33,False,48.0,53.0,5.0,51.333333333333336,2.2222222222222214,53.0,70.0,96.0,26.0,87.33333333333333,11.555555555555557,96.0,112.411,126.90447,14.493470000000002,122.07331333333333,6.441542222222225,126.90447,386.85,594.22,207.37,455.97333333333336,92.16444444444444,386.85,12.0,17.0,5.0,15.333333333333334,2.222222222222222,17.0,5.0,5.0,0.0,5.0,0.0,5.0,139.0,144.0,5.0,140.66666666666666,2.222222222222219,139.0,1.69,2.66,0.9700000000000002,2.3366666666666664,0.4311111111111113,2.66,2.0,2.0,0.0,2.0,0.0,2.0,0.0,5.0,5.0,3.3333333333333335,2.222222222222222,5.0,10.0,10.0,0.0,10.0,0.0,10.0,0.0,0.0,0.0,0.0,0.0,0.0,12.0,17.0,5.0,15.333333333333334,2.222222222222222,17.0,0.0,0.0,0.0,0.0,0.0,0.0,0.0,1.0,1.0,0.6666666666666666,0.4444444444444445,1.0,0.0,0.0,0.0,0.0,0.0,0.0,0.0,0.0,0.0,0.0,0.0,0.0,0.0,1.0,1.0,0.6666666666666666,0.4444444444444445,1.0,19.495,43.015,23.52,35.175000000000004,10.453333333333331,43.015,0.0,1.062,1.062,0.7080000000000001,0.472,1.062,0.0,0.0,0.0,0.0,0.0,0.0,64.0,194.0,130.0,107.33333333333333,57.77777777777777,64.0
mp-680115,CdI2,Cd,Trigonal,P3m1,0.0039748,9.463809523809524e-05,42,False,48.0,53.0,5.0,51.333333333333336,2.2222222222222214,53.0,70.0,96.0,26.0,87.33333333333333,11.555555555555557,96.0,112.411,126.90447,14.493470000000002,122.07331333333333,6.441542222222225,126.90447,386.85,594.22,207.37,455.97333333333336,92.16444444444444,386.85,12.0,17.0,5.0,15.333333333333334,2.222222222222222,17.0,5.0,5.0,0.0,5.0,0.0,5.0,139.0,144.0,5.0,140.66666666666666,2.222222222222219,139.0,1.69,2.66,0.9700000000000002,2.3366666666666664,0.4311111111111113,2.66,2.0,2.0,0.0,2.0,0.0,2.0,0.0,5.0,5.0,3.3333333333333335,2.222222222222222,5.0,10.0,10.0,0.0,10.0,0.0,10.0,0.0,0.0,0.0,0.0,0.0,0.0,12.0,17.0,5.0,15.333333333333334,2.222222222222222,17.0,0.0,0.0,0.0,0.0,0.0,0.0,0.0,1.0,1.0,0.6666666666666666,0.4444444444444445,1.0,0.0,0.0,0.0,0.0,0.0,0.0,0.0,0.0,0.0,0.0,0.0,0.0,0.0,1.0,1.0,0.6666666666666666,0.4444444444444445,1.0,19.495,43.015,23.52,35.175000000000004,10.453333333333331,43.015,0.0,1.062,1.062,0.7080000000000001,0.472,1.062,0.0,0.0,0.0,0.0,0.0,0.0,64.0,194.0,130.0,107.33333333333333,57.77777777777777,64.0
mp-680116,CdI2,Cd,Trigonal,P3m1,0.0039597,9.427857142857143e-05,42,False,48.0,53.0,5.0,51.333333333333336,2.2222222222222214,53.0,70.0,96.0,26.0,87.33333333333333,11.555555555555557,96.0,112.411,126.90447,14.493470000000002,122.07331333333333,6.441542222222225,126.90447,386.85,594.22,207.37,455.97333333333336,92.16444444444444,386.85,12.0,17.0,5.0,15.333333333333334,2.222222222222222,17.0,5.0,5.0,0.0,5.0,0.0,5.0,139.0,144.0,5.0,140.66666666666666,2.222222222222219,139.0,1.69,2.66,0.9700000000000002,2.3366666666666664,0.4311111111111113,2.66,2.0,2.0,0.0,2.0,0.0,2.0,0.0,5.0,5.0,3.3333333333333335,2.222222222222222,5.0,10.0,10.0,0.0,10.0,0.0,10.0,0.0,0.0,0.0,0.0,0.0,0.0,12.0,17.0,5.0,15.333333333333334,2.222222222222222,17.0,0.0,0.0,0.0,0.0,0.0,0.0,0.0,1.0,1.0,0.6666666666666666,0.4444444444444445,1.0,0.0,0.0,0.0,0.0,0.0,0.0,0.0,0.0,0.0,0.0,0.0,0.0,0.0,1.0,1.0,0.6666666666666666,0.4444444444444445,1.0,19.495,43.015,23.52,35.175000000000004,10.453333333333331,43.015,0.0,1.062,1.062,0.7080000000000001,0.472,1.062,0.0,0.0,0.0,0.0,0.0,0.0,64.0,194.0,130.0,107.33333333333333,57.77777777777777,64.0
mp-680118,CdI2,Cd,Trigonal,P3m1,0.0,0.0,45,False,48.0,53.0,5.0,51.333333333333336,2.2222222222222214,53.0,70.0,96.0,26.0,87.33333333333333,11.555555555555557,96.0,112.411,126.90447,14.493470000000002,122.07331333333333,6.441542222222225,126.90447,386.85,594.22,207.37,455.97333333333336,92.16444444444444,386.85,12.0,17.0,5.0,15.333333333333334,2.222222222222222,17.0,5.0,5.0,0.0,5.0,0.0,5.0,139.0,144.0,5.0,140.66666666666666,2.222222222222219,139.0,1.69,2.66,0.9700000000000002,2.3366666666666664,0.4311111111111113,2.66,2.0,2.0,0.0,2.0,0.0,2.0,0.0,5.0,5.0,3.3333333333333335,2.222222222222222,5.0,10.0,10.0,0.0,10.0,0.0,10.0,0.0,0.0,0.0,0.0,0.0,0.0,12.0,17.0,5.0,15.333333333333334,2.222222222222222,17.0,0.0,0.0,0.0,0.0,0.0,0.0,0.0,1.0,1.0,0.6666666666666666,0.4444444444444445,1.0,0.0,0.0,0.0,0.0,0.0,0.0,0.0,0.0,0.0,0.0,0.0,0.0,0.0,1.0,1.0,0.6666666666666666,0.4444444444444445,1.0,19.495,43.015,23.52,35.175000000000004,10.453333333333331,43.015,0.0,1.062,1.062,0.7080000000000001,0.472,1.062,0.0,0.0,0.0,0.0,0.0,0.0,64.0,194.0,130.0,107.33333333333333,57.77777777777777,64.0
mp-680119,CdI2,Cd,Trigonal,P3m1,0.006241,0.0001386888888888,45,False,48.0,53.0,5.0,51.333333333333336,2.2222222222222214,53.0,70.0,96.0,26.0,87.33333333333333,11.555555555555557,96.0,112.411,126.90447,14.493470000000002,122.07331333333333,6.441542222222225,126.90447,386.85,594.22,207.37,455.97333333333336,92.16444444444444,386.85,12.0,17.0,5.0,15.333333333333334,2.222222222222222,17.0,5.0,5.0,0.0,5.0,0.0,5.0,139.0,144.0,5.0,140.66666666666666,2.222222222222219,139.0,1.69,2.66,0.9700000000000002,2.3366666666666664,0.4311111111111113,2.66,2.0,2.0,0.0,2.0,0.0,2.0,0.0,5.0,5.0,3.3333333333333335,2.222222222222222,5.0,10.0,10.0,0.0,10.0,0.0,10.0,0.0,0.0,0.0,0.0,0.0,0.0,12.0,17.0,5.0,15.333333333333334,2.222222222222222,17.0,0.0,0.0,0.0,0.0,0.0,0.0,0.0,1.0,1.0,0.6666666666666666,0.4444444444444445,1.0,0.0,0.0,0.0,0.0,0.0,0.0,0.0,0.0,0.0,0.0,0.0,0.0,0.0,1.0,1.0,0.6666666666666666,0.4444444444444445,1.0,19.495,43.015,23.52,35.175000000000004,10.453333333333331,43.015,0.0,1.062,1.062,0.7080000000000001,0.472,1.062,0.0,0.0,0.0,0.0,0.0,0.0,64.0,194.0,130.0,107.33333333333333,57.77777777777777,64.0
mp-680120,CdI2,Cd,Trigonal,P3m1,0.0,0.0,45,False,48.0,53.0,5.0,51.333333333333336,2.2222222222222214,53.0,70.0,96.0,26.0,87.33333333333333,11.555555555555557,96.0,112.411,126.90447,14.493470000000002,122.07331333333333,6.441542222222225,126.90447,386.85,594.22,207.37,455.97333333333336,92.16444444444444,386.85,12.0,17.0,5.0,15.333333333333334,2.222222222222222,17.0,5.0,5.0,0.0,5.0,0.0,5.0,139.0,144.0,5.0,140.66666666666666,2.222222222222219,139.0,1.69,2.66,0.9700000000000002,2.3366666666666664,0.4311111111111113,2.66,2.0,2.0,0.0,2.0,0.0,2.0,0.0,5.0,5.0,3.3333333333333335,2.222222222222222,5.0,10.0,10.0,0.0,10.0,0.0,10.0,0.0,0.0,0.0,0.0,0.0,0.0,12.0,17.0,5.0,15.333333333333334,2.222222222222222,17.0,0.0,0.0,0.0,0.0,0.0,0.0,0.0,1.0,1.0,0.6666666666666666,0.4444444444444445,1.0,0.0,0.0,0.0,0.0,0.0,0.0,0.0,0.0,0.0,0.0,0.0,0.0,0.0,1.0,1.0,0.6666666666666666,0.4444444444444445,1.0,19.495,43.015,23.52,35.175000000000004,10.453333333333331,43.015,0.0,1.062,1.062,0.7080000000000001,0.472,1.062,0.0,0.0,0.0,0.0,0.0,0.0,64.0,194.0,130.0,107.33333333333333,57.77777777777777,64.0
mp-680133,CdI2,Cd,Trigonal,P3m1,0.0024481,4.8001960784313725e-05,51,False,48.0,53.0,5.0,51.333333333333336,2.2222222222222214,53.0,70.0,96.0,26.0,87.33333333333333,11.555555555555557,96.0,112.411,126.90447,14.493470000000002,122.07331333333333,6.441542222222225,126.90447,386.85,594.22,207.37,455.97333333333336,92.16444444444444,386.85,12.0,17.0,5.0,15.333333333333334,2.222222222222222,17.0,5.0,5.0,0.0,5.0,0.0,5.0,139.0,144.0,5.0,140.66666666666666,2.222222222222219,139.0,1.69,2.66,0.9700000000000002,2.3366666666666664,0.4311111111111113,2.66,2.0,2.0,0.0,2.0,0.0,2.0,0.0,5.0,5.0,3.3333333333333335,2.222222222222222,5.0,10.0,10.0,0.0,10.0,0.0,10.0,0.0,0.0,0.0,0.0,0.0,0.0,12.0,17.0,5.0,15.333333333333334,2.222222222222222,17.0,0.0,0.0,0.0,0.0,0.0,0.0,0.0,1.0,1.0,0.6666666666666666,0.4444444444444445,1.0,0.0,0.0,0.0,0.0,0.0,0.0,0.0,0.0,0.0,0.0,0.0,0.0,0.0,1.0,1.0,0.6666666666666666,0.4444444444444445,1.0,19.495,43.015,23.52,35.175000000000004,10.453333333333331,43.015,0.0,1.062,1.062,0.7080000000000001,0.472,1.062,0.0,0.0,0.0,0.0,0.0,0.0,64.0,194.0,130.0,107.33333333333333,57.77777777777777,64.0
mp-680144,CdI2,Cd,Trigonal,P3m1,0.0040084,7.032280701754385e-05,57,False,48.0,53.0,5.0,51.333333333333336,2.2222222222222214,53.0,70.0,96.0,26.0,87.33333333333333,11.555555555555557,96.0,112.411,126.90447,14.493470000000002,122.07331333333333,6.441542222222225,126.90447,386.85,594.22,207.37,455.97333333333336,92.16444444444444,386.85,12.0,17.0,5.0,15.333333333333334,2.222222222222222,17.0,5.0,5.0,0.0,5.0,0.0,5.0,139.0,144.0,5.0,140.66666666666666,2.222222222222219,139.0,1.69,2.66,0.9700000000000002,2.3366666666666664,0.4311111111111113,2.66,2.0,2.0,0.0,2.0,0.0,2.0,0.0,5.0,5.0,3.3333333333333335,2.222222222222222,5.0,10.0,10.0,0.0,10.0,0.0,10.0,0.0,0.0,0.0,0.0,0.0,0.0,12.0,17.0,5.0,15.333333333333334,2.222222222222222,17.0,0.0,0.0,0.0,0.0,0.0,0.0,0.0,1.0,1.0,0.6666666666666666,0.4444444444444445,1.0,0.0,0.0,0.0,0.0,0.0,0.0,0.0,0.0,0.0,0.0,0.0,0.0,0.0,1.0,1.0,0.6666666666666666,0.4444444444444445,1.0,19.495,43.015,23.52,35.175000000000004,10.453333333333331,43.015,0.0,1.062,1.062,0.7080000000000001,0.472,1.062,0.0,0.0,0.0,0.0,0.0,0.0,64.0,194.0,130.0,107.33333333333333,57.77777777777777,64.0
mp-680145,CdI2,Cd,Trigonal,P3m1,0.0011659,1.943166666666667e-05,60,False,48.0,53.0,5.0,51.333333333333336,2.2222222222222214,53.0,70.0,96.0,26.0,87.33333333333333,11.555555555555557,96.0,112.411,126.90447,14.493470000000002,122.07331333333333,6.441542222222225,126.90447,386.85,594.22,207.37,455.97333333333336,92.16444444444444,386.85,12.0,17.0,5.0,15.333333333333334,2.222222222222222,17.0,5.0,5.0,0.0,5.0,0.0,5.0,139.0,144.0,5.0,140.66666666666666,2.222222222222219,139.0,1.69,2.66,0.9700000000000002,2.3366666666666664,0.4311111111111113,2.66,2.0,2.0,0.0,2.0,0.0,2.0,0.0,5.0,5.0,3.3333333333333335,2.222222222222222,5.0,10.0,10.0,0.0,10.0,0.0,10.0,0.0,0.0,0.0,0.0,0.0,0.0,12.0,17.0,5.0,15.333333333333334,2.222222222222222,17.0,0.0,0.0,0.0,0.0,0.0,0.0,0.0,1.0,1.0,0.6666666666666666,0.4444444444444445,1.0,0.0,0.0,0.0,0.0,0.0,0.0,0.0,0.0,0.0,0.0,0.0,0.0,0.0,1.0,1.0,0.6666666666666666,0.4444444444444445,1.0,19.495,43.015,23.52,35.175000000000004,10.453333333333331,43.015,0.0,1.062,1.062,0.7080000000000001,0.472,1.062,0.0,0.0,0.0,0.0,0.0,0.0,64.0,194.0,130.0,107.33333333333333,57.77777777777777,64.0
mp-680146,CdI2,Cd,Trigonal,P3m1,0.0039778,6.97859649122807e-05,57,False,48.0,53.0,5.0,51.333333333333336,2.2222222222222214,53.0,70.0,96.0,26.0,87.33333333333333,11.555555555555557,96.0,112.411,126.90447,14.493470000000002,122.07331333333333,6.441542222222225,126.90447,386.85,594.22,207.37,455.97333333333336,92.16444444444444,386.85,12.0,17.0,5.0,15.333333333333334,2.222222222222222,17.0,5.0,5.0,0.0,5.0,0.0,5.0,139.0,144.0,5.0,140.66666666666666,2.222222222222219,139.0,1.69,2.66,0.9700000000000002,2.3366666666666664,0.4311111111111113,2.66,2.0,2.0,0.0,2.0,0.0,2.0,0.0,5.0,5.0,3.3333333333333335,2.222222222222222,5.0,10.0,10.0,0.0,10.0,0.0,10.0,0.0,0.0,0.0,0.0,0.0,0.0,12.0,17.0,5.0,15.333333333333334,2.222222222222222,17.0,0.0,0.0,0.0,0.0,0.0,0.0,0.0,1.0,1.0,0.6666666666666666,0.4444444444444445,1.0,0.0,0.0,0.0,0.0,0.0,0.0,0.0,0.0,0.0,0.0,0.0,0.0,0.0,1.0,1.0,0.6666666666666666,0.4444444444444445,1.0,19.495,43.015,23.52,35.175000000000004,10.453333333333331,43.015,0.0,1.062,1.062,0.7080000000000001,0.472,1.062,0.0,0.0,0.0,0.0,0.0,0.0,64.0,194.0,130.0,107.33333333333333,57.77777777777777,64.0
mp-680148,CdI2,Cd,Trigonal,P3m1,0.0011801,1.9668333333333333e-05,60,False,48.0,53.0,5.0,51.333333333333336,2.2222222222222214,53.0,70.0,96.0,26.0,87.33333333333333,11.555555555555557,96.0,112.411,126.90447,14.493470000000002,122.07331333333333,6.441542222222225,126.90447,386.85,594.22,207.37,455.97333333333336,92.16444444444444,386.85,12.0,17.0,5.0,15.333333333333334,2.222222222222222,17.0,5.0,5.0,0.0,5.0,0.0,5.0,139.0,144.0,5.0,140.66666666666666,2.222222222222219,139.0,1.69,2.66,0.9700000000000002,2.3366666666666664,0.4311111111111113,2.66,2.0,2.0,0.0,2.0,0.0,2.0,0.0,5.0,5.0,3.3333333333333335,2.222222222222222,5.0,10.0,10.0,0.0,10.0,0.0,10.0,0.0,0.0,0.0,0.0,0.0,0.0,12.0,17.0,5.0,15.333333333333334,2.222222222222222,17.0,0.0,0.0,0.0,0.0,0.0,0.0,0.0,1.0,1.0,0.6666666666666666,0.4444444444444445,1.0,0.0,0.0,0.0,0.0,0.0,0.0,0.0,0.0,0.0,0.0,0.0,0.0,0.0,1.0,1.0,0.6666666666666666,0.4444444444444445,1.0,19.495,43.015,23.52,35.175000000000004,10.453333333333331,43.015,0.0,1.062,1.062,0.7080000000000001,0.472,1.062,0.0,0.0,0.0,0.0,0.0,0.0,64.0,194.0,130.0,107.33333333333333,57.77777777777777,64.0
mp-680152,CdI2,Cd,Trigonal,P3m1,0.0063943,0.0001420955555555,45,False,48.0,53.0,5.0,51.333333333333336,2.2222222222222214,53.0,70.0,96.0,26.0,87.33333333333333,11.555555555555557,96.0,112.411,126.90447,14.493470000000002,122.07331333333333,6.441542222222225,126.90447,386.85,594.22,207.37,455.97333333333336,92.16444444444444,386.85,12.0,17.0,5.0,15.333333333333334,2.222222222222222,17.0,5.0,5.0,0.0,5.0,0.0,5.0,139.0,144.0,5.0,140.66666666666666,2.222222222222219,139.0,1.69,2.66,0.9700000000000002,2.3366666666666664,0.4311111111111113,2.66,2.0,2.0,0.0,2.0,0.0,2.0,0.0,5.0,5.0,3.3333333333333335,2.222222222222222,5.0,10.0,10.0,0.0,10.0,0.0,10.0,0.0,0.0,0.0,0.0,0.0,0.0,12.0,17.0,5.0,15.333333333333334,2.222222222222222,17.0,0.0,0.0,0.0,0.0,0.0,0.0,0.0,1.0,1.0,0.6666666666666666,0.4444444444444445,1.0,0.0,0.0,0.0,0.0,0.0,0.0,0.0,0.0,0.0,0.0,0.0,0.0,0.0,1.0,1.0,0.6666666666666666,0.4444444444444445,1.0,19.495,43.015,23.52,35.175000000000004,10.453333333333331,43.015,0.0,1.062,1.062,0.7080000000000001,0.472,1.062,0.0,0.0,0.0,0.0,0.0,0.0,64.0,194.0,130.0,107.33333333333333,57.77777777777777,64.0
mp-680153,CdI2,Cd,Trigonal,P3m1,0.0015596,2.4755555555555555e-05,63,False,48.0,53.0,5.0,51.333333333333336,2.2222222222222214,53.0,70.0,96.0,26.0,87.33333333333333,11.555555555555557,96.0,112.411,126.90447,14.493470000000002,122.07331333333333,6.441542222222225,126.90447,386.85,594.22,207.37,455.97333333333336,92.16444444444444,386.85,12.0,17.0,5.0,15.333333333333334,2.222222222222222,17.0,5.0,5.0,0.0,5.0,0.0,5.0,139.0,144.0,5.0,140.66666666666666,2.222222222222219,139.0,1.69,2.66,0.9700000000000002,2.3366666666666664,0.4311111111111113,2.66,2.0,2.0,0.0,2.0,0.0,2.0,0.0,5.0,5.0,3.3333333333333335,2.222222222222222,5.0,10.0,10.0,0.0,10.0,0.0,10.0,0.0,0.0,0.0,0.0,0.0,0.0,12.0,17.0,5.0,15.333333333333334,2.222222222222222,17.0,0.0,0.0,0.0,0.0,0.0,0.0,0.0,1.0,1.0,0.6666666666666666,0.4444444444444445,1.0,0.0,0.0,0.0,0.0,0.0,0.0,0.0,0.0,0.0,0.0,0.0,0.0,0.0,1.0,1.0,0.6666666666666666,0.4444444444444445,1.0,19.495,43.015,23.52,35.175000000000004,10.453333333333331,43.015,0.0,1.062,1.062,0.7080000000000001,0.472,1.062,0.0,0.0,0.0,0.0,0.0,0.0,64.0,194.0,130.0,107.33333333333333,57.77777777777777,64.0
mp-680163,CdI2,Cd,Trigonal,P3m1,0.0043148,5.753066666666666e-05,75,False,48.0,53.0,5.0,51.333333333333336,2.2222222222222214,53.0,70.0,96.0,26.0,87.33333333333333,11.555555555555557,96.0,112.411,126.90447,14.493470000000002,122.07331333333333,6.441542222222225,126.90447,386.85,594.22,207.37,455.97333333333336,92.16444444444444,386.85,12.0,17.0,5.0,15.333333333333334,2.222222222222222,17.0,5.0,5.0,0.0,5.0,0.0,5.0,139.0,144.0,5.0,140.66666666666666,2.222222222222219,139.0,1.69,2.66,0.9700000000000002,2.3366666666666664,0.4311111111111113,2.66,2.0,2.0,0.0,2.0,0.0,2.0,0.0,5.0,5.0,3.3333333333333335,2.222222222222222,5.0,10.0,10.0,0.0,10.0,0.0,10.0,0.0,0.0,0.0,0.0,0.0,0.0,12.0,17.0,5.0,15.333333333333334,2.222222222222222,17.0,0.0,0.0,0.0,0.0,0.0,0.0,0.0,1.0,1.0,0.6666666666666666,0.4444444444444445,1.0,0.0,0.0,0.0,0.0,0.0,0.0,0.0,0.0,0.0,0.0,0.0,0.0,0.0,1.0,1.0,0.6666666666666666,0.4444444444444445,1.0,19.495,43.015,23.52,35.175000000000004,10.453333333333331,43.015,0.0,1.062,1.062,0.7080000000000001,0.472,1.062,0.0,0.0,0.0,0.0,0.0,0.0,64.0,194.0,130.0,107.33333333333333,57.77777777777777,64.0
mp-680172,CdI2,Cd,Trigonal,P3m1,0.0020417,3.093484848484849e-05,66,False,48.0,53.0,5.0,51.333333333333336,2.2222222222222214,53.0,70.0,96.0,26.0,87.33333333333333,11.555555555555557,96.0,112.411,126.90447,14.493470000000002,122.07331333333333,6.441542222222225,126.90447,386.85,594.22,207.37,455.97333333333336,92.16444444444444,386.85,12.0,17.0,5.0,15.333333333333334,2.222222222222222,17.0,5.0,5.0,0.0,5.0,0.0,5.0,139.0,144.0,5.0,140.66666666666666,2.222222222222219,139.0,1.69,2.66,0.9700000000000002,2.3366666666666664,0.4311111111111113,2.66,2.0,2.0,0.0,2.0,0.0,2.0,0.0,5.0,5.0,3.3333333333333335,2.222222222222222,5.0,10.0,10.0,0.0,10.0,0.0,10.0,0.0,0.0,0.0,0.0,0.0,0.0,12.0,17.0,5.0,15.333333333333334,2.222222222222222,17.0,0.0,0.0,0.0,0.0,0.0,0.0,0.0,1.0,1.0,0.6666666666666666,0.4444444444444445,1.0,0.0,0.0,0.0,0.0,0.0,0.0,0.0,0.0,0.0,0.0,0.0,0.0,0.0,1.0,1.0,0.6666666666666666,0.4444444444444445,1.0,19.495,43.015,23.52,35.175000000000004,10.453333333333331,43.015,0.0,1.062,1.062,0.7080000000000001,0.472,1.062,0.0,0.0,0.0,0.0,0.0,0.0,64.0,194.0,130.0,107.33333333333333,57.77777777777777,64.0
mp-680196,CdI2,Cd,Trigonal,P3m1,0.0022596,2.5972413793103448e-05,87,False,48.0,53.0,5.0,51.333333333333336,2.2222222222222214,53.0,70.0,96.0,26.0,87.33333333333333,11.555555555555557,96.0,112.411,126.90447,14.493470000000002,122.07331333333333,6.441542222222225,126.90447,386.85,594.22,207.37,455.97333333333336,92.16444444444444,386.85,12.0,17.0,5.0,15.333333333333334,2.222222222222222,17.0,5.0,5.0,0.0,5.0,0.0,5.0,139.0,144.0,5.0,140.66666666666666,2.222222222222219,139.0,1.69,2.66,0.9700000000000002,2.3366666666666664,0.4311111111111113,2.66,2.0,2.0,0.0,2.0,0.0,2.0,0.0,5.0,5.0,3.3333333333333335,2.222222222222222,5.0,10.0,10.0,0.0,10.0,0.0,10.0,0.0,0.0,0.0,0.0,0.0,0.0,12.0,17.0,5.0,15.333333333333334,2.222222222222222,17.0,0.0,0.0,0.0,0.0,0.0,0.0,0.0,1.0,1.0,0.6666666666666666,0.4444444444444445,1.0,0.0,0.0,0.0,0.0,0.0,0.0,0.0,0.0,0.0,0.0,0.0,0.0,0.0,1.0,1.0,0.6666666666666666,0.4444444444444445,1.0,19.495,43.015,23.52,35.175000000000004,10.453333333333331,43.015,0.0,1.062,1.062,0.7080000000000001,0.472,1.062,0.0,0.0,0.0,0.0,0.0,0.0,64.0,194.0,130.0,107.33333333333333,57.77777777777777,64.0
mp-680506,PtCl4,Pt,Cubic,Pa-3,1.32e-05,3.3e-07,40,False,17.0,78.0,61.0,29.2,19.52,17.0,63.0,94.0,31.0,87.8,9.920000000000002,94.0,35.453,195.084,159.631,67.3792,51.08192,35.453,171.6,2041.4,1869.8000000000002,545.5600000000001,598.336,171.6,10.0,17.0,7.0,15.6,2.24,17.0,3.0,6.0,3.0,3.6,0.9600000000000002,3.0,102.0,136.0,34.0,108.8,10.879999999999999,102.0,2.28,3.16,0.8800000000000003,2.984,0.2816000000000002,3.16,1.0,2.0,1.0,1.8,0.31999999999999995,2.0,0.0,5.0,5.0,4.0,1.6,5.0,0.0,9.0,9.0,1.8,2.88,0.0,0.0,14.0,14.0,2.8,4.4799999999999995,0.0,7.0,24.0,17.0,10.4,5.44,7.0,0.0,1.0,1.0,0.2,0.32,0.0,0.0,1.0,1.0,0.8,0.31999999999999995,1.0,0.0,1.0,1.0,0.2,0.32,0.0,0.0,0.0,0.0,0.0,0.0,0.0,1.0,2.0,1.0,1.2,0.31999999999999995,1.0,15.02,24.4975,9.4775,22.601999999999997,3.032800000000001,24.4975,0.0,2.493,2.493,1.9944,0.7977599999999999,2.493,0.0,0.0,0.0,0.0,0.0,0.0,64.0,225.0,161.0,96.2,51.52,64.0
mp-684029,CdI2,Cd,Trigonal,P3m1,0.0039868,9.492380952380952e-05,42,False,48.0,53.0,5.0,51.333333333333336,2.2222222222222214,53.0,70.0,96.0,26.0,87.33333333333333,11.555555555555557,96.0,112.411,126.90447,14.493470000000002,122.07331333333333,6.441542222222225,126.90447,386.85,594.22,207.37,455.97333333333336,92.16444444444444,386.85,12.0,17.0,5.0,15.333333333333334,2.222222222222222,17.0,5.0,5.0,0.0,5.0,0.0,5.0,139.0,144.0,5.0,140.66666666666666,2.222222222222219,139.0,1.69,2.66,0.9700000000000002,2.3366666666666664,0.4311111111111113,2.66,2.0,2.0,0.0,2.0,0.0,2.0,0.0,5.0,5.0,3.3333333333333335,2.222222222222222,5.0,10.0,10.0,0.0,10.0,0.0,10.0,0.0,0.0,0.0,0.0,0.0,0.0,12.0,17.0,5.0,15.333333333333334,2.222222222222222,17.0,0.0,0.0,0.0,0.0,0.0,0.0,0.0,1.0,1.0,0.6666666666666666,0.4444444444444445,1.0,0.0,0.0,0.0,0.0,0.0,0.0,0.0,0.0,0.0,0.0,0.0,0.0,0.0,1.0,1.0,0.6666666666666666,0.4444444444444445,1.0,19.495,43.015,23.52,35.175000000000004,10.453333333333331,43.015,0.0,1.062,1.062,0.7080000000000001,0.472,1.062,0.0,0.0,0.0,0.0,0.0,0.0,64.0,194.0,130.0,107.33333333333333,57.77777777777777,64.0
mp-684580,AgI,Ag,Tetragonal,I-4m2,0.0001455,7.275e-05,2,False,47.0,53.0,6.0,50.0,3.0,47.0,65.0,96.0,31.0,80.5,15.5,65.0,107.8682,126.90447,19.036270000000002,117.386335,9.518135000000001,107.8682,386.85,1234.93,848.08,810.8900000000001,424.04,386.85,11.0,17.0,6.0,14.0,3.0,11.0,5.0,5.0,0.0,5.0,0.0,5.0,139.0,145.0,6.0,142.0,3.0,139.0,1.93,2.66,0.7300000000000002,2.295,0.3650000000000001,1.93,1.0,2.0,1.0,1.5,0.5,1.0,0.0,5.0,5.0,2.5,2.5,0.0,10.0,10.0,0.0,10.0,0.0,10.0,0.0,0.0,0.0,0.0,0.0,0.0,11.0,17.0,6.0,14.0,3.0,11.0,0.0,1.0,1.0,0.5,0.5,0.0,0.0,1.0,1.0,0.5,0.5,0.0,0.0,0.0,0.0,0.0,0.0,0.0,0.0,0.0,0.0,0.0,0.0,0.0,1.0,1.0,0.0,1.0,0.0,1.0,16.33,43.015,26.685000000000002,29.6725,13.342500000000001,16.33,0.0,1.062,1.062,0.531,0.531,0.0,0.0,0.0,0.0,0.0,0.0,0.0,64.0,225.0,161.0,144.5,80.5,64.0
mp-684621,Cu13I15,Cu,Monoclinic,Cm,0.0693324,0.0024761571428571,28,True,29.0,53.0,24.0,41.857142857142854,11.938775510204083,53.0,64.0,96.0,32.0,81.14285714285714,15.918367346938776,96.0,63.546,126.90447,63.358470000000004,97.4880375,31.517606250000004,126.90447,386.85,1357.77,970.92,837.6342857142856,482.98316326530613,386.85,11.0,17.0,6.0,14.214285714285714,2.984693877551021,17.0,4.0,5.0,1.0,4.535714285714286,0.49744897959183676,5.0,132.0,139.0,7.0,135.75,3.482142857142857,139.0,1.9,2.66,0.7600000000000002,2.3071428571428574,0.378061224489796,2.66,1.0,2.0,1.0,1.5357142857142858,0.4974489795918367,2.0,0.0,5.0,5.0,2.6785714285714284,2.4872448979591835,5.0,10.0,10.0,0.0,10.0,0.0,10.0,0.0,0.0,0.0,0.0,0.0,0.0,11.0,17.0,6.0,14.214285714285714,2.984693877551021,17.0,0.0,1.0,1.0,0.4642857142857143,0.49744897959183676,0.0,0.0,1.0,1.0,0.5357142857142857,0.49744897959183676,1.0,0.0,0.0,0.0,0.0,0.0,0.0,0.0,0.0,0.0,0.0,0.0,0.0,1.0,1.0,0.0,1.0,0.0,1.0,11.07,43.015,31.945,28.183392857142856,15.891007653061225,43.015,0.0,1.062,1.062,0.5689285714285715,0.5282908163265306,1.062,0.0,0.0,0.0,0.0,0.0,0.0,64.0,225.0,161.0,138.75,80.08928571428571,64.0
mp-684640,MoCl3,Mo,Trigonal,P-31c,24.0004399,0.750013746875,32,False,17.0,42.0,25.0,23.25,9.375,17.0,50.0,94.0,44.0,83.0,16.5,94.0,35.453,95.96,60.50699999999999,50.579750000000004,22.690125,35.453,171.6,2896.0,2724.4,852.7,1021.6500000000001,171.6,6.0,17.0,11.0,14.25,4.125,17.0,3.0,5.0,2.0,3.5,0.75,3.0,102.0,154.0,52.0,115.0,19.5,102.0,2.16,3.16,1.0,2.91,0.375,3.16,1.0,2.0,1.0,1.75,0.375,2.0,0.0,5.0,5.0,3.75,1.875,5.0,0.0,5.0,5.0,1.25,1.875,0.0,0.0,0.0,0.0,0.0,0.0,0.0,6.0,7.0,1.0,6.75,0.375,7.0,0.0,1.0,1.0,0.25,0.375,0.0,0.0,1.0,1.0,0.75,0.375,1.0,0.0,5.0,5.0,1.25,1.875,0.0,0.0,0.0,0.0,0.0,0.0,0.0,1.0,6.0,5.0,2.25,1.875,1.0,15.69,24.4975,8.8075,22.295624999999998,3.3028125000000004,24.4975,0.0,2.493,2.493,1.8697499999999998,0.934875,2.493,0.0,0.0,0.0,0.0,0.0,0.0,64.0,229.0,165.0,105.25,61.875,64.0
mp-684670,PtCl2,Pt,Triclinic,P-1,0.0003634,6.056666666666666e-05,6,False,17.0,78.0,61.0,37.333333333333336,27.111111111111114,17.0,63.0,94.0,31.0,83.66666666666667,13.777777777777777,94.0,35.453,195.084,159.631,88.66333333333334,70.94711111111111,35.453,171.6,2041.4,1869.8000000000002,794.8666666666667,831.0222222222222,171.6,10.0,17.0,7.0,14.666666666666666,3.111111111111111,17.0,3.0,6.0,3.0,4.0,1.3333333333333333,3.0,102.0,136.0,34.0,113.33333333333333,15.111111111111109,102.0,2.28,3.16,0.8800000000000003,2.8666666666666667,0.39111111111111124,3.16,1.0,2.0,1.0,1.6666666666666667,0.4444444444444444,2.0,0.0,5.0,5.0,3.3333333333333335,2.222222222222222,5.0,0.0,9.0,9.0,3.0,4.0,0.0,0.0,14.0,14.0,4.666666666666667,6.222222222222221,0.0,7.0,24.0,17.0,12.666666666666666,7.5555555555555545,7.0,0.0,1.0,1.0,0.3333333333333333,0.4444444444444445,0.0,0.0,1.0,1.0,0.6666666666666666,0.4444444444444445,1.0,0.0,1.0,1.0,0.3333333333333333,0.4444444444444445,0.0,0.0,0.0,0.0,0.0,0.0,0.0,1.0,2.0,1.0,1.3333333333333333,0.4444444444444444,1.0,15.02,24.4975,9.4775,21.338333333333335,4.212222222222221,24.4975,0.0,2.493,2.493,1.662,1.1079999999999999,2.493,0.0,0.0,0.0,0.0,0.0,0.0,64.0,225.0,161.0,117.66666666666667,71.55555555555556,64.0
mp-684985,Zr5I18,Zr,Triclinic,P-1,0.3528435,0.0051136739130434,69,False,40.0,53.0,13.0,50.17391304347826,4.423440453686203,53.0,44.0,96.0,52.0,84.69565217391305,17.6937618147448,96.0,91.224,126.90447,35.68047,119.14784608695652,12.14080264650284,126.90447,386.85,2128.0,1741.15,765.3608695652174,592.4517958412098,386.85,4.0,17.0,13.0,14.173913043478262,4.4234404536862,17.0,5.0,5.0,0.0,5.0,0.0,5.0,139.0,175.0,36.0,146.82608695652175,12.249527410207945,139.0,1.33,2.66,1.33,2.3708695652173915,0.4525519848771267,2.66,2.0,2.0,0.0,2.0,0.0,2.0,0.0,5.0,5.0,3.9130434782608696,1.7013232514177694,5.0,2.0,10.0,8.0,8.26086956521739,2.7221172022684312,10.0,0.0,0.0,0.0,0.0,0.0,0.0,4.0,17.0,13.0,14.173913043478262,4.4234404536862,17.0,0.0,0.0,0.0,0.0,0.0,0.0,0.0,1.0,1.0,0.782608695652174,0.34026465028355385,1.0,0.0,8.0,8.0,1.7391304347826086,2.7221172022684312,0.0,0.0,0.0,0.0,0.0,0.0,0.0,1.0,8.0,7.0,2.5217391304347827,2.381852551984877,1.0,23.195,43.015,19.82,38.706304347826084,6.74404536862004,43.015,0.0,1.062,1.062,0.8311304347826087,0.36136105860113427,1.062,0.0,0.0,0.0,0.0,0.0,0.0,64.0,194.0,130.0,92.26086956521739,44.234404536862,64.0
mp-685088,Sc12I25,Sc,Triclinic,P-1,0.2796232,0.0037786918918918,74,True,21.0,53.0,32.0,42.62162162162162,14.02483564645727,53.0,11.0,96.0,85.0,68.43243243243244,37.25346968590212,96.0,44.955912,126.90447,81.948558,100.3265592972973,35.91609554419285,126.90447,386.85,1814.0,1427.15,849.7094594594595,625.4857560262966,386.85,3.0,17.0,14.0,12.45945945945946,6.135865595325055,17.0,4.0,5.0,1.0,4.675675675675675,0.43827611395178967,5.0,139.0,170.0,31.0,149.05405405405406,13.58655953250548,139.0,1.36,2.66,1.3,2.2383783783783784,0.5697589481373266,2.66,2.0,2.0,0.0,2.0,0.0,2.0,0.0,5.0,5.0,3.3783783783783785,2.191380569758948,5.0,1.0,10.0,9.0,7.081081081081081,3.9444850255661064,10.0,0.0,0.0,0.0,0.0,0.0,0.0,3.0,17.0,14.0,12.45945945945946,6.135865595325055,17.0,0.0,0.0,0.0,0.0,0.0,0.0,0.0,1.0,1.0,0.6756756756756757,0.43827611395178967,1.0,0.0,9.0,9.0,2.918918918918919,3.9444850255661064,0.0,0.0,0.0,0.0,0.0,0.0,0.0,1.0,9.0,8.0,3.5945945945945947,3.5062089116143174,1.0,22.235,43.015,20.78,36.27554054054054,9.10737764791819,43.015,0.0,1.062,1.062,0.7175675675675676,0.46544923301680063,1.062,0.0,6.35e-06,6.35e-06,2.05945945945946e-06,2.783053323593864e-06,0.0,64.0,194.0,130.0,106.16216216216216,56.97589481373266,64.0
mp-685100,Cu14I19,Cu,Monoclinic,Cm,2.4610494,0.0745772545454545,33,False,29.0,53.0,24.0,42.81818181818182,11.724517906336088,53.0,64.0,96.0,32.0,82.42424242424242,15.63269054178145,96.0,63.546,126.90447,63.358470000000004,100.02511909090909,30.951979834710748,126.90447,386.85,1357.77,970.92,798.7554545454545,474.31537190082645,386.85,11.0,17.0,6.0,14.454545454545455,2.931129476584022,17.0,4.0,5.0,1.0,4.575757575757576,0.4885215794306702,5.0,132.0,139.0,7.0,136.03030303030303,3.4196510560146924,139.0,1.9,2.66,0.7600000000000002,2.3375757575757574,0.37127640036730963,2.66,1.0,2.0,1.0,1.5757575757575757,0.4885215794306703,2.0,0.0,5.0,5.0,2.878787878787879,2.4426078971533514,5.0,10.0,10.0,0.0,10.0,0.0,10.0,0.0,0.0,0.0,0.0,0.0,0.0,11.0,17.0,6.0,14.454545454545455,2.931129476584022,17.0,0.0,1.0,1.0,0.42424242424242425,0.4885215794306702,0.0,0.0,1.0,1.0,0.5757575757575758,0.4885215794306703,1.0,0.0,0.0,0.0,0.0,0.0,0.0,0.0,0.0,0.0,0.0,0.0,0.0,1.0,1.0,0.0,1.0,0.0,1.0,11.07,43.015,31.945,29.462575757575756,15.605821854912763,43.015,0.0,1.062,1.062,0.6114545454545455,0.5188099173553719,1.062,0.0,0.0,0.0,0.0,0.0,0.0,64.0,225.0,161.0,132.3030303030303,78.65197428833793,64.0
mp-685155,ZrCl3,Zr,Trigonal,R-3,1.9976984,0.2497123,8,False,17.0,40.0,23.0,22.75,8.625,17.0,44.0,94.0,50.0,81.5,18.75,94.0,35.453,91.224,55.771,49.39575000000001,20.914125000000002,35.453,171.6,2128.0,1956.4,660.7,733.6500000000001,171.6,4.0,17.0,13.0,13.75,4.875,17.0,3.0,5.0,2.0,3.5,0.75,3.0,102.0,175.0,73.0,120.25,27.375,102.0,1.33,3.16,1.83,2.7025,0.68625,3.16,2.0,2.0,0.0,2.0,0.0,2.0,0.0,5.0,5.0,3.75,1.875,5.0,0.0,2.0,2.0,0.5,0.75,0.0,0.0,0.0,0.0,0.0,0.0,0.0,4.0,7.0,3.0,6.25,1.125,7.0,0.0,0.0,0.0,0.0,0.0,0.0,0.0,1.0,1.0,0.75,0.375,1.0,0.0,8.0,8.0,2.0,3.0,0.0,0.0,0.0,0.0,0.0,0.0,0.0,1.0,8.0,7.0,2.75,2.625,1.0,23.195,24.4975,1.3024999999999984,24.171875,0.48843749999999897,24.4975,0.0,2.493,2.493,1.8697499999999998,0.934875,2.493,0.0,0.0,0.0,0.0,0.0,0.0,64.0,194.0,130.0,96.5,48.75,64.0
mp-685158,Cu16I19,Cu,Monoclinic,Cm,0.02781,0.0007945714285714,35,False,29.0,53.0,24.0,42.02857142857143,11.911836734693878,53.0,64.0,96.0,32.0,81.37142857142857,15.882448979591839,96.0,63.546,126.90447,63.358470000000004,97.940598,31.446489600000003,126.90447,386.85,1357.77,970.92,830.6991428571429,481.8933551020408,386.85,11.0,17.0,6.0,14.257142857142858,2.9779591836734696,17.0,4.0,5.0,1.0,4.542857142857143,0.49632653061224496,5.0,132.0,139.0,7.0,135.8,3.4742857142857133,139.0,1.9,2.66,0.7600000000000002,2.3125714285714287,0.37720816326530626,2.66,1.0,2.0,1.0,1.542857142857143,0.49632653061224496,2.0,0.0,5.0,5.0,2.7142857142857144,2.4816326530612245,5.0,10.0,10.0,0.0,10.0,0.0,10.0,0.0,0.0,0.0,0.0,0.0,0.0,11.0,17.0,6.0,14.257142857142858,2.9779591836734696,17.0,0.0,1.0,1.0,0.45714285714285713,0.49632653061224496,0.0,0.0,1.0,1.0,0.5428571428571428,0.49632653061224496,1.0,0.0,0.0,0.0,0.0,0.0,0.0,0.0,0.0,0.0,0.0,0.0,0.0,1.0,1.0,0.0,1.0,0.0,1.0,11.07,43.015,31.945,28.411571428571428,15.855151020408162,43.015,0.0,1.062,1.062,0.5765142857142858,0.5270987755102041,1.062,0.0,0.0,0.0,0.0,0.0,0.0,64.0,225.0,161.0,137.6,79.90857142857143,64.0
mp-695817,ScF3,Sc,Orthorhombic,C222,5.2e-06,1.3e-06,4,False,9.0,21.0,12.0,12.0,4.5,9.0,11.0,93.0,82.0,72.5,30.75,93.0,18.9984032,44.955912,25.9575088,25.4877804,9.7340658,18.9984032,53.5,1814.0,1760.5,493.625,660.1875,53.5,3.0,17.0,14.0,13.5,5.25,17.0,2.0,4.0,2.0,2.5,0.75,2.0,57.0,170.0,113.0,85.25,42.375,57.0,1.36,3.98,2.62,3.3249999999999997,0.9825000000000002,3.98,2.0,2.0,0.0,2.0,0.0,2.0,0.0,5.0,5.0,3.75,1.875,5.0,0.0,1.0,1.0,0.25,0.375,0.0,0.0,0.0,0.0,0.0,0.0,0.0,3.0,7.0,4.0,6.0,1.5,7.0,0.0,0.0,0.0,0.0,0.0,0.0,0.0,1.0,1.0,0.75,0.375,1.0,0.0,9.0,9.0,2.25,3.375,0.0,0.0,0.0,0.0,0.0,0.0,0.0,1.0,9.0,8.0,3.0,3.0,1.0,9.7075,22.235,12.5275,12.839375,4.6978125,9.7075,0.0,1.97,1.97,1.4775,0.73875,1.97,0.0,6.35e-06,6.35e-06,1.5875e-06,2.3812500000000003e-06,0.0,15.0,194.0,179.0,59.75,67.125,15.0
mp-695850,CdCl2,Cd,Monoclinic,C2/m,0.0,0.0,3,False,17.0,48.0,31.0,27.333333333333332,13.777777777777777,17.0,70.0,94.0,24.0,86.0,10.666666666666666,94.0,35.453,112.411,76.958,61.10566666666667,34.20355555555556,35.453,171.6,594.22,422.62,312.47333333333336,187.8311111111111,171.6,12.0,17.0,5.0,15.333333333333334,2.222222222222222,17.0,3.0,5.0,2.0,3.6666666666666665,0.8888888888888888,3.0,102.0,144.0,42.0,116.0,18.666666666666668,102.0,1.69,3.16,1.4700000000000002,2.67,0.6533333333333334,3.16,2.0,2.0,0.0,2.0,0.0,2.0,0.0,5.0,5.0,3.3333333333333335,2.222222222222222,5.0,0.0,10.0,10.0,3.3333333333333335,4.444444444444444,0.0,0.0,0.0,0.0,0.0,0.0,0.0,7.0,12.0,5.0,8.666666666666666,2.222222222222222,7.0,0.0,0.0,0.0,0.0,0.0,0.0,0.0,1.0,1.0,0.6666666666666666,0.4444444444444445,1.0,0.0,0.0,0.0,0.0,0.0,0.0,0.0,0.0,0.0,0.0,0.0,0.0,0.0,1.0,1.0,0.6666666666666666,0.4444444444444445,1.0,19.495,24.4975,5.002499999999998,22.83,2.2233333333333327,24.4975,0.0,2.493,2.493,1.662,1.1079999999999999,2.493,0.0,0.0,0.0,0.0,0.0,0.0,64.0,194.0,130.0,107.33333333333333,57.77777777777777,64.0
mp-696114,CoCl2,Co,Trigonal,P-3m1,2.9999999,0.9999999666666668,3,False,17.0,27.0,10.0,20.333333333333332,4.444444444444444,17.0,58.0,94.0,36.0,82.0,16.0,94.0,35.453,58.933195,23.480194999999995,43.27973166666667,10.43564222222222,35.453,171.6,1768.0,1596.4,703.7333333333332,709.5111111111111,171.6,9.0,17.0,8.0,14.333333333333334,3.5555555555555554,17.0,3.0,4.0,1.0,3.3333333333333335,0.4444444444444445,3.0,102.0,126.0,24.0,110.0,10.666666666666666,102.0,1.88,3.16,1.2800000000000002,2.733333333333333,0.5688888888888891,3.16,2.0,2.0,0.0,2.0,0.0,2.0,0.0,5.0,5.0,3.3333333333333335,2.222222222222222,5.0,0.0,7.0,7.0,2.3333333333333335,3.1111111111111107,0.0,0.0,0.0,0.0,0.0,0.0,0.0,7.0,9.0,2.0,7.666666666666667,0.888888888888889,7.0,0.0,0.0,0.0,0.0,0.0,0.0,0.0,1.0,1.0,0.6666666666666666,0.4444444444444445,1.0,0.0,3.0,3.0,1.0,1.3333333333333333,0.0,0.0,0.0,0.0,0.0,0.0,0.0,1.0,3.0,2.0,1.6666666666666667,0.888888888888889,1.0,10.245,24.4975,14.2525,19.746666666666666,6.334444444444443,24.4975,0.0,2.493,2.493,1.662,1.1079999999999999,2.493,0.0,1.5484712,1.5484712,0.5161570666666667,0.6882094222222221,0.0,64.0,194.0,130.0,107.33333333333333,57.77777777777777,64.0
mp-703595,Cd13I28,Cd,Trigonal,P3m1,2.1511888,0.0524680195121951,41,False,48.0,53.0,5.0,51.41463414634146,2.165377751338489,53.0,70.0,96.0,26.0,87.7560975609756,11.259964306960144,96.0,112.411,126.90447,14.493470000000002,122.30897951219512,6.276767495538371,126.90447,386.85,594.22,207.37,452.6014634146342,89.80687685901252,386.85,12.0,17.0,5.0,15.414634146341463,2.165377751338489,17.0,5.0,5.0,0.0,5.0,0.0,5.0,139.0,144.0,5.0,140.58536585365854,2.1653777513384918,139.0,1.69,2.66,0.9700000000000002,2.352439024390244,0.4200832837596669,2.66,2.0,2.0,0.0,2.0,0.0,2.0,0.0,5.0,5.0,3.4146341463414633,2.165377751338489,5.0,10.0,10.0,0.0,10.0,0.0,10.0,0.0,0.0,0.0,0.0,0.0,0.0,12.0,17.0,5.0,15.414634146341463,2.165377751338489,17.0,0.0,0.0,0.0,0.0,0.0,0.0,0.0,1.0,1.0,0.6829268292682927,0.43307555026769784,1.0,0.0,0.0,0.0,0.0,0.0,0.0,0.0,0.0,0.0,0.0,0.0,0.0,0.0,1.0,1.0,0.6829268292682927,0.43307555026769784,1.0,19.495,43.015,23.52,35.55743902439024,10.185936942296252,43.015,0.0,1.062,1.062,0.7252682926829268,0.4599262343842951,1.062,0.0,0.0,0.0,0.0,0.0,0.0,64.0,194.0,130.0,105.21951219512195,56.29982153480071,64.0
mp-704718,Pt3I8,Pt,Tetragonal,P4_32_12,0.0001219,2.770454545454545e-06,44,False,53.0,78.0,25.0,59.81818181818182,9.917355371900827,53.0,63.0,96.0,33.0,87.0,13.090909090909092,96.0,126.90447,195.084,68.17953,145.49888727272727,27.046425123966937,126.90447,386.85,2041.4,1654.5500000000002,838.0909090909091,656.3504132231405,386.85,10.0,17.0,7.0,15.090909090909092,2.776859504132231,17.0,5.0,6.0,1.0,5.2727272727272725,0.39669421487603296,5.0,136.0,139.0,3.0,138.1818181818182,1.1900826446280968,139.0,2.28,2.66,0.38000000000000034,2.5563636363636366,0.1507438016528926,2.66,1.0,2.0,1.0,1.7272727272727273,0.396694214876033,2.0,0.0,5.0,5.0,3.6363636363636362,1.9834710743801656,5.0,9.0,10.0,1.0,9.727272727272727,0.39669421487603335,10.0,0.0,14.0,14.0,3.8181818181818183,5.553719008264463,0.0,17.0,24.0,7.0,18.90909090909091,2.776859504132232,17.0,0.0,1.0,1.0,0.2727272727272727,0.396694214876033,0.0,0.0,1.0,1.0,0.7272727272727273,0.396694214876033,1.0,0.0,1.0,1.0,0.2727272727272727,0.396694214876033,0.0,0.0,0.0,0.0,0.0,0.0,0.0,1.0,2.0,1.0,1.2727272727272727,0.396694214876033,1.0,15.02,43.015,27.995,35.38,11.105454545454545,43.015,0.0,1.062,1.062,0.7723636363636364,0.4212892561983472,1.062,0.0,0.0,0.0,0.0,0.0,0.0,64.0,225.0,161.0,107.9090909090909,63.86776859504132,64.0
mp-705480,MnF4,Mn,Trigonal,R-3c,18.0003313,0.6000110433333333,30,False,9.0,25.0,16.0,12.2,5.119999999999999,9.0,52.0,93.0,41.0,84.8,13.120000000000001,93.0,18.9984032,54.938045,35.939641800000004,26.186331559999996,11.500685375999998,18.9984032,53.5,1519.0,1465.5,346.6,468.96000000000004,53.5,7.0,17.0,10.0,15.0,3.2,17.0,2.0,4.0,2.0,2.4,0.6399999999999999,2.0,57.0,139.0,82.0,73.4,26.240000000000002,57.0,1.55,3.98,2.4299999999999997,3.4939999999999998,0.7776000000000002,3.98,2.0,2.0,0.0,2.0,0.0,2.0,0.0,5.0,5.0,4.0,1.6,5.0,0.0,5.0,5.0,1.0,1.6,0.0,0.0,0.0,0.0,0.0,0.0,0.0,7.0,7.0,0.0,7.0,0.0,7.0,0.0,0.0,0.0,0.0,0.0,0.0,0.0,1.0,1.0,0.8,0.31999999999999995,1.0,0.0,5.0,5.0,1.0,1.6,0.0,0.0,0.0,0.0,0.0,0.0,0.0,1.0,5.0,4.0,1.8,1.28,1.0,9.7075,10.4875862069,0.7800862069000001,9.863517241379999,0.24962758620799938,9.7075,0.0,1.97,1.97,1.576,0.6304,1.97,0.0,0.000310120689655,0.000310120689655,6.2024137931e-05,9.923862068959999e-05,0.0,15.0,217.0,202.0,55.4,64.64,15.0
mp-706,HgF,Hg,Tetragonal,I4/mmm,0.0,0.0,4,True,9.0,80.0,71.0,44.5,35.5,9.0,71.0,93.0,22.0,82.0,11.0,71.0,18.9984032,200.59,181.5915968,109.79420160000001,90.7957984,18.9984032,53.5,234.32,180.82,143.91,90.41,53.5,12.0,17.0,5.0,14.5,2.5,12.0,2.0,6.0,4.0,4.0,2.0,2.0,57.0,132.0,75.0,94.5,37.5,57.0,2.0,3.98,1.98,2.99,0.99,2.0,2.0,2.0,0.0,2.0,0.0,2.0,0.0,5.0,5.0,2.5,2.5,0.0,0.0,10.0,10.0,5.0,5.0,0.0,0.0,14.0,14.0,7.0,7.0,0.0,7.0,26.0,19.0,16.5,9.5,7.0,0.0,0.0,0.0,0.0,0.0,0.0,0.0,1.0,1.0,0.5,0.5,0.0,0.0,0.0,0.0,0.0,0.0,0.0,0.0,0.0,0.0,0.0,0.0,0.0,0.0,1.0,1.0,0.5,0.5,0.0,9.7075,25.2375862069,15.530086206900002,17.47254310345,7.765043103450001,9.7075,0.0,1.97,1.97,0.985,0.985,0.0,0.0,0.0,0.0,0.0,0.0,0.0,15.0,166.0,151.0,90.5,75.5,15.0
mp-726265,AgCl,Ag,Cubic,Pm-3m,0.0001168,5.84e-05,2,False,17.0,47.0,30.0,32.0,15.0,17.0,65.0,94.0,29.0,79.5,14.5,65.0,35.453,107.8682,72.4152,71.6606,36.2076,35.453,171.6,1234.93,1063.3300000000002,703.265,531.665,171.6,11.0,17.0,6.0,14.0,3.0,11.0,3.0,5.0,2.0,4.0,1.0,3.0,102.0,145.0,43.0,123.5,21.5,102.0,1.93,3.16,1.2300000000000002,2.545,0.6150000000000001,1.93,1.0,2.0,1.0,1.5,0.5,1.0,0.0,5.0,5.0,2.5,2.5,0.0,0.0,10.0,10.0,5.0,5.0,0.0,0.0,0.0,0.0,0.0,0.0,0.0,7.0,11.0,4.0,9.0,2.0,7.0,0.0,1.0,1.0,0.5,0.5,0.0,0.0,1.0,1.0,0.5,0.5,0.0,0.0,0.0,0.0,0.0,0.0,0.0,0.0,0.0,0.0,0.0,0.0,0.0,1.0,1.0,0.0,1.0,0.0,1.0,16.33,24.4975,8.1675,20.41375,4.08375,16.33,0.0,2.493,2.493,1.2465,1.2465,0.0,0.0,0.0,0.0,0.0,0.0,0.0,64.0,225.0,161.0,144.5,80.5,64.0
mp-727406,TaCl3,Ta,Cubic,Fd-3m,4.0561204,0.0845025083333333,48,False,17.0,73.0,56.0,31.0,21.0,17.0,48.0,94.0,46.0,82.5,17.25,94.0,35.453,180.94788,145.49488,71.82672,54.560579999999995,35.453,171.6,3290.0,3118.4,951.2,1169.4,171.6,5.0,17.0,12.0,14.0,4.5,17.0,3.0,6.0,3.0,3.75,1.125,3.0,102.0,170.0,68.0,119.0,25.5,102.0,1.5,3.16,1.6600000000000001,2.745,0.6225,3.16,2.0,2.0,0.0,2.0,0.0,2.0,0.0,5.0,5.0,3.75,1.875,5.0,0.0,3.0,3.0,0.75,1.125,0.0,0.0,14.0,14.0,3.5,5.25,0.0,7.0,19.0,12.0,10.0,4.5,7.0,0.0,0.0,0.0,0.0,0.0,0.0,0.0,1.0,1.0,0.75,0.375,1.0,0.0,7.0,7.0,1.75,2.625,0.0,0.0,0.0,0.0,0.0,0.0,0.0,1.0,7.0,6.0,2.5,2.25,1.0,18.12,24.4975,6.377499999999998,22.903125,2.391562499999999,24.4975,0.0,2.493,2.493,1.8697499999999998,0.934875,2.493,0.0,0.0,0.0,0.0,0.0,0.0,64.0,229.0,165.0,105.25,61.875,64.0
mp-729507,IrCl3,Ir,Monoclinic,C2,0.0006678,4.17375e-05,16,False,17.0,77.0,60.0,32.0,22.5,17.0,60.0,94.0,34.0,85.5,12.75,94.0,35.453,192.217,156.764,74.644,58.786500000000004,35.453,171.6,2739.0,2567.4,813.45,962.7750000000001,171.6,9.0,17.0,8.0,15.0,3.0,17.0,3.0,6.0,3.0,3.75,1.125,3.0,102.0,141.0,39.0,111.75,14.625,102.0,2.2,3.16,0.96,2.92,0.3600000000000001,3.16,2.0,2.0,0.0,2.0,0.0,2.0,0.0,5.0,5.0,3.75,1.875,5.0,0.0,7.0,7.0,1.75,2.625,0.0,0.0,14.0,14.0,3.5,5.25,0.0,7.0,23.0,16.0,11.0,6.0,7.0,0.0,0.0,0.0,0.0,0.0,0.0,0.0,1.0,1.0,0.75,0.375,1.0,0.0,3.0,3.0,0.75,1.125,0.0,0.0,0.0,0.0,0.0,0.0,0.0,1.0,3.0,2.0,1.5,0.75,1.0,14.21,24.4975,10.287499999999998,21.925624999999997,3.8578125000000005,24.4975,0.0,2.493,2.493,1.8697499999999998,0.934875,2.493,0.0,0.0,0.0,0.0,0.0,0.0,64.0,225.0,161.0,104.25,60.375,64.0
mp-752600,VF5,V,Monoclinic,Cc,0.0021001,0.0001750083333333,12,False,9.0,23.0,14.0,11.333333333333334,3.8888888888888893,9.0,46.0,93.0,47.0,85.16666666666667,13.055555555555552,93.0,18.9984032,50.9415,31.9430968,24.322252666666667,8.873082444444446,18.9984032,53.5,2183.0,2129.5,408.4166666666667,591.5277777777778,53.5,5.0,17.0,12.0,15.0,3.3333333333333335,17.0,2.0,4.0,2.0,2.3333333333333335,0.5555555555555557,2.0,57.0,153.0,96.0,73.0,26.666666666666668,57.0,1.63,3.98,2.35,3.588333333333333,0.652777777777778,3.98,2.0,2.0,0.0,2.0,0.0,2.0,0.0,5.0,5.0,4.166666666666667,1.3888888888888886,5.0,0.0,3.0,3.0,0.5,0.8333333333333334,0.0,0.0,0.0,0.0,0.0,0.0,0.0,5.0,7.0,2.0,6.666666666666667,0.5555555555555554,7.0,0.0,0.0,0.0,0.0,0.0,0.0,0.0,1.0,1.0,0.8333333333333334,0.27777777777777773,1.0,0.0,7.0,7.0,1.1666666666666667,1.9444444444444446,0.0,0.0,0.0,0.0,0.0,0.0,0.0,1.0,7.0,6.0,2.0,1.6666666666666667,1.0,9.7075,13.01,3.3025,10.257916666666665,0.9173611111111102,9.7075,0.0,1.97,1.97,1.6416666666666666,0.5472222222222222,1.97,0.0,0.0,0.0,0.0,0.0,0.0,15.0,229.0,214.0,50.666666666666664,59.444444444444436,15.0
mp-752616,Mn3F8,Mn,Monoclinic,Cc,26.0052167,1.1820553045454545,22,False,9.0,25.0,16.0,13.363636363636363,6.347107438016528,9.0,52.0,93.0,41.0,81.81818181818181,16.264462809917358,93.0,18.9984032,54.938045,35.939641800000004,28.800123690909093,14.257047986776861,18.9984032,53.5,1519.0,1465.5,453.1818181818182,581.3553719008264,53.5,7.0,17.0,10.0,14.272727272727273,3.9669421487603302,17.0,2.0,4.0,2.0,2.5454545454545454,0.793388429752066,2.0,57.0,139.0,82.0,79.36363636363636,32.52892561983471,57.0,1.55,3.98,2.4299999999999997,3.3172727272727274,0.9639669421487601,3.98,2.0,2.0,0.0,2.0,0.0,2.0,0.0,5.0,5.0,3.6363636363636362,1.9834710743801656,5.0,0.0,5.0,5.0,1.3636363636363635,1.9834710743801656,0.0,0.0,0.0,0.0,0.0,0.0,0.0,7.0,7.0,0.0,7.0,0.0,7.0,0.0,0.0,0.0,0.0,0.0,0.0,0.0,1.0,1.0,0.7272727272727273,0.396694214876033,1.0,0.0,5.0,5.0,1.3636363636363635,1.9834710743801656,0.0,0.0,0.0,0.0,0.0,0.0,0.0,1.0,5.0,4.0,2.090909090909091,1.586776859504132,1.0,9.7075,10.4875862069,0.7800862069000001,9.9202507837,0.3094556853818185,9.7075,0.0,1.97,1.97,1.4327272727272726,0.7814876033057853,1.97,0.0,0.000310120689655,0.000310120689655,8.457836990590909e-05,0.0001230230834995041,0.0,15.0,217.0,202.0,70.0909090909091,80.13223140495869,15.0
mp-752887,VF4,V,Orthorhombic,Pbam,2.0000004,0.20000004,10,False,9.0,23.0,14.0,11.8,4.48,9.0,46.0,93.0,47.0,83.6,15.040000000000003,93.0,18.9984032,50.9415,31.9430968,25.38702256,10.221790976,18.9984032,53.5,2183.0,2129.5,479.4,681.4399999999999,53.5,5.0,17.0,12.0,14.6,3.8400000000000007,17.0,2.0,4.0,2.0,2.4,0.6399999999999999,2.0,57.0,153.0,96.0,76.2,30.720000000000006,57.0,1.63,3.98,2.35,3.5100000000000002,0.7519999999999999,3.98,2.0,2.0,0.0,2.0,0.0,2.0,0.0,5.0,5.0,4.0,1.6,5.0,0.0,3.0,3.0,0.6,0.96,0.0,0.0,0.0,0.0,0.0,0.0,0.0,5.0,7.0,2.0,6.6,0.6400000000000002,7.0,0.0,0.0,0.0,0.0,0.0,0.0,0.0,1.0,1.0,0.8,0.31999999999999995,1.0,0.0,7.0,7.0,1.4,2.2399999999999998,0.0,0.0,0.0,0.0,0.0,0.0,0.0,1.0,7.0,6.0,2.2,1.9200000000000004,1.0,9.7075,13.01,3.3025,10.367999999999999,1.0567999999999995,9.7075,0.0,1.97,1.97,1.576,0.6304,1.97,0.0,0.0,0.0,0.0,0.0,0.0,15.0,229.0,214.0,57.8,68.47999999999999,15.0
mp-752907,VF5,V,Monoclinic,P2_1,0.0,0.0,24,False,9.0,23.0,14.0,11.333333333333334,3.8888888888888893,9.0,46.0,93.0,47.0,85.16666666666667,13.055555555555552,93.0,18.9984032,50.9415,31.9430968,24.322252666666667,8.873082444444446,18.9984032,53.5,2183.0,2129.5,408.4166666666667,591.5277777777778,53.5,5.0,17.0,12.0,15.0,3.3333333333333335,17.0,2.0,4.0,2.0,2.3333333333333335,0.5555555555555557,2.0,57.0,153.0,96.0,73.0,26.666666666666668,57.0,1.63,3.98,2.35,3.588333333333333,0.652777777777778,3.98,2.0,2.0,0.0,2.0,0.0,2.0,0.0,5.0,5.0,4.166666666666667,1.3888888888888886,5.0,0.0,3.0,3.0,0.5,0.8333333333333334,0.0,0.0,0.0,0.0,0.0,0.0,0.0,5.0,7.0,2.0,6.666666666666667,0.5555555555555554,7.0,0.0,0.0,0.0,0.0,0.0,0.0,0.0,1.0,1.0,0.8333333333333334,0.27777777777777773,1.0,0.0,7.0,7.0,1.1666666666666667,1.9444444444444446,0.0,0.0,0.0,0.0,0.0,0.0,0.0,1.0,7.0,6.0,2.0,1.6666666666666667,1.0,9.7075,13.01,3.3025,10.257916666666665,0.9173611111111102,9.7075,0.0,1.97,1.97,1.6416666666666666,0.5472222222222222,1.97,0.0,0.0,0.0,0.0,0.0,0.0,15.0,229.0,214.0,50.666666666666664,59.444444444444436,15.0
mp-752912,VF5,V,Monoclinic,C2/c,0.0001846,1.5383333333333332e-05,12,False,9.0,23.0,14.0,11.333333333333334,3.8888888888888893,9.0,46.0,93.0,47.0,85.16666666666667,13.055555555555552,93.0,18.9984032,50.9415,31.9430968,24.322252666666667,8.873082444444446,18.9984032,53.5,2183.0,2129.5,408.4166666666667,591.5277777777778,53.5,5.0,17.0,12.0,15.0,3.3333333333333335,17.0,2.0,4.0,2.0,2.3333333333333335,0.5555555555555557,2.0,57.0,153.0,96.0,73.0,26.666666666666668,57.0,1.63,3.98,2.35,3.588333333333333,0.652777777777778,3.98,2.0,2.0,0.0,2.0,0.0,2.0,0.0,5.0,5.0,4.166666666666667,1.3888888888888886,5.0,0.0,3.0,3.0,0.5,0.8333333333333334,0.0,0.0,0.0,0.0,0.0,0.0,0.0,5.0,7.0,2.0,6.666666666666667,0.5555555555555554,7.0,0.0,0.0,0.0,0.0,0.0,0.0,0.0,1.0,1.0,0.8333333333333334,0.27777777777777773,1.0,0.0,7.0,7.0,1.1666666666666667,1.9444444444444446,0.0,0.0,0.0,0.0,0.0,0.0,0.0,1.0,7.0,6.0,2.0,1.6666666666666667,1.0,9.7075,13.01,3.3025,10.257916666666665,0.9173611111111102,9.7075,0.0,1.97,1.97,1.6416666666666666,0.5472222222222222,1.97,0.0,0.0,0.0,0.0,0.0,0.0,15.0,229.0,214.0,50.666666666666664,59.444444444444436,15.0
mp-753169,Mn2F5,Mn,Monoclinic,C2/c,18.0,1.2857142857142858,14,False,9.0,25.0,16.0,13.571428571428571,6.530612244897958,9.0,52.0,93.0,41.0,81.28571428571429,16.734693877551017,93.0,18.9984032,54.938045,35.939641800000004,29.26687228571429,14.66924155102041,18.9984032,53.5,1519.0,1465.5,472.2142857142857,598.1632653061224,53.5,7.0,17.0,10.0,14.142857142857142,4.081632653061225,17.0,2.0,4.0,2.0,2.5714285714285716,0.816326530612245,2.0,57.0,139.0,82.0,80.42857142857143,33.46938775510204,57.0,1.55,3.98,2.4299999999999997,3.2857142857142856,0.9918367346938776,3.98,2.0,2.0,0.0,2.0,0.0,2.0,0.0,5.0,5.0,3.5714285714285716,2.0408163265306123,5.0,0.0,5.0,5.0,1.4285714285714286,2.0408163265306123,0.0,0.0,0.0,0.0,0.0,0.0,0.0,7.0,7.0,0.0,7.0,0.0,7.0,0.0,0.0,0.0,0.0,0.0,0.0,0.0,1.0,1.0,0.7142857142857143,0.4081632653061224,1.0,0.0,5.0,5.0,1.4285714285714286,2.0408163265306123,0.0,0.0,0.0,0.0,0.0,0.0,0.0,1.0,5.0,4.0,2.142857142857143,1.6326530612244896,1.0,9.7075,10.4875862069,0.7800862069000001,9.930381773399999,0.3184025334285711,9.7075,0.0,1.97,1.97,1.407142857142857,0.8040816326530613,1.97,0.0,0.000310120689655,0.000310120689655,8.860591133e-05,0.00012657987332857144,0.0,15.0,217.0,202.0,72.71428571428571,82.44897959183673,15.0
mp-753215,Mn2F5,Mn,Monoclinic,C2/c,18.0000001,1.285714292857143,14,False,9.0,25.0,16.0,13.571428571428571,6.530612244897958,9.0,52.0,93.0,41.0,81.28571428571429,16.734693877551017,93.0,18.9984032,54.938045,35.939641800000004,29.26687228571429,14.66924155102041,18.9984032,53.5,1519.0,1465.5,472.2142857142857,598.1632653061224,53.5,7.0,17.0,10.0,14.142857142857142,4.081632653061225,17.0,2.0,4.0,2.0,2.5714285714285716,0.816326530612245,2.0,57.0,139.0,82.0,80.42857142857143,33.46938775510204,57.0,1.55,3.98,2.4299999999999997,3.2857142857142856,0.9918367346938776,3.98,2.0,2.0,0.0,2.0,0.0,2.0,0.0,5.0,5.0,3.5714285714285716,2.0408163265306123,5.0,0.0,5.0,5.0,1.4285714285714286,2.0408163265306123,0.0,0.0,0.0,0.0,0.0,0.0,0.0,7.0,7.0,0.0,7.0,0.0,7.0,0.0,0.0,0.0,0.0,0.0,0.0,0.0,1.0,1.0,0.7142857142857143,0.4081632653061224,1.0,0.0,5.0,5.0,1.4285714285714286,2.0408163265306123,0.0,0.0,0.0,0.0,0.0,0.0,0.0,1.0,5.0,4.0,2.142857142857143,1.6326530612244896,1.0,9.7075,10.4875862069,0.7800862069000001,9.930381773399999,0.3184025334285711,9.7075,0.0,1.97,1.97,1.407142857142857,0.8040816326530613,1.97,0.0,0.000310120689655,0.000310120689655,8.860591133e-05,0.00012657987332857144,0.0,15.0,217.0,202.0,72.71428571428571,82.44897959183673,15.0
mp-753265,VF5,V,Monoclinic,P2_1/c,7.76e-05,3.233333333333333e-06,24,False,9.0,23.0,14.0,11.333333333333334,3.8888888888888893,9.0,46.0,93.0,47.0,85.16666666666667,13.055555555555552,93.0,18.9984032,50.9415,31.9430968,24.322252666666667,8.873082444444446,18.9984032,53.5,2183.0,2129.5,408.4166666666667,591.5277777777778,53.5,5.0,17.0,12.0,15.0,3.3333333333333335,17.0,2.0,4.0,2.0,2.3333333333333335,0.5555555555555557,2.0,57.0,153.0,96.0,73.0,26.666666666666668,57.0,1.63,3.98,2.35,3.588333333333333,0.652777777777778,3.98,2.0,2.0,0.0,2.0,0.0,2.0,0.0,5.0,5.0,4.166666666666667,1.3888888888888886,5.0,0.0,3.0,3.0,0.5,0.8333333333333334,0.0,0.0,0.0,0.0,0.0,0.0,0.0,5.0,7.0,2.0,6.666666666666667,0.5555555555555554,7.0,0.0,0.0,0.0,0.0,0.0,0.0,0.0,1.0,1.0,0.8333333333333334,0.27777777777777773,1.0,0.0,7.0,7.0,1.1666666666666667,1.9444444444444446,0.0,0.0,0.0,0.0,0.0,0.0,0.0,1.0,7.0,6.0,2.0,1.6666666666666667,1.0,9.7075,13.01,3.3025,10.257916666666665,0.9173611111111102,9.7075,0.0,1.97,1.97,1.6416666666666666,0.5472222222222222,1.97,0.0,0.0,0.0,0.0,0.0,0.0,15.0,229.0,214.0,50.666666666666664,59.444444444444436,15.0
mp-753295,MnF3,Mn,Tetragonal,P4/mbm,8.0000005,1.0000000625,8,False,9.0,25.0,16.0,13.0,6.0,9.0,52.0,93.0,41.0,82.75,15.375,93.0,18.9984032,54.938045,35.939641800000004,27.98331365,13.477365675000001,18.9984032,53.5,1519.0,1465.5,419.875,549.5625,53.5,7.0,17.0,10.0,14.5,3.75,17.0,2.0,4.0,2.0,2.5,0.75,2.0,57.0,139.0,82.0,77.5,30.75,57.0,1.55,3.98,2.4299999999999997,3.3725,0.9112499999999999,3.98,2.0,2.0,0.0,2.0,0.0,2.0,0.0,5.0,5.0,3.75,1.875,5.0,0.0,5.0,5.0,1.25,1.875,0.0,0.0,0.0,0.0,0.0,0.0,0.0,7.0,7.0,0.0,7.0,0.0,7.0,0.0,0.0,0.0,0.0,0.0,0.0,0.0,1.0,1.0,0.75,0.375,1.0,0.0,5.0,5.0,1.25,1.875,0.0,0.0,0.0,0.0,0.0,0.0,0.0,1.0,5.0,4.0,2.0,1.5,1.0,9.7075,10.4875862069,0.7800862069000001,9.902521551725,0.29253232758750025,9.7075,0.0,1.97,1.97,1.4775,0.73875,1.97,0.0,0.000310120689655,0.000310120689655,7.753017241375e-05,0.000116295258620625,0.0,15.0,217.0,202.0,65.5,75.75,15.0
mp-753434,Mn3F10,Mn,Triclinic,P-1,21.9994645,0.84613325,26,False,9.0,25.0,16.0,12.692307692307692,5.680473372781065,9.0,52.0,93.0,41.0,83.53846153846153,14.556213017751483,93.0,18.9984032,54.938045,35.939641800000004,27.292166692307696,12.75963614201184,18.9984032,53.5,1519.0,1465.5,391.6923076923077,520.2958579881657,53.5,7.0,17.0,10.0,14.692307692307692,3.550295857988166,17.0,2.0,4.0,2.0,2.4615384615384617,0.7100591715976332,2.0,57.0,139.0,82.0,75.92307692307692,29.112426035502956,57.0,1.55,3.98,2.4299999999999997,3.419230769230769,0.8627218934911244,3.98,2.0,2.0,0.0,2.0,0.0,2.0,0.0,5.0,5.0,3.8461538461538463,1.7751479289940826,5.0,0.0,5.0,5.0,1.1538461538461537,1.7751479289940826,0.0,0.0,0.0,0.0,0.0,0.0,0.0,7.0,7.0,0.0,7.0,0.0,7.0,0.0,0.0,0.0,0.0,0.0,0.0,0.0,1.0,1.0,0.7692307692307693,0.35502958579881655,1.0,0.0,5.0,5.0,1.1538461538461537,1.7751479289940826,0.0,0.0,0.0,0.0,0.0,0.0,0.0,1.0,5.0,4.0,1.9230769230769231,1.4201183431952662,1.0,9.7075,10.4875862069,0.7800862069000001,9.8875198939,0.27695368292307737,9.7075,0.0,1.97,1.97,1.5153846153846153,0.6994082840236686,1.97,0.0,0.000310120689655,0.000310120689655,7.156631299730769e-05,0.00011010201999585798,0.0,15.0,217.0,202.0,61.61538461538461,71.71597633136095,15.0
mp-753435,Mn2F7,Mn,Monoclinic,C2/c,14.0149803,0.7786100166666666,18,False,9.0,25.0,16.0,12.555555555555555,5.530864197530864,9.0,52.0,93.0,41.0,83.88888888888889,14.172839506172842,93.0,18.9984032,54.938045,35.939641800000004,26.984990266666667,12.423579881481484,18.9984032,53.5,1519.0,1465.5,379.1666666666667,506.59259259259267,53.5,7.0,17.0,10.0,14.777777777777779,3.4567901234567895,17.0,2.0,4.0,2.0,2.4444444444444446,0.6913580246913581,2.0,57.0,139.0,82.0,75.22222222222223,28.345679012345684,57.0,1.55,3.98,2.4299999999999997,3.44,0.8400000000000001,3.98,2.0,2.0,0.0,2.0,0.0,2.0,0.0,5.0,5.0,3.888888888888889,1.7283950617283952,5.0,0.0,5.0,5.0,1.1111111111111112,1.7283950617283952,0.0,0.0,0.0,0.0,0.0,0.0,0.0,7.0,7.0,0.0,7.0,0.0,7.0,0.0,0.0,0.0,0.0,0.0,0.0,0.0,1.0,1.0,0.7777777777777778,0.345679012345679,1.0,0.0,5.0,5.0,1.1111111111111112,1.7283950617283952,0.0,0.0,0.0,0.0,0.0,0.0,0.0,1.0,5.0,4.0,1.8888888888888888,1.382716049382716,1.0,9.7075,10.4875862069,0.7800862069000001,9.880852490422221,0.2696594295456786,9.7075,0.0,1.97,1.97,1.5322222222222222,0.6809876543209877,1.97,0.0,0.000310120689655,0.000310120689655,6.891570881222221e-05,0.00010720221370790124,0.0,15.0,217.0,202.0,59.888888888888886,69.82716049382715,15.0
mp-753449,VF5,V,Monoclinic,P2_1/c,0.0,0.0,24,False,9.0,23.0,14.0,11.333333333333334,3.8888888888888893,9.0,46.0,93.0,47.0,85.16666666666667,13.055555555555552,93.0,18.9984032,50.9415,31.9430968,24.322252666666667,8.873082444444446,18.9984032,53.5,2183.0,2129.5,408.4166666666667,591.5277777777778,53.5,5.0,17.0,12.0,15.0,3.3333333333333335,17.0,2.0,4.0,2.0,2.3333333333333335,0.5555555555555557,2.0,57.0,153.0,96.0,73.0,26.666666666666668,57.0,1.63,3.98,2.35,3.588333333333333,0.652777777777778,3.98,2.0,2.0,0.0,2.0,0.0,2.0,0.0,5.0,5.0,4.166666666666667,1.3888888888888886,5.0,0.0,3.0,3.0,0.5,0.8333333333333334,0.0,0.0,0.0,0.0,0.0,0.0,0.0,5.0,7.0,2.0,6.666666666666667,0.5555555555555554,7.0,0.0,0.0,0.0,0.0,0.0,0.0,0.0,1.0,1.0,0.8333333333333334,0.27777777777777773,1.0,0.0,7.0,7.0,1.1666666666666667,1.9444444444444446,0.0,0.0,0.0,0.0,0.0,0.0,0.0,1.0,7.0,6.0,2.0,1.6666666666666667,1.0,9.7075,13.01,3.3025,10.257916666666665,0.9173611111111102,9.7075,0.0,1.97,1.97,1.6416666666666666,0.5472222222222222,1.97,0.0,0.0,0.0,0.0,0.0,0.0,15.0,229.0,214.0,50.666666666666664,59.444444444444436,15.0
mp-753574,MnF4,Mn,Monoclinic,P2_1/c,5.9999996,0.59999996,10,False,9.0,25.0,16.0,12.2,5.119999999999999,9.0,52.0,93.0,41.0,84.8,13.120000000000001,93.0,18.9984032,54.938045,35.939641800000004,26.186331559999996,11.500685375999998,18.9984032,53.5,1519.0,1465.5,346.6,468.96000000000004,53.5,7.0,17.0,10.0,15.0,3.2,17.0,2.0,4.0,2.0,2.4,0.6399999999999999,2.0,57.0,139.0,82.0,73.4,26.240000000000002,57.0,1.55,3.98,2.4299999999999997,3.4939999999999998,0.7776000000000002,3.98,2.0,2.0,0.0,2.0,0.0,2.0,0.0,5.0,5.0,4.0,1.6,5.0,0.0,5.0,5.0,1.0,1.6,0.0,0.0,0.0,0.0,0.0,0.0,0.0,7.0,7.0,0.0,7.0,0.0,7.0,0.0,0.0,0.0,0.0,0.0,0.0,0.0,1.0,1.0,0.8,0.31999999999999995,1.0,0.0,5.0,5.0,1.0,1.6,0.0,0.0,0.0,0.0,0.0,0.0,0.0,1.0,5.0,4.0,1.8,1.28,1.0,9.7075,10.4875862069,0.7800862069000001,9.863517241379999,0.24962758620799938,9.7075,0.0,1.97,1.97,1.576,0.6304,1.97,0.0,0.000310120689655,0.000310120689655,6.2024137931e-05,9.923862068959999e-05,0.0,15.0,217.0,202.0,55.4,64.64,15.0
mp-753607,Mn7F18,Mn,Triclinic,P-1,31.0069998,1.240279992,25,False,9.0,25.0,16.0,13.48,6.451200000000001,9.0,52.0,93.0,41.0,81.52,16.531200000000002,93.0,18.9984032,54.938045,35.939641800000004,29.061502903999997,14.49086357376,18.9984032,53.5,1519.0,1465.5,463.84,590.8896000000001,53.5,7.0,17.0,10.0,14.2,4.032,17.0,2.0,4.0,2.0,2.56,0.8064000000000001,2.0,57.0,139.0,82.0,79.96,33.0624,57.0,1.55,3.98,2.4299999999999997,3.2996,0.9797760000000001,3.98,2.0,2.0,0.0,2.0,0.0,2.0,0.0,5.0,5.0,3.6,2.016,5.0,0.0,5.0,5.0,1.4,2.016,0.0,0.0,0.0,0.0,0.0,0.0,0.0,7.0,7.0,0.0,7.0,0.0,7.0,0.0,0.0,0.0,0.0,0.0,0.0,0.0,1.0,1.0,0.72,0.40320000000000006,1.0,0.0,5.0,5.0,1.4,2.016,0.0,0.0,0.0,0.0,0.0,0.0,0.0,1.0,5.0,4.0,2.12,1.6128000000000002,1.0,9.7075,10.4875862069,0.7800862069000001,9.925924137932,0.3145307586220803,9.7075,0.0,1.97,1.97,1.4184,0.7943039999999999,1.97,0.0,0.000310120689655,0.000310120689655,8.68337931034e-05,0.000125040662068896,0.0,15.0,217.0,202.0,71.56,81.4464,15.0
mp-753759,VF4,V,Orthorhombic,Cmmm,1.0000003,0.2000000599999999,5,False,9.0,23.0,14.0,11.8,4.48,9.0,46.0,93.0,47.0,83.6,15.040000000000003,93.0,18.9984032,50.9415,31.9430968,25.38702256,10.221790976,18.9984032,53.5,2183.0,2129.5,479.4,681.4399999999999,53.5,5.0,17.0,12.0,14.6,3.8400000000000007,17.0,2.0,4.0,2.0,2.4,0.6399999999999999,2.0,57.0,153.0,96.0,76.2,30.720000000000006,57.0,1.63,3.98,2.35,3.5100000000000002,0.7519999999999999,3.98,2.0,2.0,0.0,2.0,0.0,2.0,0.0,5.0,5.0,4.0,1.6,5.0,0.0,3.0,3.0,0.6,0.96,0.0,0.0,0.0,0.0,0.0,0.0,0.0,5.0,7.0,2.0,6.6,0.6400000000000002,7.0,0.0,0.0,0.0,0.0,0.0,0.0,0.0,1.0,1.0,0.8,0.31999999999999995,1.0,0.0,7.0,7.0,1.4,2.2399999999999998,0.0,0.0,0.0,0.0,0.0,0.0,0.0,1.0,7.0,6.0,2.2,1.9200000000000004,1.0,9.7075,13.01,3.3025,10.367999999999999,1.0567999999999995,9.7075,0.0,1.97,1.97,1.576,0.6304,1.97,0.0,0.0,0.0,0.0,0.0,0.0,15.0,229.0,214.0,57.8,68.47999999999999,15.0
mp-754815,YBr3,Y,Monoclinic,C2/m,0.0,0.0,8,True,35.0,39.0,4.0,36.0,1.5,35.0,12.0,95.0,83.0,74.25,31.125,95.0,79.904,88.90585,9.001850000000005,82.1544625,3.37569375,79.904,265.8,1799.0,1533.2,649.1,574.95,265.8,3.0,17.0,14.0,13.5,5.25,17.0,4.0,5.0,1.0,4.25,0.375,4.0,120.0,190.0,70.0,137.5,26.25,120.0,1.22,2.96,1.74,2.525,0.6525000000000001,2.96,2.0,2.0,0.0,2.0,0.0,2.0,0.0,5.0,5.0,3.75,1.875,5.0,1.0,10.0,9.0,7.75,3.375,10.0,0.0,0.0,0.0,0.0,0.0,0.0,3.0,17.0,14.0,13.5,5.25,17.0,0.0,0.0,0.0,0.0,0.0,0.0,0.0,1.0,1.0,0.75,0.375,1.0,0.0,9.0,9.0,2.25,3.375,0.0,0.0,0.0,0.0,0.0,0.0,0.0,1.0,9.0,8.0,3.0,3.0,1.0,29.48,32.365,2.8850000000000016,30.20125,1.081875000000001,29.48,0.0,1.457,1.457,1.09275,0.546375,1.457,0.0,0.0,0.0,0.0,0.0,0.0,64.0,194.0,130.0,96.5,48.75,64.0
mp-756640,VF5,V,Tetragonal,P4/n,0.0,0.0,12,False,9.0,23.0,14.0,11.333333333333334,3.8888888888888893,9.0,46.0,93.0,47.0,85.16666666666667,13.055555555555552,93.0,18.9984032,50.9415,31.9430968,24.322252666666667,8.873082444444446,18.9984032,53.5,2183.0,2129.5,408.4166666666667,591.5277777777778,53.5,5.0,17.0,12.0,15.0,3.3333333333333335,17.0,2.0,4.0,2.0,2.3333333333333335,0.5555555555555557,2.0,57.0,153.0,96.0,73.0,26.666666666666668,57.0,1.63,3.98,2.35,3.588333333333333,0.652777777777778,3.98,2.0,2.0,0.0,2.0,0.0,2.0,0.0,5.0,5.0,4.166666666666667,1.3888888888888886,5.0,0.0,3.0,3.0,0.5,0.8333333333333334,0.0,0.0,0.0,0.0,0.0,0.0,0.0,5.0,7.0,2.0,6.666666666666667,0.5555555555555554,7.0,0.0,0.0,0.0,0.0,0.0,0.0,0.0,1.0,1.0,0.8333333333333334,0.27777777777777773,1.0,0.0,7.0,7.0,1.1666666666666667,1.9444444444444446,0.0,0.0,0.0,0.0,0.0,0.0,0.0,1.0,7.0,6.0,2.0,1.6666666666666667,1.0,9.7075,13.01,3.3025,10.257916666666665,0.9173611111111102,9.7075,0.0,1.97,1.97,1.6416666666666666,0.5472222222222222,1.97,0.0,0.0,0.0,0.0,0.0,0.0,15.0,229.0,214.0,50.666666666666664,59.444444444444436,15.0
mp-7570,RuF3,Ru,Trigonal,R-3c,1.9989958,0.249874475,8,True,9.0,44.0,35.0,17.75,13.125,9.0,56.0,93.0,37.0,83.75,13.875,93.0,18.9984032,101.07,82.0715968,39.5163024,30.7768488,18.9984032,53.5,2607.0,2553.5,691.875,957.5625,53.5,8.0,17.0,9.0,14.75,3.375,17.0,2.0,5.0,3.0,2.75,1.125,2.0,57.0,146.0,89.0,79.25,33.375,57.0,2.2,3.98,1.7799999999999998,3.535,0.6674999999999999,3.98,1.0,2.0,1.0,1.75,0.375,2.0,0.0,5.0,5.0,3.75,1.875,5.0,0.0,7.0,7.0,1.75,2.625,0.0,0.0,0.0,0.0,0.0,0.0,0.0,7.0,8.0,1.0,7.25,0.375,7.0,0.0,1.0,1.0,0.25,0.375,0.0,0.0,1.0,1.0,0.75,0.375,1.0,0.0,3.0,3.0,0.75,1.125,0.0,0.0,0.0,0.0,0.0,0.0,0.0,1.0,4.0,3.0,1.75,1.125,1.0,9.7075,13.51,3.8025,10.658125,1.4259375000000003,9.7075,0.0,1.97,1.97,1.4775,0.73875,1.97,0.0,0.0,0.0,0.0,0.0,0.0,15.0,194.0,179.0,59.75,67.125,15.0
mp-757058,Mn2F7,Mn,Triclinic,P-1,14.0000002,0.7777777888888889,18,False,9.0,25.0,16.0,12.555555555555555,5.530864197530864,9.0,52.0,93.0,41.0,83.88888888888889,14.172839506172842,93.0,18.9984032,54.938045,35.939641800000004,26.984990266666667,12.423579881481484,18.9984032,53.5,1519.0,1465.5,379.1666666666667,506.59259259259267,53.5,7.0,17.0,10.0,14.777777777777779,3.4567901234567895,17.0,2.0,4.0,2.0,2.4444444444444446,0.6913580246913581,2.0,57.0,139.0,82.0,75.22222222222223,28.345679012345684,57.0,1.55,3.98,2.4299999999999997,3.44,0.8400000000000001,3.98,2.0,2.0,0.0,2.0,0.0,2.0,0.0,5.0,5.0,3.888888888888889,1.7283950617283952,5.0,0.0,5.0,5.0,1.1111111111111112,1.7283950617283952,0.0,0.0,0.0,0.0,0.0,0.0,0.0,7.0,7.0,0.0,7.0,0.0,7.0,0.0,0.0,0.0,0.0,0.0,0.0,0.0,1.0,1.0,0.7777777777777778,0.345679012345679,1.0,0.0,5.0,5.0,1.1111111111111112,1.7283950617283952,0.0,0.0,0.0,0.0,0.0,0.0,0.0,1.0,5.0,4.0,1.8888888888888888,1.382716049382716,1.0,9.7075,10.4875862069,0.7800862069000001,9.880852490422221,0.2696594295456786,9.7075,0.0,1.97,1.97,1.5322222222222222,0.6809876543209877,1.97,0.0,0.000310120689655,0.000310120689655,6.891570881222221e-05,0.00010720221370790124,0.0,15.0,217.0,202.0,59.888888888888886,69.82716049382715,15.0
mp-757128,VF5,V,Monoclinic,Cc,0.0,0.0,12,False,9.0,23.0,14.0,11.333333333333334,3.8888888888888893,9.0,46.0,93.0,47.0,85.16666666666667,13.055555555555552,93.0,18.9984032,50.9415,31.9430968,24.322252666666667,8.873082444444446,18.9984032,53.5,2183.0,2129.5,408.4166666666667,591.5277777777778,53.5,5.0,17.0,12.0,15.0,3.3333333333333335,17.0,2.0,4.0,2.0,2.3333333333333335,0.5555555555555557,2.0,57.0,153.0,96.0,73.0,26.666666666666668,57.0,1.63,3.98,2.35,3.588333333333333,0.652777777777778,3.98,2.0,2.0,0.0,2.0,0.0,2.0,0.0,5.0,5.0,4.166666666666667,1.3888888888888886,5.0,0.0,3.0,3.0,0.5,0.8333333333333334,0.0,0.0,0.0,0.0,0.0,0.0,0.0,5.0,7.0,2.0,6.666666666666667,0.5555555555555554,7.0,0.0,0.0,0.0,0.0,0.0,0.0,0.0,1.0,1.0,0.8333333333333334,0.27777777777777773,1.0,0.0,7.0,7.0,1.1666666666666667,1.9444444444444446,0.0,0.0,0.0,0.0,0.0,0.0,0.0,1.0,7.0,6.0,2.0,1.6666666666666667,1.0,9.7075,13.01,3.3025,10.257916666666665,0.9173611111111102,9.7075,0.0,1.97,1.97,1.6416666666666666,0.5472222222222222,1.97,0.0,0.0,0.0,0.0,0.0,0.0,15.0,229.0,214.0,50.666666666666664,59.444444444444436,15.0
mp-757186,MnF3,Mn,Tetragonal,P4_2/mnm,16.0037361,1.00023350625,16,False,9.0,25.0,16.0,13.0,6.0,9.0,52.0,93.0,41.0,82.75,15.375,93.0,18.9984032,54.938045,35.939641800000004,27.98331365,13.477365675000001,18.9984032,53.5,1519.0,1465.5,419.875,549.5625,53.5,7.0,17.0,10.0,14.5,3.75,17.0,2.0,4.0,2.0,2.5,0.75,2.0,57.0,139.0,82.0,77.5,30.75,57.0,1.55,3.98,2.4299999999999997,3.3725,0.9112499999999999,3.98,2.0,2.0,0.0,2.0,0.0,2.0,0.0,5.0,5.0,3.75,1.875,5.0,0.0,5.0,5.0,1.25,1.875,0.0,0.0,0.0,0.0,0.0,0.0,0.0,7.0,7.0,0.0,7.0,0.0,7.0,0.0,0.0,0.0,0.0,0.0,0.0,0.0,1.0,1.0,0.75,0.375,1.0,0.0,5.0,5.0,1.25,1.875,0.0,0.0,0.0,0.0,0.0,0.0,0.0,1.0,5.0,4.0,2.0,1.5,1.0,9.7075,10.4875862069,0.7800862069000001,9.902521551725,0.29253232758750025,9.7075,0.0,1.97,1.97,1.4775,0.73875,1.97,0.0,0.000310120689655,0.000310120689655,7.753017241375e-05,0.000116295258620625,0.0,15.0,217.0,202.0,65.5,75.75,15.0
mp-757234,VF4,V,Orthorhombic,Pmna,2.0000001,0.2000000099999999,10,False,9.0,23.0,14.0,11.8,4.48,9.0,46.0,93.0,47.0,83.6,15.040000000000003,93.0,18.9984032,50.9415,31.9430968,25.38702256,10.221790976,18.9984032,53.5,2183.0,2129.5,479.4,681.4399999999999,53.5,5.0,17.0,12.0,14.6,3.8400000000000007,17.0,2.0,4.0,2.0,2.4,0.6399999999999999,2.0,57.0,153.0,96.0,76.2,30.720000000000006,57.0,1.63,3.98,2.35,3.5100000000000002,0.7519999999999999,3.98,2.0,2.0,0.0,2.0,0.0,2.0,0.0,5.0,5.0,4.0,1.6,5.0,0.0,3.0,3.0,0.6,0.96,0.0,0.0,0.0,0.0,0.0,0.0,0.0,5.0,7.0,2.0,6.6,0.6400000000000002,7.0,0.0,0.0,0.0,0.0,0.0,0.0,0.0,1.0,1.0,0.8,0.31999999999999995,1.0,0.0,7.0,7.0,1.4,2.2399999999999998,0.0,0.0,0.0,0.0,0.0,0.0,0.0,1.0,7.0,6.0,2.2,1.9200000000000004,1.0,9.7075,13.01,3.3025,10.367999999999999,1.0567999999999995,9.7075,0.0,1.97,1.97,1.576,0.6304,1.97,0.0,0.0,0.0,0.0,0.0,0.0,15.0,229.0,214.0,57.8,68.47999999999999,15.0
mp-757410,VF4,V,Monoclinic,C2/c,2.0001048,0.20001048,10,False,9.0,23.0,14.0,11.8,4.48,9.0,46.0,93.0,47.0,83.6,15.040000000000003,93.0,18.9984032,50.9415,31.9430968,25.38702256,10.221790976,18.9984032,53.5,2183.0,2129.5,479.4,681.4399999999999,53.5,5.0,17.0,12.0,14.6,3.8400000000000007,17.0,2.0,4.0,2.0,2.4,0.6399999999999999,2.0,57.0,153.0,96.0,76.2,30.720000000000006,57.0,1.63,3.98,2.35,3.5100000000000002,0.7519999999999999,3.98,2.0,2.0,0.0,2.0,0.0,2.0,0.0,5.0,5.0,4.0,1.6,5.0,0.0,3.0,3.0,0.6,0.96,0.0,0.0,0.0,0.0,0.0,0.0,0.0,5.0,7.0,2.0,6.6,0.6400000000000002,7.0,0.0,0.0,0.0,0.0,0.0,0.0,0.0,1.0,1.0,0.8,0.31999999999999995,1.0,0.0,7.0,7.0,1.4,2.2399999999999998,0.0,0.0,0.0,0.0,0.0,0.0,0.0,1.0,7.0,6.0,2.2,1.9200000000000004,1.0,9.7075,13.01,3.3025,10.367999999999999,1.0567999999999995,9.7075,0.0,1.97,1.97,1.576,0.6304,1.97,0.0,0.0,0.0,0.0,0.0,0.0,15.0,229.0,214.0,57.8,68.47999999999999,15.0
mp-757854,VF5,V,Monoclinic,P2_1/c,0.0,0.0,24,False,9.0,23.0,14.0,11.333333333333334,3.8888888888888893,9.0,46.0,93.0,47.0,85.16666666666667,13.055555555555552,93.0,18.9984032,50.9415,31.9430968,24.322252666666667,8.873082444444446,18.9984032,53.5,2183.0,2129.5,408.4166666666667,591.5277777777778,53.5,5.0,17.0,12.0,15.0,3.3333333333333335,17.0,2.0,4.0,2.0,2.3333333333333335,0.5555555555555557,2.0,57.0,153.0,96.0,73.0,26.666666666666668,57.0,1.63,3.98,2.35,3.588333333333333,0.652777777777778,3.98,2.0,2.0,0.0,2.0,0.0,2.0,0.0,5.0,5.0,4.166666666666667,1.3888888888888886,5.0,0.0,3.0,3.0,0.5,0.8333333333333334,0.0,0.0,0.0,0.0,0.0,0.0,0.0,5.0,7.0,2.0,6.666666666666667,0.5555555555555554,7.0,0.0,0.0,0.0,0.0,0.0,0.0,0.0,1.0,1.0,0.8333333333333334,0.27777777777777773,1.0,0.0,7.0,7.0,1.1666666666666667,1.9444444444444446,0.0,0.0,0.0,0.0,0.0,0.0,0.0,1.0,7.0,6.0,2.0,1.6666666666666667,1.0,9.7075,13.01,3.3025,10.257916666666665,0.9173611111111102,9.7075,0.0,1.97,1.97,1.6416666666666666,0.5472222222222222,1.97,0.0,0.0,0.0,0.0,0.0,0.0,15.0,229.0,214.0,50.666666666666664,59.444444444444436,15.0
mp-758214,VF5,V,Orthorhombic,Cmce,0.0,0.0,24,False,9.0,23.0,14.0,11.333333333333334,3.8888888888888893,9.0,46.0,93.0,47.0,85.16666666666667,13.055555555555552,93.0,18.9984032,50.9415,31.9430968,24.322252666666667,8.873082444444446,18.9984032,53.5,2183.0,2129.5,408.4166666666667,591.5277777777778,53.5,5.0,17.0,12.0,15.0,3.3333333333333335,17.0,2.0,4.0,2.0,2.3333333333333335,0.5555555555555557,2.0,57.0,153.0,96.0,73.0,26.666666666666668,57.0,1.63,3.98,2.35,3.588333333333333,0.652777777777778,3.98,2.0,2.0,0.0,2.0,0.0,2.0,0.0,5.0,5.0,4.166666666666667,1.3888888888888886,5.0,0.0,3.0,3.0,0.5,0.8333333333333334,0.0,0.0,0.0,0.0,0.0,0.0,0.0,5.0,7.0,2.0,6.666666666666667,0.5555555555555554,7.0,0.0,0.0,0.0,0.0,0.0,0.0,0.0,1.0,1.0,0.8333333333333334,0.27777777777777773,1.0,0.0,7.0,7.0,1.1666666666666667,1.9444444444444446,0.0,0.0,0.0,0.0,0.0,0.0,0.0,1.0,7.0,6.0,2.0,1.6666666666666667,1.0,9.7075,13.01,3.3025,10.257916666666665,0.9173611111111102,9.7075,0.0,1.97,1.97,1.6416666666666666,0.5472222222222222,1.97,0.0,0.0,0.0,0.0,0.0,0.0,15.0,229.0,214.0,50.666666666666664,59.444444444444436,15.0
mp-758601,MnF3,Mn,Monoclinic,C2/m,7.9999689,0.9999961125,8,False,9.0,25.0,16.0,13.0,6.0,9.0,52.0,93.0,41.0,82.75,15.375,93.0,18.9984032,54.938045,35.939641800000004,27.98331365,13.477365675000001,18.9984032,53.5,1519.0,1465.5,419.875,549.5625,53.5,7.0,17.0,10.0,14.5,3.75,17.0,2.0,4.0,2.0,2.5,0.75,2.0,57.0,139.0,82.0,77.5,30.75,57.0,1.55,3.98,2.4299999999999997,3.3725,0.9112499999999999,3.98,2.0,2.0,0.0,2.0,0.0,2.0,0.0,5.0,5.0,3.75,1.875,5.0,0.0,5.0,5.0,1.25,1.875,0.0,0.0,0.0,0.0,0.0,0.0,0.0,7.0,7.0,0.0,7.0,0.0,7.0,0.0,0.0,0.0,0.0,0.0,0.0,0.0,1.0,1.0,0.75,0.375,1.0,0.0,5.0,5.0,1.25,1.875,0.0,0.0,0.0,0.0,0.0,0.0,0.0,1.0,5.0,4.0,2.0,1.5,1.0,9.7075,10.4875862069,0.7800862069000001,9.902521551725,0.29253232758750025,9.7075,0.0,1.97,1.97,1.4775,0.73875,1.97,0.0,0.000310120689655,0.000310120689655,7.753017241375e-05,0.000116295258620625,0.0,15.0,217.0,202.0,65.5,75.75,15.0
mp-759097,VF3,V,Orthorhombic,Pnma,7.9999994,0.4999999625,16,False,9.0,23.0,14.0,12.5,5.25,9.0,46.0,93.0,47.0,81.25,17.625,93.0,18.9984032,50.9415,31.9430968,26.9841774,11.9786613,18.9984032,53.5,2183.0,2129.5,585.875,798.5625,53.5,5.0,17.0,12.0,14.0,4.5,17.0,2.0,4.0,2.0,2.5,0.75,2.0,57.0,153.0,96.0,81.0,36.0,57.0,1.63,3.98,2.35,3.3925,0.88125,3.98,2.0,2.0,0.0,2.0,0.0,2.0,0.0,5.0,5.0,3.75,1.875,5.0,0.0,3.0,3.0,0.75,1.125,0.0,0.0,0.0,0.0,0.0,0.0,0.0,5.0,7.0,2.0,6.5,0.75,7.0,0.0,0.0,0.0,0.0,0.0,0.0,0.0,1.0,1.0,0.75,0.375,1.0,0.0,7.0,7.0,1.75,2.625,0.0,0.0,0.0,0.0,0.0,0.0,0.0,1.0,7.0,6.0,2.5,2.25,1.0,9.7075,13.01,3.3025,10.533125,1.2384375000000003,9.7075,0.0,1.97,1.97,1.4775,0.73875,1.97,0.0,0.0,0.0,0.0,0.0,0.0,15.0,229.0,214.0,68.5,80.25,15.0
mp-7592,AgF,Ag,Cubic,Fm-3m,5e-07,2.5e-07,2,True,9.0,47.0,38.0,28.0,19.0,9.0,65.0,93.0,28.0,79.0,14.0,65.0,18.9984032,107.8682,88.8697968,63.4333016,44.4348984,18.9984032,53.5,1234.93,1181.43,644.215,590.715,53.5,11.0,17.0,6.0,14.0,3.0,11.0,2.0,5.0,3.0,3.5,1.5,2.0,57.0,145.0,88.0,101.0,44.0,57.0,1.93,3.98,2.05,2.955,1.025,1.93,1.0,2.0,1.0,1.5,0.5,1.0,0.0,5.0,5.0,2.5,2.5,0.0,0.0,10.0,10.0,5.0,5.0,0.0,0.0,0.0,0.0,0.0,0.0,0.0,7.0,11.0,4.0,9.0,2.0,7.0,0.0,1.0,1.0,0.5,0.5,0.0,0.0,1.0,1.0,0.5,0.5,0.0,0.0,0.0,0.0,0.0,0.0,0.0,0.0,0.0,0.0,0.0,0.0,0.0,1.0,1.0,0.0,1.0,0.0,1.0,9.7075,16.33,6.622499999999999,13.018749999999999,3.3112499999999994,9.7075,0.0,1.97,1.97,0.985,0.985,0.0,0.0,0.0,0.0,0.0,0.0,0.0,15.0,225.0,210.0,120.0,105.0,15.0
mp-759340,VF4,V,Orthorhombic,Pnma,7.9993174,0.199982935,40,False,9.0,23.0,14.0,11.8,4.48,9.0,46.0,93.0,47.0,83.6,15.040000000000003,93.0,18.9984032,50.9415,31.9430968,25.38702256,10.221790976,18.9984032,53.5,2183.0,2129.5,479.4,681.4399999999999,53.5,5.0,17.0,12.0,14.6,3.8400000000000007,17.0,2.0,4.0,2.0,2.4,0.6399999999999999,2.0,57.0,153.0,96.0,76.2,30.720000000000006,57.0,1.63,3.98,2.35,3.5100000000000002,0.7519999999999999,3.98,2.0,2.0,0.0,2.0,0.0,2.0,0.0,5.0,5.0,4.0,1.6,5.0,0.0,3.0,3.0,0.6,0.96,0.0,0.0,0.0,0.0,0.0,0.0,0.0,5.0,7.0,2.0,6.6,0.6400000000000002,7.0,0.0,0.0,0.0,0.0,0.0,0.0,0.0,1.0,1.0,0.8,0.31999999999999995,1.0,0.0,7.0,7.0,1.4,2.2399999999999998,0.0,0.0,0.0,0.0,0.0,0.0,0.0,1.0,7.0,6.0,2.2,1.9200000000000004,1.0,9.7075,13.01,3.3025,10.367999999999999,1.0567999999999995,9.7075,0.0,1.97,1.97,1.576,0.6304,1.97,0.0,0.0,0.0,0.0,0.0,0.0,15.0,229.0,214.0,57.8,68.47999999999999,15.0
mp-759343,MnF4,Mn,Orthorhombic,Pbam,6.0000001,0.60000001,10,False,9.0,25.0,16.0,12.2,5.119999999999999,9.0,52.0,93.0,41.0,84.8,13.120000000000001,93.0,18.9984032,54.938045,35.939641800000004,26.186331559999996,11.500685375999998,18.9984032,53.5,1519.0,1465.5,346.6,468.96000000000004,53.5,7.0,17.0,10.0,15.0,3.2,17.0,2.0,4.0,2.0,2.4,0.6399999999999999,2.0,57.0,139.0,82.0,73.4,26.240000000000002,57.0,1.55,3.98,2.4299999999999997,3.4939999999999998,0.7776000000000002,3.98,2.0,2.0,0.0,2.0,0.0,2.0,0.0,5.0,5.0,4.0,1.6,5.0,0.0,5.0,5.0,1.0,1.6,0.0,0.0,0.0,0.0,0.0,0.0,0.0,7.0,7.0,0.0,7.0,0.0,7.0,0.0,0.0,0.0,0.0,0.0,0.0,0.0,1.0,1.0,0.8,0.31999999999999995,1.0,0.0,5.0,5.0,1.0,1.6,0.0,0.0,0.0,0.0,0.0,0.0,0.0,1.0,5.0,4.0,1.8,1.28,1.0,9.7075,10.4875862069,0.7800862069000001,9.863517241379999,0.24962758620799938,9.7075,0.0,1.97,1.97,1.576,0.6304,1.97,0.0,0.000310120689655,0.000310120689655,6.2024137931e-05,9.923862068959999e-05,0.0,15.0,217.0,202.0,55.4,64.64,15.0
mp-759525,MnF3,Mn,Tetragonal,P4/mbm,39.9983975,0.9999599375,40,False,9.0,25.0,16.0,13.0,6.0,9.0,52.0,93.0,41.0,82.75,15.375,93.0,18.9984032,54.938045,35.939641800000004,27.98331365,13.477365675000001,18.9984032,53.5,1519.0,1465.5,419.875,549.5625,53.5,7.0,17.0,10.0,14.5,3.75,17.0,2.0,4.0,2.0,2.5,0.75,2.0,57.0,139.0,82.0,77.5,30.75,57.0,1.55,3.98,2.4299999999999997,3.3725,0.9112499999999999,3.98,2.0,2.0,0.0,2.0,0.0,2.0,0.0,5.0,5.0,3.75,1.875,5.0,0.0,5.0,5.0,1.25,1.875,0.0,0.0,0.0,0.0,0.0,0.0,0.0,7.0,7.0,0.0,7.0,0.0,7.0,0.0,0.0,0.0,0.0,0.0,0.0,0.0,1.0,1.0,0.75,0.375,1.0,0.0,5.0,5.0,1.25,1.875,0.0,0.0,0.0,0.0,0.0,0.0,0.0,1.0,5.0,4.0,2.0,1.5,1.0,9.7075,10.4875862069,0.7800862069000001,9.902521551725,0.29253232758750025,9.7075,0.0,1.97,1.97,1.4775,0.73875,1.97,0.0,0.000310120689655,0.000310120689655,7.753017241375e-05,0.000116295258620625,0.0,15.0,217.0,202.0,65.5,75.75,15.0
mp-759867,VF4,V,Monoclinic,C2/c,2.0000001,0.2000000099999999,10,False,9.0,23.0,14.0,11.8,4.48,9.0,46.0,93.0,47.0,83.6,15.040000000000003,93.0,18.9984032,50.9415,31.9430968,25.38702256,10.221790976,18.9984032,53.5,2183.0,2129.5,479.4,681.4399999999999,53.5,5.0,17.0,12.0,14.6,3.8400000000000007,17.0,2.0,4.0,2.0,2.4,0.6399999999999999,2.0,57.0,153.0,96.0,76.2,30.720000000000006,57.0,1.63,3.98,2.35,3.5100000000000002,0.7519999999999999,3.98,2.0,2.0,0.0,2.0,0.0,2.0,0.0,5.0,5.0,4.0,1.6,5.0,0.0,3.0,3.0,0.6,0.96,0.0,0.0,0.0,0.0,0.0,0.0,0.0,5.0,7.0,2.0,6.6,0.6400000000000002,7.0,0.0,0.0,0.0,0.0,0.0,0.0,0.0,1.0,1.0,0.8,0.31999999999999995,1.0,0.0,7.0,7.0,1.4,2.2399999999999998,0.0,0.0,0.0,0.0,0.0,0.0,0.0,1.0,7.0,6.0,2.2,1.9200000000000004,1.0,9.7075,13.01,3.3025,10.367999999999999,1.0567999999999995,9.7075,0.0,1.97,1.97,1.576,0.6304,1.97,0.0,0.0,0.0,0.0,0.0,0.0,15.0,229.0,214.0,57.8,68.47999999999999,15.0
mp-759937,VF4,V,Orthorhombic,Pna2_1,8.0004645,0.2000116125,40,False,9.0,23.0,14.0,11.8,4.48,9.0,46.0,93.0,47.0,83.6,15.040000000000003,93.0,18.9984032,50.9415,31.9430968,25.38702256,10.221790976,18.9984032,53.5,2183.0,2129.5,479.4,681.4399999999999,53.5,5.0,17.0,12.0,14.6,3.8400000000000007,17.0,2.0,4.0,2.0,2.4,0.6399999999999999,2.0,57.0,153.0,96.0,76.2,30.720000000000006,57.0,1.63,3.98,2.35,3.5100000000000002,0.7519999999999999,3.98,2.0,2.0,0.0,2.0,0.0,2.0,0.0,5.0,5.0,4.0,1.6,5.0,0.0,3.0,3.0,0.6,0.96,0.0,0.0,0.0,0.0,0.0,0.0,0.0,5.0,7.0,2.0,6.6,0.6400000000000002,7.0,0.0,0.0,0.0,0.0,0.0,0.0,0.0,1.0,1.0,0.8,0.31999999999999995,1.0,0.0,7.0,7.0,1.4,2.2399999999999998,0.0,0.0,0.0,0.0,0.0,0.0,0.0,1.0,7.0,6.0,2.2,1.9200000000000004,1.0,9.7075,13.01,3.3025,10.367999999999999,1.0567999999999995,9.7075,0.0,1.97,1.97,1.576,0.6304,1.97,0.0,0.0,0.0,0.0,0.0,0.0,15.0,229.0,214.0,57.8,68.47999999999999,15.0
mp-759957,V2F7,V,Orthorhombic,Imma,6.0000001,0.3333333388888889,18,False,9.0,23.0,14.0,12.11111111111111,4.839506172839506,9.0,46.0,93.0,47.0,82.55555555555556,16.246913580246915,93.0,18.9984032,50.9415,31.9430968,26.096869155555552,11.042058153086419,18.9984032,53.5,2183.0,2129.5,526.7222222222222,736.1234567901234,53.5,5.0,17.0,12.0,14.333333333333334,4.148148148148148,17.0,2.0,4.0,2.0,2.4444444444444446,0.6913580246913581,2.0,57.0,153.0,96.0,78.33333333333333,33.18518518518518,57.0,1.63,3.98,2.35,3.4577777777777774,0.812345679012346,3.98,2.0,2.0,0.0,2.0,0.0,2.0,0.0,5.0,5.0,3.888888888888889,1.7283950617283952,5.0,0.0,3.0,3.0,0.6666666666666666,1.037037037037037,0.0,0.0,0.0,0.0,0.0,0.0,0.0,5.0,7.0,2.0,6.555555555555555,0.6913580246913581,7.0,0.0,0.0,0.0,0.0,0.0,0.0,0.0,1.0,1.0,0.7777777777777778,0.345679012345679,1.0,0.0,7.0,7.0,1.5555555555555556,2.419753086419753,0.0,0.0,0.0,0.0,0.0,0.0,0.0,1.0,7.0,6.0,2.3333333333333335,2.074074074074074,1.0,9.7075,13.01,3.3025,10.441388888888888,1.1416049382716045,9.7075,0.0,1.97,1.97,1.5322222222222222,0.6809876543209877,1.97,0.0,0.0,0.0,0.0,0.0,0.0,15.0,229.0,214.0,62.55555555555556,73.97530864197532,15.0
mp-759972,VF4,V,Monoclinic,Pc,1.9991966,0.19991966,10,False,9.0,23.0,14.0,11.8,4.48,9.0,46.0,93.0,47.0,83.6,15.040000000000003,93.0,18.9984032,50.9415,31.9430968,25.38702256,10.221790976,18.9984032,53.5,2183.0,2129.5,479.4,681.4399999999999,53.5,5.0,17.0,12.0,14.6,3.8400000000000007,17.0,2.0,4.0,2.0,2.4,0.6399999999999999,2.0,57.0,153.0,96.0,76.2,30.720000000000006,57.0,1.63,3.98,2.35,3.5100000000000002,0.7519999999999999,3.98,2.0,2.0,0.0,2.0,0.0,2.0,0.0,5.0,5.0,4.0,1.6,5.0,0.0,3.0,3.0,0.6,0.96,0.0,0.0,0.0,0.0,0.0,0.0,0.0,5.0,7.0,2.0,6.6,0.6400000000000002,7.0,0.0,0.0,0.0,0.0,0.0,0.0,0.0,1.0,1.0,0.8,0.31999999999999995,1.0,0.0,7.0,7.0,1.4,2.2399999999999998,0.0,0.0,0.0,0.0,0.0,0.0,0.0,1.0,7.0,6.0,2.2,1.9200000000000004,1.0,9.7075,13.01,3.3025,10.367999999999999,1.0567999999999995,9.7075,0.0,1.97,1.97,1.576,0.6304,1.97,0.0,0.0,0.0,0.0,0.0,0.0,15.0,229.0,214.0,57.8,68.47999999999999,15.0
mp-759987,Mn2F7,Mn,Monoclinic,P2_1/c,28.0028149,0.7778559694444445,36,False,9.0,25.0,16.0,12.555555555555555,5.530864197530864,9.0,52.0,93.0,41.0,83.88888888888889,14.172839506172842,93.0,18.9984032,54.938045,35.939641800000004,26.984990266666667,12.423579881481484,18.9984032,53.5,1519.0,1465.5,379.1666666666667,506.59259259259267,53.5,7.0,17.0,10.0,14.777777777777779,3.4567901234567895,17.0,2.0,4.0,2.0,2.4444444444444446,0.6913580246913581,2.0,57.0,139.0,82.0,75.22222222222223,28.345679012345684,57.0,1.55,3.98,2.4299999999999997,3.44,0.8400000000000001,3.98,2.0,2.0,0.0,2.0,0.0,2.0,0.0,5.0,5.0,3.888888888888889,1.7283950617283952,5.0,0.0,5.0,5.0,1.1111111111111112,1.7283950617283952,0.0,0.0,0.0,0.0,0.0,0.0,0.0,7.0,7.0,0.0,7.0,0.0,7.0,0.0,0.0,0.0,0.0,0.0,0.0,0.0,1.0,1.0,0.7777777777777778,0.345679012345679,1.0,0.0,5.0,5.0,1.1111111111111112,1.7283950617283952,0.0,0.0,0.0,0.0,0.0,0.0,0.0,1.0,5.0,4.0,1.8888888888888888,1.382716049382716,1.0,9.7075,10.4875862069,0.7800862069000001,9.880852490422221,0.2696594295456786,9.7075,0.0,1.97,1.97,1.5322222222222222,0.6809876543209877,1.97,0.0,0.000310120689655,0.000310120689655,6.891570881222221e-05,0.00010720221370790124,0.0,15.0,217.0,202.0,59.888888888888886,69.82716049382715,15.0
mp-760030,V5F11,V,Monoclinic,P2_1/c,56.0000889,0.8750013890625,64,False,9.0,23.0,14.0,13.375,6.015625,9.0,46.0,93.0,47.0,78.3125,20.1953125,93.0,18.9984032,50.9415,31.9430968,28.98062095,13.72554940625,18.9984032,53.5,2183.0,2129.5,718.96875,915.01953125,53.5,5.0,17.0,12.0,13.25,5.15625,17.0,2.0,4.0,2.0,2.625,0.859375,2.0,57.0,153.0,96.0,87.0,41.25,57.0,1.63,3.98,2.35,3.245625,1.009765625,3.98,2.0,2.0,0.0,2.0,0.0,2.0,0.0,5.0,5.0,3.4375,2.1484375,5.0,0.0,3.0,3.0,0.9375,1.2890625,0.0,0.0,0.0,0.0,0.0,0.0,0.0,5.0,7.0,2.0,6.375,0.859375,7.0,0.0,0.0,0.0,0.0,0.0,0.0,0.0,1.0,1.0,0.6875,0.4296875,1.0,0.0,7.0,7.0,2.1875,3.0078125,0.0,0.0,0.0,0.0,0.0,0.0,0.0,1.0,7.0,6.0,2.875,2.578125,1.0,9.7075,13.01,3.3025,10.739531249999999,1.41904296875,9.7075,0.0,1.97,1.97,1.3543749999999999,0.8464843750000001,1.97,0.0,0.0,0.0,0.0,0.0,0.0,15.0,229.0,214.0,81.875,91.953125,15.0
mp-760168,V6F13,V,Triclinic,P-1,33.9998871,0.8947338710526317,38,False,9.0,23.0,14.0,13.421052631578947,6.049861495844875,9.0,46.0,93.0,47.0,78.15789473684211,20.31024930747922,93.0,18.9984032,50.9415,31.9430968,29.085696926315784,13.803665099168974,18.9984032,53.5,2183.0,2129.5,725.9736842105264,920.2271468144046,53.5,5.0,17.0,12.0,13.210526315789474,5.185595567867036,17.0,2.0,4.0,2.0,2.6315789473684212,0.8642659279778394,2.0,57.0,153.0,96.0,87.3157894736842,41.48476454293629,57.0,1.63,3.98,2.35,3.2378947368421054,1.0155124653739611,3.98,2.0,2.0,0.0,2.0,0.0,2.0,0.0,5.0,5.0,3.4210526315789473,2.1606648199445986,5.0,0.0,3.0,3.0,0.9473684210526315,1.2963988919667593,0.0,0.0,0.0,0.0,0.0,0.0,0.0,5.0,7.0,2.0,6.368421052631579,0.8642659279778394,7.0,0.0,0.0,0.0,0.0,0.0,0.0,0.0,1.0,1.0,0.6842105263157895,0.4321329639889196,1.0,0.0,7.0,7.0,2.210526315789474,3.0249307479224377,0.0,0.0,0.0,0.0,0.0,0.0,0.0,1.0,7.0,6.0,2.8947368421052633,2.5927977839335177,1.0,9.7075,13.01,3.3025,10.750394736842106,1.4271191135734076,9.7075,0.0,1.97,1.97,1.3478947368421053,0.8513019390581716,1.97,0.0,0.0,0.0,0.0,0.0,0.0,15.0,229.0,214.0,82.57894736842105,92.47645429362882,15.0
mp-760218,V2F7,V,Monoclinic,P2_1,11.9998875,0.3333302083333333,36,False,9.0,23.0,14.0,12.11111111111111,4.839506172839506,9.0,46.0,93.0,47.0,82.55555555555556,16.246913580246915,93.0,18.9984032,50.9415,31.9430968,26.096869155555552,11.042058153086419,18.9984032,53.5,2183.0,2129.5,526.7222222222222,736.1234567901234,53.5,5.0,17.0,12.0,14.333333333333334,4.148148148148148,17.0,2.0,4.0,2.0,2.4444444444444446,0.6913580246913581,2.0,57.0,153.0,96.0,78.33333333333333,33.18518518518518,57.0,1.63,3.98,2.35,3.4577777777777774,0.812345679012346,3.98,2.0,2.0,0.0,2.0,0.0,2.0,0.0,5.0,5.0,3.888888888888889,1.7283950617283952,5.0,0.0,3.0,3.0,0.6666666666666666,1.037037037037037,0.0,0.0,0.0,0.0,0.0,0.0,0.0,5.0,7.0,2.0,6.555555555555555,0.6913580246913581,7.0,0.0,0.0,0.0,0.0,0.0,0.0,0.0,1.0,1.0,0.7777777777777778,0.345679012345679,1.0,0.0,7.0,7.0,1.5555555555555556,2.419753086419753,0.0,0.0,0.0,0.0,0.0,0.0,0.0,1.0,7.0,6.0,2.3333333333333335,2.074074074074074,1.0,9.7075,13.01,3.3025,10.441388888888888,1.1416049382716045,9.7075,0.0,1.97,1.97,1.5322222222222222,0.6809876543209877,1.97,0.0,0.0,0.0,0.0,0.0,0.0,15.0,229.0,214.0,62.55555555555556,73.97530864197532,15.0
mp-760249,VF4,V,Orthorhombic,Pnma,7.9999998,0.199999995,40,False,9.0,23.0,14.0,11.8,4.48,9.0,46.0,93.0,47.0,83.6,15.040000000000003,93.0,18.9984032,50.9415,31.9430968,25.38702256,10.221790976,18.9984032,53.5,2183.0,2129.5,479.4,681.4399999999999,53.5,5.0,17.0,12.0,14.6,3.8400000000000007,17.0,2.0,4.0,2.0,2.4,0.6399999999999999,2.0,57.0,153.0,96.0,76.2,30.720000000000006,57.0,1.63,3.98,2.35,3.5100000000000002,0.7519999999999999,3.98,2.0,2.0,0.0,2.0,0.0,2.0,0.0,5.0,5.0,4.0,1.6,5.0,0.0,3.0,3.0,0.6,0.96,0.0,0.0,0.0,0.0,0.0,0.0,0.0,5.0,7.0,2.0,6.6,0.6400000000000002,7.0,0.0,0.0,0.0,0.0,0.0,0.0,0.0,1.0,1.0,0.8,0.31999999999999995,1.0,0.0,7.0,7.0,1.4,2.2399999999999998,0.0,0.0,0.0,0.0,0.0,0.0,0.0,1.0,7.0,6.0,2.2,1.9200000000000004,1.0,9.7075,13.01,3.3025,10.367999999999999,1.0567999999999995,9.7075,0.0,1.97,1.97,1.576,0.6304,1.97,0.0,0.0,0.0,0.0,0.0,0.0,15.0,229.0,214.0,57.8,68.47999999999999,15.0
mp-760250,VF5,V,Monoclinic,P2_1/c,0.0,0.0,48,False,9.0,23.0,14.0,11.333333333333334,3.8888888888888893,9.0,46.0,93.0,47.0,85.16666666666667,13.055555555555552,93.0,18.9984032,50.9415,31.9430968,24.322252666666667,8.873082444444446,18.9984032,53.5,2183.0,2129.5,408.4166666666667,591.5277777777778,53.5,5.0,17.0,12.0,15.0,3.3333333333333335,17.0,2.0,4.0,2.0,2.3333333333333335,0.5555555555555557,2.0,57.0,153.0,96.0,73.0,26.666666666666668,57.0,1.63,3.98,2.35,3.588333333333333,0.652777777777778,3.98,2.0,2.0,0.0,2.0,0.0,2.0,0.0,5.0,5.0,4.166666666666667,1.3888888888888886,5.0,0.0,3.0,3.0,0.5,0.8333333333333334,0.0,0.0,0.0,0.0,0.0,0.0,0.0,5.0,7.0,2.0,6.666666666666667,0.5555555555555554,7.0,0.0,0.0,0.0,0.0,0.0,0.0,0.0,1.0,1.0,0.8333333333333334,0.27777777777777773,1.0,0.0,7.0,7.0,1.1666666666666667,1.9444444444444446,0.0,0.0,0.0,0.0,0.0,0.0,0.0,1.0,7.0,6.0,2.0,1.6666666666666667,1.0,9.7075,13.01,3.3025,10.257916666666665,0.9173611111111102,9.7075,0.0,1.97,1.97,1.6416666666666666,0.5472222222222222,1.97,0.0,0.0,0.0,0.0,0.0,0.0,15.0,229.0,214.0,50.666666666666664,59.444444444444436,15.0
mp-760309,Mn2F7,Mn,Monoclinic,P2_1,2e-07,5.555555555555555e-09,36,False,9.0,25.0,16.0,12.555555555555555,5.530864197530864,9.0,52.0,93.0,41.0,83.88888888888889,14.172839506172842,93.0,18.9984032,54.938045,35.939641800000004,26.984990266666667,12.423579881481484,18.9984032,53.5,1519.0,1465.5,379.1666666666667,506.59259259259267,53.5,7.0,17.0,10.0,14.777777777777779,3.4567901234567895,17.0,2.0,4.0,2.0,2.4444444444444446,0.6913580246913581,2.0,57.0,139.0,82.0,75.22222222222223,28.345679012345684,57.0,1.55,3.98,2.4299999999999997,3.44,0.8400000000000001,3.98,2.0,2.0,0.0,2.0,0.0,2.0,0.0,5.0,5.0,3.888888888888889,1.7283950617283952,5.0,0.0,5.0,5.0,1.1111111111111112,1.7283950617283952,0.0,0.0,0.0,0.0,0.0,0.0,0.0,7.0,7.0,0.0,7.0,0.0,7.0,0.0,0.0,0.0,0.0,0.0,0.0,0.0,1.0,1.0,0.7777777777777778,0.345679012345679,1.0,0.0,5.0,5.0,1.1111111111111112,1.7283950617283952,0.0,0.0,0.0,0.0,0.0,0.0,0.0,1.0,5.0,4.0,1.8888888888888888,1.382716049382716,1.0,9.7075,10.4875862069,0.7800862069000001,9.880852490422221,0.2696594295456786,9.7075,0.0,1.97,1.97,1.5322222222222222,0.6809876543209877,1.97,0.0,0.000310120689655,0.000310120689655,6.891570881222221e-05,0.00010720221370790124,0.0,15.0,217.0,202.0,59.888888888888886,69.82716049382715,15.0
mp-760312,VF5,V,Monoclinic,P2_1/c,1.54e-05,3.2083333333333337e-07,48,False,9.0,23.0,14.0,11.333333333333334,3.8888888888888893,9.0,46.0,93.0,47.0,85.16666666666667,13.055555555555552,93.0,18.9984032,50.9415,31.9430968,24.322252666666667,8.873082444444446,18.9984032,53.5,2183.0,2129.5,408.4166666666667,591.5277777777778,53.5,5.0,17.0,12.0,15.0,3.3333333333333335,17.0,2.0,4.0,2.0,2.3333333333333335,0.5555555555555557,2.0,57.0,153.0,96.0,73.0,26.666666666666668,57.0,1.63,3.98,2.35,3.588333333333333,0.652777777777778,3.98,2.0,2.0,0.0,2.0,0.0,2.0,0.0,5.0,5.0,4.166666666666667,1.3888888888888886,5.0,0.0,3.0,3.0,0.5,0.8333333333333334,0.0,0.0,0.0,0.0,0.0,0.0,0.0,5.0,7.0,2.0,6.666666666666667,0.5555555555555554,7.0,0.0,0.0,0.0,0.0,0.0,0.0,0.0,1.0,1.0,0.8333333333333334,0.27777777777777773,1.0,0.0,7.0,7.0,1.1666666666666667,1.9444444444444446,0.0,0.0,0.0,0.0,0.0,0.0,0.0,1.0,7.0,6.0,2.0,1.6666666666666667,1.0,9.7075,13.01,3.3025,10.257916666666665,0.9173611111111102,9.7075,0.0,1.97,1.97,1.6416666666666666,0.5472222222222222,1.97,0.0,0.0,0.0,0.0,0.0,0.0,15.0,229.0,214.0,50.666666666666664,59.444444444444436,15.0
mp-760320,VF5,V,Monoclinic,P2_1/c,0.0001294,2.695833333333333e-06,48,False,9.0,23.0,14.0,11.333333333333334,3.8888888888888893,9.0,46.0,93.0,47.0,85.16666666666667,13.055555555555552,93.0,18.9984032,50.9415,31.9430968,24.322252666666667,8.873082444444446,18.9984032,53.5,2183.0,2129.5,408.4166666666667,591.5277777777778,53.5,5.0,17.0,12.0,15.0,3.3333333333333335,17.0,2.0,4.0,2.0,2.3333333333333335,0.5555555555555557,2.0,57.0,153.0,96.0,73.0,26.666666666666668,57.0,1.63,3.98,2.35,3.588333333333333,0.652777777777778,3.98,2.0,2.0,0.0,2.0,0.0,2.0,0.0,5.0,5.0,4.166666666666667,1.3888888888888886,5.0,0.0,3.0,3.0,0.5,0.8333333333333334,0.0,0.0,0.0,0.0,0.0,0.0,0.0,5.0,7.0,2.0,6.666666666666667,0.5555555555555554,7.0,0.0,0.0,0.0,0.0,0.0,0.0,0.0,1.0,1.0,0.8333333333333334,0.27777777777777773,1.0,0.0,7.0,7.0,1.1666666666666667,1.9444444444444446,0.0,0.0,0.0,0.0,0.0,0.0,0.0,1.0,7.0,6.0,2.0,1.6666666666666667,1.0,9.7075,13.01,3.3025,10.257916666666665,0.9173611111111102,9.7075,0.0,1.97,1.97,1.6416666666666666,0.5472222222222222,1.97,0.0,0.0,0.0,0.0,0.0,0.0,15.0,229.0,214.0,50.666666666666664,59.444444444444436,15.0
mp-764949,MnF3,Mn,Orthorhombic,Pbam,7.9955981,0.9994497625,8,False,9.0,25.0,16.0,13.0,6.0,9.0,52.0,93.0,41.0,82.75,15.375,93.0,18.9984032,54.938045,35.939641800000004,27.98331365,13.477365675000001,18.9984032,53.5,1519.0,1465.5,419.875,549.5625,53.5,7.0,17.0,10.0,14.5,3.75,17.0,2.0,4.0,2.0,2.5,0.75,2.0,57.0,139.0,82.0,77.5,30.75,57.0,1.55,3.98,2.4299999999999997,3.3725,0.9112499999999999,3.98,2.0,2.0,0.0,2.0,0.0,2.0,0.0,5.0,5.0,3.75,1.875,5.0,0.0,5.0,5.0,1.25,1.875,0.0,0.0,0.0,0.0,0.0,0.0,0.0,7.0,7.0,0.0,7.0,0.0,7.0,0.0,0.0,0.0,0.0,0.0,0.0,0.0,1.0,1.0,0.75,0.375,1.0,0.0,5.0,5.0,1.25,1.875,0.0,0.0,0.0,0.0,0.0,0.0,0.0,1.0,5.0,4.0,2.0,1.5,1.0,9.7075,10.4875862069,0.7800862069000001,9.902521551725,0.29253232758750025,9.7075,0.0,1.97,1.97,1.4775,0.73875,1.97,0.0,0.000310120689655,0.000310120689655,7.753017241375e-05,0.000116295258620625,0.0,15.0,217.0,202.0,65.5,75.75,15.0
mp-764959,VF5,V,Orthorhombic,Pnma,0.0,0.0,24,False,9.0,23.0,14.0,11.333333333333334,3.8888888888888893,9.0,46.0,93.0,47.0,85.16666666666667,13.055555555555552,93.0,18.9984032,50.9415,31.9430968,24.322252666666667,8.873082444444446,18.9984032,53.5,2183.0,2129.5,408.4166666666667,591.5277777777778,53.5,5.0,17.0,12.0,15.0,3.3333333333333335,17.0,2.0,4.0,2.0,2.3333333333333335,0.5555555555555557,2.0,57.0,153.0,96.0,73.0,26.666666666666668,57.0,1.63,3.98,2.35,3.588333333333333,0.652777777777778,3.98,2.0,2.0,0.0,2.0,0.0,2.0,0.0,5.0,5.0,4.166666666666667,1.3888888888888886,5.0,0.0,3.0,3.0,0.5,0.8333333333333334,0.0,0.0,0.0,0.0,0.0,0.0,0.0,5.0,7.0,2.0,6.666666666666667,0.5555555555555554,7.0,0.0,0.0,0.0,0.0,0.0,0.0,0.0,1.0,1.0,0.8333333333333334,0.27777777777777773,1.0,0.0,7.0,7.0,1.1666666666666667,1.9444444444444446,0.0,0.0,0.0,0.0,0.0,0.0,0.0,1.0,7.0,6.0,2.0,1.6666666666666667,1.0,9.7075,13.01,3.3025,10.257916666666665,0.9173611111111102,9.7075,0.0,1.97,1.97,1.6416666666666666,0.5472222222222222,1.97,0.0,0.0,0.0,0.0,0.0,0.0,15.0,229.0,214.0,50.666666666666664,59.444444444444436,15.0
mp-765600,VF5,V,Monoclinic,P2_1/c,0.0014765,6.152083333333334e-05,24,False,9.0,23.0,14.0,11.333333333333334,3.8888888888888893,9.0,46.0,93.0,47.0,85.16666666666667,13.055555555555552,93.0,18.9984032,50.9415,31.9430968,24.322252666666667,8.873082444444446,18.9984032,53.5,2183.0,2129.5,408.4166666666667,591.5277777777778,53.5,5.0,17.0,12.0,15.0,3.3333333333333335,17.0,2.0,4.0,2.0,2.3333333333333335,0.5555555555555557,2.0,57.0,153.0,96.0,73.0,26.666666666666668,57.0,1.63,3.98,2.35,3.588333333333333,0.652777777777778,3.98,2.0,2.0,0.0,2.0,0.0,2.0,0.0,5.0,5.0,4.166666666666667,1.3888888888888886,5.0,0.0,3.0,3.0,0.5,0.8333333333333334,0.0,0.0,0.0,0.0,0.0,0.0,0.0,5.0,7.0,2.0,6.666666666666667,0.5555555555555554,7.0,0.0,0.0,0.0,0.0,0.0,0.0,0.0,1.0,1.0,0.8333333333333334,0.27777777777777773,1.0,0.0,7.0,7.0,1.1666666666666667,1.9444444444444446,0.0,0.0,0.0,0.0,0.0,0.0,0.0,1.0,7.0,6.0,2.0,1.6666666666666667,1.0,9.7075,13.01,3.3025,10.257916666666665,0.9173611111111102,9.7075,0.0,1.97,1.97,1.6416666666666666,0.5472222222222222,1.97,0.0,0.0,0.0,0.0,0.0,0.0,15.0,229.0,214.0,50.666666666666664,59.444444444444436,15.0
mp-765621,VF5,V,Orthorhombic,P2_12_12_1,0.0,0.0,24,False,9.0,23.0,14.0,11.333333333333334,3.8888888888888893,9.0,46.0,93.0,47.0,85.16666666666667,13.055555555555552,93.0,18.9984032,50.9415,31.9430968,24.322252666666667,8.873082444444446,18.9984032,53.5,2183.0,2129.5,408.4166666666667,591.5277777777778,53.5,5.0,17.0,12.0,15.0,3.3333333333333335,17.0,2.0,4.0,2.0,2.3333333333333335,0.5555555555555557,2.0,57.0,153.0,96.0,73.0,26.666666666666668,57.0,1.63,3.98,2.35,3.588333333333333,0.652777777777778,3.98,2.0,2.0,0.0,2.0,0.0,2.0,0.0,5.0,5.0,4.166666666666667,1.3888888888888886,5.0,0.0,3.0,3.0,0.5,0.8333333333333334,0.0,0.0,0.0,0.0,0.0,0.0,0.0,5.0,7.0,2.0,6.666666666666667,0.5555555555555554,7.0,0.0,0.0,0.0,0.0,0.0,0.0,0.0,1.0,1.0,0.8333333333333334,0.27777777777777773,1.0,0.0,7.0,7.0,1.1666666666666667,1.9444444444444446,0.0,0.0,0.0,0.0,0.0,0.0,0.0,1.0,7.0,6.0,2.0,1.6666666666666667,1.0,9.7075,13.01,3.3025,10.257916666666665,0.9173611111111102,9.7075,0.0,1.97,1.97,1.6416666666666666,0.5472222222222222,1.97,0.0,0.0,0.0,0.0,0.0,0.0,15.0,229.0,214.0,50.666666666666664,59.444444444444436,15.0
mp-765624,VF5,V,Monoclinic,P2_1/c,8.47e-05,3.529166666666666e-06,24,False,9.0,23.0,14.0,11.333333333333334,3.8888888888888893,9.0,46.0,93.0,47.0,85.16666666666667,13.055555555555552,93.0,18.9984032,50.9415,31.9430968,24.322252666666667,8.873082444444446,18.9984032,53.5,2183.0,2129.5,408.4166666666667,591.5277777777778,53.5,5.0,17.0,12.0,15.0,3.3333333333333335,17.0,2.0,4.0,2.0,2.3333333333333335,0.5555555555555557,2.0,57.0,153.0,96.0,73.0,26.666666666666668,57.0,1.63,3.98,2.35,3.588333333333333,0.652777777777778,3.98,2.0,2.0,0.0,2.0,0.0,2.0,0.0,5.0,5.0,4.166666666666667,1.3888888888888886,5.0,0.0,3.0,3.0,0.5,0.8333333333333334,0.0,0.0,0.0,0.0,0.0,0.0,0.0,5.0,7.0,2.0,6.666666666666667,0.5555555555555554,7.0,0.0,0.0,0.0,0.0,0.0,0.0,0.0,1.0,1.0,0.8333333333333334,0.27777777777777773,1.0,0.0,7.0,7.0,1.1666666666666667,1.9444444444444446,0.0,0.0,0.0,0.0,0.0,0.0,0.0,1.0,7.0,6.0,2.0,1.6666666666666667,1.0,9.7075,13.01,3.3025,10.257916666666665,0.9173611111111102,9.7075,0.0,1.97,1.97,1.6416666666666666,0.5472222222222222,1.97,0.0,0.0,0.0,0.0,0.0,0.0,15.0,229.0,214.0,50.666666666666664,59.444444444444436,15.0
mp-765633,MnF3,Mn,Trigonal,P321,24.0010412,1.000043383333333,24,False,9.0,25.0,16.0,13.0,6.0,9.0,52.0,93.0,41.0,82.75,15.375,93.0,18.9984032,54.938045,35.939641800000004,27.98331365,13.477365675000001,18.9984032,53.5,1519.0,1465.5,419.875,549.5625,53.5,7.0,17.0,10.0,14.5,3.75,17.0,2.0,4.0,2.0,2.5,0.75,2.0,57.0,139.0,82.0,77.5,30.75,57.0,1.55,3.98,2.4299999999999997,3.3725,0.9112499999999999,3.98,2.0,2.0,0.0,2.0,0.0,2.0,0.0,5.0,5.0,3.75,1.875,5.0,0.0,5.0,5.0,1.25,1.875,0.0,0.0,0.0,0.0,0.0,0.0,0.0,7.0,7.0,0.0,7.0,0.0,7.0,0.0,0.0,0.0,0.0,0.0,0.0,0.0,1.0,1.0,0.75,0.375,1.0,0.0,5.0,5.0,1.25,1.875,0.0,0.0,0.0,0.0,0.0,0.0,0.0,1.0,5.0,4.0,2.0,1.5,1.0,9.7075,10.4875862069,0.7800862069000001,9.902521551725,0.29253232758750025,9.7075,0.0,1.97,1.97,1.4775,0.73875,1.97,0.0,0.000310120689655,0.000310120689655,7.753017241375e-05,0.000116295258620625,0.0,15.0,217.0,202.0,65.5,75.75,15.0
mp-765637,V3F10,V,Orthorhombic,Pmma,10.000449,0.3846326538461538,26,False,9.0,23.0,14.0,12.23076923076923,4.970414201183432,9.0,46.0,93.0,47.0,82.15384615384616,16.686390532544376,93.0,18.9984032,50.9415,31.9430968,26.369887076923078,11.340744426035505,18.9984032,53.5,2183.0,2129.5,544.9230769230769,756.03550295858,53.5,5.0,17.0,12.0,14.23076923076923,4.260355029585799,17.0,2.0,4.0,2.0,2.4615384615384617,0.7100591715976332,2.0,57.0,153.0,96.0,79.15384615384616,34.082840236686394,57.0,1.63,3.98,2.35,3.4376923076923074,0.8343195266272191,3.98,2.0,2.0,0.0,2.0,0.0,2.0,0.0,5.0,5.0,3.8461538461538463,1.7751479289940826,5.0,0.0,3.0,3.0,0.6923076923076923,1.0650887573964498,0.0,0.0,0.0,0.0,0.0,0.0,0.0,5.0,7.0,2.0,6.538461538461538,0.7100591715976332,7.0,0.0,0.0,0.0,0.0,0.0,0.0,0.0,1.0,1.0,0.7692307692307693,0.35502958579881655,1.0,0.0,7.0,7.0,1.6153846153846154,2.485207100591716,0.0,0.0,0.0,0.0,0.0,0.0,0.0,1.0,7.0,6.0,2.3846153846153846,2.1301775147928996,1.0,9.7075,13.01,3.3025,10.469615384615384,1.1724852071005918,9.7075,0.0,1.97,1.97,1.5153846153846153,0.6994082840236686,1.97,0.0,0.0,0.0,0.0,0.0,0.0,15.0,229.0,214.0,64.38461538461539,75.97633136094674,15.0
mp-765646,VF5,V,Orthorhombic,Pnma,0.0,0.0,24,False,9.0,23.0,14.0,11.333333333333334,3.8888888888888893,9.0,46.0,93.0,47.0,85.16666666666667,13.055555555555552,93.0,18.9984032,50.9415,31.9430968,24.322252666666667,8.873082444444446,18.9984032,53.5,2183.0,2129.5,408.4166666666667,591.5277777777778,53.5,5.0,17.0,12.0,15.0,3.3333333333333335,17.0,2.0,4.0,2.0,2.3333333333333335,0.5555555555555557,2.0,57.0,153.0,96.0,73.0,26.666666666666668,57.0,1.63,3.98,2.35,3.588333333333333,0.652777777777778,3.98,2.0,2.0,0.0,2.0,0.0,2.0,0.0,5.0,5.0,4.166666666666667,1.3888888888888886,5.0,0.0,3.0,3.0,0.5,0.8333333333333334,0.0,0.0,0.0,0.0,0.0,0.0,0.0,5.0,7.0,2.0,6.666666666666667,0.5555555555555554,7.0,0.0,0.0,0.0,0.0,0.0,0.0,0.0,1.0,1.0,0.8333333333333334,0.27777777777777773,1.0,0.0,7.0,7.0,1.1666666666666667,1.9444444444444446,0.0,0.0,0.0,0.0,0.0,0.0,0.0,1.0,7.0,6.0,2.0,1.6666666666666667,1.0,9.7075,13.01,3.3025,10.257916666666665,0.9173611111111102,9.7075,0.0,1.97,1.97,1.6416666666666666,0.5472222222222222,1.97,0.0,0.0,0.0,0.0,0.0,0.0,15.0,229.0,214.0,50.666666666666664,59.444444444444436,15.0
mp-765663,VF3,V,Tetragonal,P4_2/mnm,8.0048664,0.50030415,16,False,9.0,23.0,14.0,12.5,5.25,9.0,46.0,93.0,47.0,81.25,17.625,93.0,18.9984032,50.9415,31.9430968,26.9841774,11.9786613,18.9984032,53.5,2183.0,2129.5,585.875,798.5625,53.5,5.0,17.0,12.0,14.0,4.5,17.0,2.0,4.0,2.0,2.5,0.75,2.0,57.0,153.0,96.0,81.0,36.0,57.0,1.63,3.98,2.35,3.3925,0.88125,3.98,2.0,2.0,0.0,2.0,0.0,2.0,0.0,5.0,5.0,3.75,1.875,5.0,0.0,3.0,3.0,0.75,1.125,0.0,0.0,0.0,0.0,0.0,0.0,0.0,5.0,7.0,2.0,6.5,0.75,7.0,0.0,0.0,0.0,0.0,0.0,0.0,0.0,1.0,1.0,0.75,0.375,1.0,0.0,7.0,7.0,1.75,2.625,0.0,0.0,0.0,0.0,0.0,0.0,0.0,1.0,7.0,6.0,2.5,2.25,1.0,9.7075,13.01,3.3025,10.533125,1.2384375000000003,9.7075,0.0,1.97,1.97,1.4775,0.73875,1.97,0.0,0.0,0.0,0.0,0.0,0.0,15.0,229.0,214.0,68.5,80.25,15.0
mp-765724,VF4,V,Trigonal,R-3,6.0001231,0.2000041033333333,30,False,9.0,23.0,14.0,11.8,4.48,9.0,46.0,93.0,47.0,83.6,15.040000000000003,93.0,18.9984032,50.9415,31.9430968,25.38702256,10.221790976,18.9984032,53.5,2183.0,2129.5,479.4,681.4399999999999,53.5,5.0,17.0,12.0,14.6,3.8400000000000007,17.0,2.0,4.0,2.0,2.4,0.6399999999999999,2.0,57.0,153.0,96.0,76.2,30.720000000000006,57.0,1.63,3.98,2.35,3.5100000000000002,0.7519999999999999,3.98,2.0,2.0,0.0,2.0,0.0,2.0,0.0,5.0,5.0,4.0,1.6,5.0,0.0,3.0,3.0,0.6,0.96,0.0,0.0,0.0,0.0,0.0,0.0,0.0,5.0,7.0,2.0,6.6,0.6400000000000002,7.0,0.0,0.0,0.0,0.0,0.0,0.0,0.0,1.0,1.0,0.8,0.31999999999999995,1.0,0.0,7.0,7.0,1.4,2.2399999999999998,0.0,0.0,0.0,0.0,0.0,0.0,0.0,1.0,7.0,6.0,2.2,1.9200000000000004,1.0,9.7075,13.01,3.3025,10.367999999999999,1.0567999999999995,9.7075,0.0,1.97,1.97,1.576,0.6304,1.97,0.0,0.0,0.0,0.0,0.0,0.0,15.0,229.0,214.0,57.8,68.47999999999999,15.0
mp-766789,MnF3,Mn,Trigonal,P321,24.0021603,1.0000900125,24,False,9.0,25.0,16.0,13.0,6.0,9.0,52.0,93.0,41.0,82.75,15.375,93.0,18.9984032,54.938045,35.939641800000004,27.98331365,13.477365675000001,18.9984032,53.5,1519.0,1465.5,419.875,549.5625,53.5,7.0,17.0,10.0,14.5,3.75,17.0,2.0,4.0,2.0,2.5,0.75,2.0,57.0,139.0,82.0,77.5,30.75,57.0,1.55,3.98,2.4299999999999997,3.3725,0.9112499999999999,3.98,2.0,2.0,0.0,2.0,0.0,2.0,0.0,5.0,5.0,3.75,1.875,5.0,0.0,5.0,5.0,1.25,1.875,0.0,0.0,0.0,0.0,0.0,0.0,0.0,7.0,7.0,0.0,7.0,0.0,7.0,0.0,0.0,0.0,0.0,0.0,0.0,0.0,1.0,1.0,0.75,0.375,1.0,0.0,5.0,5.0,1.25,1.875,0.0,0.0,0.0,0.0,0.0,0.0,0.0,1.0,5.0,4.0,2.0,1.5,1.0,9.7075,10.4875862069,0.7800862069000001,9.902521551725,0.29253232758750025,9.7075,0.0,1.97,1.97,1.4775,0.73875,1.97,0.0,0.000310120689655,0.000310120689655,7.753017241375e-05,0.000116295258620625,0.0,15.0,217.0,202.0,65.5,75.75,15.0
mp-768262,V3F10,V,Monoclinic,Pc,10.0000803,0.3846184730769231,26,False,9.0,23.0,14.0,12.23076923076923,4.970414201183432,9.0,46.0,93.0,47.0,82.15384615384616,16.686390532544376,93.0,18.9984032,50.9415,31.9430968,26.369887076923078,11.340744426035505,18.9984032,53.5,2183.0,2129.5,544.9230769230769,756.03550295858,53.5,5.0,17.0,12.0,14.23076923076923,4.260355029585799,17.0,2.0,4.0,2.0,2.4615384615384617,0.7100591715976332,2.0,57.0,153.0,96.0,79.15384615384616,34.082840236686394,57.0,1.63,3.98,2.35,3.4376923076923074,0.8343195266272191,3.98,2.0,2.0,0.0,2.0,0.0,2.0,0.0,5.0,5.0,3.8461538461538463,1.7751479289940826,5.0,0.0,3.0,3.0,0.6923076923076923,1.0650887573964498,0.0,0.0,0.0,0.0,0.0,0.0,0.0,5.0,7.0,2.0,6.538461538461538,0.7100591715976332,7.0,0.0,0.0,0.0,0.0,0.0,0.0,0.0,1.0,1.0,0.7692307692307693,0.35502958579881655,1.0,0.0,7.0,7.0,1.6153846153846154,2.485207100591716,0.0,0.0,0.0,0.0,0.0,0.0,0.0,1.0,7.0,6.0,2.3846153846153846,2.1301775147928996,1.0,9.7075,13.01,3.3025,10.469615384615384,1.1724852071005918,9.7075,0.0,1.97,1.97,1.5153846153846153,0.6994082840236686,1.97,0.0,0.0,0.0,0.0,0.0,0.0,15.0,229.0,214.0,64.38461538461539,75.97633136094674,15.0
mp-7709,ZnF2,Zn,Orthorhombic,Pbcn,0.0,0.0,12,False,9.0,30.0,21.0,16.0,9.333333333333334,9.0,69.0,93.0,24.0,85.0,10.666666666666666,93.0,18.9984032,65.38,46.3815968,34.45893546666667,20.614043022222223,18.9984032,53.5,692.68,639.18,266.56,284.08,53.5,12.0,17.0,5.0,15.333333333333334,2.222222222222222,17.0,2.0,4.0,2.0,2.6666666666666665,0.8888888888888888,2.0,57.0,122.0,65.0,78.66666666666667,28.88888888888889,57.0,1.65,3.98,2.33,3.203333333333333,1.0355555555555556,3.98,2.0,2.0,0.0,2.0,0.0,2.0,0.0,5.0,5.0,3.3333333333333335,2.222222222222222,5.0,0.0,10.0,10.0,3.3333333333333335,4.444444444444444,0.0,0.0,0.0,0.0,0.0,0.0,0.0,7.0,12.0,5.0,8.666666666666666,2.222222222222222,7.0,0.0,0.0,0.0,0.0,0.0,0.0,0.0,1.0,1.0,0.6666666666666666,0.4444444444444445,1.0,0.0,0.0,0.0,0.0,0.0,0.0,0.0,0.0,0.0,0.0,0.0,0.0,0.0,1.0,1.0,0.6666666666666666,0.4444444444444445,1.0,9.7075,13.96,4.252500000000001,11.125,1.8900000000000006,9.7075,0.0,1.97,1.97,1.3133333333333332,0.8755555555555556,1.97,0.0,0.0,0.0,0.0,0.0,0.0,15.0,194.0,179.0,74.66666666666667,79.55555555555556,15.0
mp-7715,AgF2,Ag,Monoclinic,P2_1/c,1e-07,1.6666666666666667e-08,6,False,9.0,47.0,38.0,21.666666666666668,16.88888888888889,9.0,65.0,93.0,28.0,83.66666666666667,12.444444444444443,93.0,18.9984032,107.8682,88.8697968,48.6216688,39.49768746666667,18.9984032,53.5,1234.93,1181.43,447.31,525.08,53.5,11.0,17.0,6.0,15.0,2.6666666666666665,17.0,2.0,5.0,3.0,3.0,1.3333333333333333,2.0,57.0,145.0,88.0,86.33333333333333,39.11111111111111,57.0,1.93,3.98,2.05,3.296666666666667,0.9111111111111111,3.98,1.0,2.0,1.0,1.6666666666666667,0.4444444444444444,2.0,0.0,5.0,5.0,3.3333333333333335,2.222222222222222,5.0,0.0,10.0,10.0,3.3333333333333335,4.444444444444444,0.0,0.0,0.0,0.0,0.0,0.0,0.0,7.0,11.0,4.0,8.333333333333334,1.777777777777778,7.0,0.0,1.0,1.0,0.3333333333333333,0.4444444444444445,0.0,0.0,1.0,1.0,0.6666666666666666,0.4444444444444445,1.0,0.0,0.0,0.0,0.0,0.0,0.0,0.0,0.0,0.0,0.0,0.0,0.0,1.0,1.0,0.0,1.0,0.0,1.0,9.7075,16.33,6.622499999999999,11.915,2.943333333333333,9.7075,0.0,1.97,1.97,1.3133333333333332,0.8755555555555556,1.97,0.0,0.0,0.0,0.0,0.0,0.0,15.0,225.0,210.0,85.0,93.33333333333333,15.0
mp-8177,HgF2,Hg,Cubic,Fm-3m,9e-05,3e-05,3,True,9.0,80.0,71.0,32.666666666666664,31.555555555555554,9.0,71.0,93.0,22.0,85.66666666666667,9.777777777777777,93.0,18.9984032,200.59,181.5915968,79.52893546666667,80.70737635555555,18.9984032,53.5,234.32,180.82,113.77333333333333,80.36444444444443,53.5,12.0,17.0,5.0,15.333333333333334,2.222222222222222,17.0,2.0,6.0,4.0,3.3333333333333335,1.777777777777778,2.0,57.0,132.0,75.0,82.0,33.333333333333336,57.0,2.0,3.98,1.98,3.3200000000000003,0.8799999999999999,3.98,2.0,2.0,0.0,2.0,0.0,2.0,0.0,5.0,5.0,3.3333333333333335,2.222222222222222,5.0,0.0,10.0,10.0,3.3333333333333335,4.444444444444444,0.0,0.0,14.0,14.0,4.666666666666667,6.222222222222221,0.0,7.0,26.0,19.0,13.333333333333334,8.444444444444445,7.0,0.0,0.0,0.0,0.0,0.0,0.0,0.0,1.0,1.0,0.6666666666666666,0.4444444444444445,1.0,0.0,0.0,0.0,0.0,0.0,0.0,0.0,0.0,0.0,0.0,0.0,0.0,0.0,1.0,1.0,0.6666666666666666,0.4444444444444445,1.0,9.7075,25.2375862069,15.530086206900002,14.8841954023,6.9022605364,9.7075,0.0,1.97,1.97,1.3133333333333332,0.8755555555555556,1.97,0.0,0.0,0.0,0.0,0.0,0.0,15.0,166.0,151.0,65.33333333333333,67.1111111111111,15.0
mp-8338,TaF3,Ta,Cubic,Pm-3m,1.9999716,0.4999929,4,False,9.0,73.0,64.0,25.0,24.0,9.0,48.0,93.0,45.0,81.75,16.875,93.0,18.9984032,180.94788,161.9494768,59.4857724,60.7310538,18.9984032,53.5,3290.0,3236.5,862.625,1213.6875,53.5,5.0,17.0,12.0,14.0,4.5,17.0,2.0,6.0,4.0,3.0,1.5,2.0,57.0,170.0,113.0,85.25,42.375,57.0,1.5,3.98,2.48,3.36,0.93,3.98,2.0,2.0,0.0,2.0,0.0,2.0,0.0,5.0,5.0,3.75,1.875,5.0,0.0,3.0,3.0,0.75,1.125,0.0,0.0,14.0,14.0,3.5,5.25,0.0,7.0,19.0,12.0,10.0,4.5,7.0,0.0,0.0,0.0,0.0,0.0,0.0,0.0,1.0,1.0,0.75,0.375,1.0,0.0,7.0,7.0,1.75,2.625,0.0,0.0,0.0,0.0,0.0,0.0,0.0,1.0,7.0,6.0,2.5,2.25,1.0,9.7075,18.12,8.412500000000001,11.810625,3.1546875000000005,9.7075,0.0,1.97,1.97,1.4775,0.73875,1.97,0.0,0.0,0.0,0.0,0.0,0.0,15.0,229.0,214.0,68.5,80.25,15.0
mp-850937,VF4,V,Monoclinic,P2_1/c,4.0000003,0.200000015,20,False,9.0,23.0,14.0,11.8,4.48,9.0,46.0,93.0,47.0,83.6,15.040000000000003,93.0,18.9984032,50.9415,31.9430968,25.38702256,10.221790976,18.9984032,53.5,2183.0,2129.5,479.4,681.4399999999999,53.5,5.0,17.0,12.0,14.6,3.8400000000000007,17.0,2.0,4.0,2.0,2.4,0.6399999999999999,2.0,57.0,153.0,96.0,76.2,30.720000000000006,57.0,1.63,3.98,2.35,3.5100000000000002,0.7519999999999999,3.98,2.0,2.0,0.0,2.0,0.0,2.0,0.0,5.0,5.0,4.0,1.6,5.0,0.0,3.0,3.0,0.6,0.96,0.0,0.0,0.0,0.0,0.0,0.0,0.0,5.0,7.0,2.0,6.6,0.6400000000000002,7.0,0.0,0.0,0.0,0.0,0.0,0.0,0.0,1.0,1.0,0.8,0.31999999999999995,1.0,0.0,7.0,7.0,1.4,2.2399999999999998,0.0,0.0,0.0,0.0,0.0,0.0,0.0,1.0,7.0,6.0,2.2,1.9200000000000004,1.0,9.7075,13.01,3.3025,10.367999999999999,1.0567999999999995,9.7075,0.0,1.97,1.97,1.576,0.6304,1.97,0.0,0.0,0.0,0.0,0.0,0.0,15.0,229.0,214.0,57.8,68.47999999999999,15.0
mp-860537,CoF3,Co,Trigonal,P321,2e-07,1.6666666666666667e-08,12,False,9.0,27.0,18.0,13.5,6.75,9.0,58.0,93.0,35.0,84.25,13.125,93.0,18.9984032,58.933195,39.9347918,28.98210115,14.975546925,18.9984032,53.5,1768.0,1714.5,482.125,642.9375,53.5,9.0,17.0,8.0,15.0,3.0,17.0,2.0,4.0,2.0,2.5,0.75,2.0,57.0,126.0,69.0,74.25,25.875,57.0,1.88,3.98,2.1,3.455,0.7875,3.98,2.0,2.0,0.0,2.0,0.0,2.0,0.0,5.0,5.0,3.75,1.875,5.0,0.0,7.0,7.0,1.75,2.625,0.0,0.0,0.0,0.0,0.0,0.0,0.0,7.0,9.0,2.0,7.5,0.75,7.0,0.0,0.0,0.0,0.0,0.0,0.0,0.0,1.0,1.0,0.75,0.375,1.0,0.0,3.0,3.0,0.75,1.125,0.0,0.0,0.0,0.0,0.0,0.0,0.0,1.0,3.0,2.0,1.5,0.75,1.0,9.7075,10.245,0.5374999999999996,9.841875,0.2015625000000001,9.7075,0.0,1.97,1.97,1.4775,0.73875,1.97,0.0,1.5484712,1.5484712,0.3871178,0.5806767,0.0,15.0,194.0,179.0,59.75,67.125,15.0
mp-861945,Ag2F3,Ag,Trigonal,R-3c,1.9975643,0.19975643,10,False,9.0,47.0,38.0,24.2,18.24,9.0,65.0,93.0,28.0,81.8,13.440000000000001,93.0,18.9984032,107.8682,88.8697968,54.546321920000004,42.657502464000004,18.9984032,53.5,1234.93,1181.43,526.072,567.0863999999999,53.5,11.0,17.0,6.0,14.6,2.88,17.0,2.0,5.0,3.0,3.2,1.44,2.0,57.0,145.0,88.0,92.2,42.239999999999995,57.0,1.93,3.98,2.05,3.1599999999999997,0.984,3.98,1.0,2.0,1.0,1.6,0.48,2.0,0.0,5.0,5.0,3.0,2.4,5.0,0.0,10.0,10.0,4.0,4.8,0.0,0.0,0.0,0.0,0.0,0.0,0.0,7.0,11.0,4.0,8.6,1.92,7.0,0.0,1.0,1.0,0.4,0.4800000000000001,0.0,0.0,1.0,1.0,0.6,0.4800000000000001,1.0,0.0,0.0,0.0,0.0,0.0,0.0,0.0,0.0,0.0,0.0,0.0,0.0,1.0,1.0,0.0,1.0,0.0,1.0,9.7075,16.33,6.622499999999999,12.3565,3.1788,9.7075,0.0,1.97,1.97,1.182,0.9456,1.97,0.0,0.0,0.0,0.0,0.0,0.0,15.0,225.0,210.0,99.0,100.8,15.0
mp-862329,ScI2,Sc,Tetragonal,P4_2/mnm,1.9711637,0.3285272833333333,6,False,21.0,53.0,32.0,42.333333333333336,14.222222222222221,53.0,11.0,96.0,85.0,67.66666666666667,37.77777777777778,96.0,44.955912,126.90447,81.948558,99.588284,36.421581333333336,126.90447,386.85,1814.0,1427.15,862.5666666666666,634.2888888888889,386.85,3.0,17.0,14.0,12.333333333333334,6.222222222222221,17.0,4.0,5.0,1.0,4.666666666666667,0.44444444444444436,5.0,139.0,170.0,31.0,149.33333333333334,13.77777777777778,139.0,1.36,2.66,1.3,2.226666666666667,0.5777777777777777,2.66,2.0,2.0,0.0,2.0,0.0,2.0,0.0,5.0,5.0,3.3333333333333335,2.222222222222222,5.0,1.0,10.0,9.0,7.0,4.0,10.0,0.0,0.0,0.0,0.0,0.0,0.0,3.0,17.0,14.0,12.333333333333334,6.222222222222221,17.0,0.0,0.0,0.0,0.0,0.0,0.0,0.0,1.0,1.0,0.6666666666666666,0.4444444444444445,1.0,0.0,9.0,9.0,3.0,4.0,0.0,0.0,0.0,0.0,0.0,0.0,0.0,1.0,9.0,8.0,3.6666666666666665,3.555555555555556,1.0,22.235,43.015,20.78,36.08833333333333,9.235555555555557,43.015,0.0,1.062,1.062,0.7080000000000001,0.472,1.062,0.0,6.35e-06,6.35e-06,2.1166666666666666e-06,2.8222222222222227e-06,0.0,64.0,194.0,130.0,107.33333333333333,57.77777777777777,64.0
mp-862565,ScBr2,Sc,Tetragonal,P4_2/mnm,2.0003274,0.3333879,6,False,21.0,35.0,14.0,30.333333333333332,6.222222222222222,35.0,11.0,95.0,84.0,67.0,37.333333333333336,95.0,44.955912,79.904,34.948088,68.25463733333333,15.532483555555553,79.904,265.8,1814.0,1548.2,781.8666666666667,688.0888888888888,265.8,3.0,17.0,14.0,12.333333333333334,6.222222222222221,17.0,4.0,4.0,0.0,4.0,0.0,4.0,120.0,170.0,50.0,136.66666666666666,22.222222222222218,120.0,1.36,2.96,1.5999999999999999,2.4266666666666667,0.7111111111111109,2.96,2.0,2.0,0.0,2.0,0.0,2.0,0.0,5.0,5.0,3.3333333333333335,2.222222222222222,5.0,1.0,10.0,9.0,7.0,4.0,10.0,0.0,0.0,0.0,0.0,0.0,0.0,3.0,17.0,14.0,12.333333333333334,6.222222222222221,17.0,0.0,0.0,0.0,0.0,0.0,0.0,0.0,1.0,1.0,0.6666666666666666,0.4444444444444445,1.0,0.0,9.0,9.0,3.0,4.0,0.0,0.0,0.0,0.0,0.0,0.0,0.0,1.0,9.0,8.0,3.6666666666666665,3.555555555555556,1.0,22.235,29.48,7.245000000000001,27.064999999999998,3.220000000000001,29.48,0.0,1.457,1.457,0.9713333333333334,0.6475555555555556,1.457,0.0,6.35e-06,6.35e-06,2.1166666666666666e-06,2.8222222222222227e-06,0.0,64.0,194.0,130.0,107.33333333333333,57.77777777777777,64.0
mp-862601,RhI2,Rh,Tetragonal,P4_2/mnm,0.0032574,0.0005429,6,False,45.0,53.0,8.0,50.333333333333336,3.555555555555555,53.0,59.0,96.0,37.0,83.66666666666667,16.444444444444443,96.0,102.9055,126.90447,23.99897,118.90481333333334,10.666208888888889,126.90447,386.85,2237.0,1850.15,1003.5666666666666,822.2888888888889,386.85,9.0,17.0,8.0,14.333333333333334,3.5555555555555554,17.0,5.0,5.0,0.0,5.0,0.0,5.0,139.0,142.0,3.0,140.0,1.3333333333333333,139.0,2.28,2.66,0.38000000000000034,2.533333333333333,0.1688888888888891,2.66,1.0,2.0,1.0,1.6666666666666667,0.4444444444444444,2.0,0.0,5.0,5.0,3.3333333333333335,2.222222222222222,5.0,8.0,10.0,2.0,9.333333333333334,0.8888888888888887,10.0,0.0,0.0,0.0,0.0,0.0,0.0,9.0,17.0,8.0,14.333333333333334,3.5555555555555554,17.0,0.0,1.0,1.0,0.3333333333333333,0.4444444444444445,0.0,0.0,1.0,1.0,0.6666666666666666,0.4444444444444445,1.0,0.0,2.0,2.0,0.6666666666666666,0.888888888888889,0.0,0.0,0.0,0.0,0.0,0.0,0.0,1.0,3.0,2.0,1.6666666666666667,0.888888888888889,1.0,13.64,43.015,29.375,33.223333333333336,13.055555555555555,43.015,0.0,1.062,1.062,0.7080000000000001,0.472,1.062,0.0,0.0,0.0,0.0,0.0,0.0,64.0,225.0,161.0,117.66666666666667,71.55555555555556,64.0
mp-862845,IrCl2,Ir,Tetragonal,P4_2/mnm,0.0003718,6.196666666666666e-05,6,False,17.0,77.0,60.0,37.0,26.666666666666668,17.0,60.0,94.0,34.0,82.66666666666667,15.111111111111109,94.0,35.453,192.217,156.764,87.70766666666668,69.67288888888889,35.453,171.6,2739.0,2567.4,1027.3999999999999,1141.0666666666666,171.6,9.0,17.0,8.0,14.333333333333334,3.5555555555555554,17.0,3.0,6.0,3.0,4.0,1.3333333333333333,3.0,102.0,141.0,39.0,115.0,17.333333333333332,102.0,2.2,3.16,0.96,2.84,0.42666666666666675,3.16,2.0,2.0,0.0,2.0,0.0,2.0,0.0,5.0,5.0,3.3333333333333335,2.222222222222222,5.0,0.0,7.0,7.0,2.3333333333333335,3.1111111111111107,0.0,0.0,14.0,14.0,4.666666666666667,6.222222222222221,0.0,7.0,23.0,16.0,12.333333333333334,7.111111111111112,7.0,0.0,0.0,0.0,0.0,0.0,0.0,0.0,1.0,1.0,0.6666666666666666,0.4444444444444445,1.0,0.0,3.0,3.0,1.0,1.3333333333333333,0.0,0.0,0.0,0.0,0.0,0.0,0.0,1.0,3.0,2.0,1.6666666666666667,0.888888888888889,1.0,14.21,24.4975,10.287499999999998,21.06833333333333,4.572222222222222,24.4975,0.0,2.493,2.493,1.662,1.1079999999999999,2.493,0.0,0.0,0.0,0.0,0.0,0.0,64.0,225.0,161.0,117.66666666666667,71.55555555555556,64.0
mp-862982,Ag2Br3,Ag,Trigonal,R-3c,0.0005265,5.264999999999999e-05,10,True,35.0,47.0,12.0,39.8,5.76,35.0,65.0,95.0,30.0,83.0,14.4,95.0,79.904,107.8682,27.964200000000005,91.08968,13.422816000000003,79.904,265.8,1234.93,969.1300000000001,653.452,465.18240000000003,265.8,11.0,17.0,6.0,14.6,2.88,17.0,4.0,5.0,1.0,4.4,0.4800000000000001,4.0,120.0,145.0,25.0,130.0,12.0,120.0,1.93,2.96,1.03,2.5479999999999996,0.49440000000000006,2.96,1.0,2.0,1.0,1.6,0.48,2.0,0.0,5.0,5.0,3.0,2.4,5.0,10.0,10.0,0.0,10.0,0.0,10.0,0.0,0.0,0.0,0.0,0.0,0.0,11.0,17.0,6.0,14.6,2.88,17.0,0.0,1.0,1.0,0.4,0.4800000000000001,0.0,0.0,1.0,1.0,0.6,0.4800000000000001,1.0,0.0,0.0,0.0,0.0,0.0,0.0,0.0,0.0,0.0,0.0,0.0,0.0,1.0,1.0,0.0,1.0,0.0,1.0,16.33,29.48,13.150000000000002,24.22,6.312000000000001,29.48,0.0,1.457,1.457,0.8742000000000001,0.6993600000000001,1.457,0.0,0.0,0.0,0.0,0.0,0.0,64.0,225.0,161.0,128.4,77.28,64.0
mp-863400,VF4,V,Monoclinic,P2_1/c,3.9999998,0.19999999,20,False,9.0,23.0,14.0,11.8,4.48,9.0,46.0,93.0,47.0,83.6,15.040000000000003,93.0,18.9984032,50.9415,31.9430968,25.38702256,10.221790976,18.9984032,53.5,2183.0,2129.5,479.4,681.4399999999999,53.5,5.0,17.0,12.0,14.6,3.8400000000000007,17.0,2.0,4.0,2.0,2.4,0.6399999999999999,2.0,57.0,153.0,96.0,76.2,30.720000000000006,57.0,1.63,3.98,2.35,3.5100000000000002,0.7519999999999999,3.98,2.0,2.0,0.0,2.0,0.0,2.0,0.0,5.0,5.0,4.0,1.6,5.0,0.0,3.0,3.0,0.6,0.96,0.0,0.0,0.0,0.0,0.0,0.0,0.0,5.0,7.0,2.0,6.6,0.6400000000000002,7.0,0.0,0.0,0.0,0.0,0.0,0.0,0.0,1.0,1.0,0.8,0.31999999999999995,1.0,0.0,7.0,7.0,1.4,2.2399999999999998,0.0,0.0,0.0,0.0,0.0,0.0,0.0,1.0,7.0,6.0,2.2,1.9200000000000004,1.0,9.7075,13.01,3.3025,10.367999999999999,1.0567999999999995,9.7075,0.0,1.97,1.97,1.576,0.6304,1.97,0.0,0.0,0.0,0.0,0.0,0.0,15.0,229.0,214.0,57.8,68.47999999999999,15.0
mp-864635,Ag2Cl3,Ag,Trigonal,R-3c,2.0219307,0.20219307,10,True,17.0,47.0,30.0,29.0,14.4,17.0,65.0,94.0,29.0,82.4,13.919999999999998,94.0,35.453,107.8682,72.4152,64.41908000000001,34.759296,35.453,171.6,1234.93,1063.3300000000002,596.932,510.39840000000004,171.6,11.0,17.0,6.0,14.6,2.88,17.0,3.0,5.0,2.0,3.8,0.96,3.0,102.0,145.0,43.0,119.2,20.64,102.0,1.93,3.16,1.2300000000000002,2.668,0.5904,3.16,1.0,2.0,1.0,1.6,0.48,2.0,0.0,5.0,5.0,3.0,2.4,5.0,0.0,10.0,10.0,4.0,4.8,0.0,0.0,0.0,0.0,0.0,0.0,0.0,7.0,11.0,4.0,8.6,1.92,7.0,0.0,1.0,1.0,0.4,0.4800000000000001,0.0,0.0,1.0,1.0,0.6,0.4800000000000001,1.0,0.0,0.0,0.0,0.0,0.0,0.0,0.0,0.0,0.0,0.0,0.0,0.0,1.0,1.0,0.0,1.0,0.0,1.0,16.33,24.4975,8.1675,21.2305,3.9204,24.4975,0.0,2.493,2.493,1.4957999999999998,1.19664,2.493,0.0,0.0,0.0,0.0,0.0,0.0,64.0,225.0,161.0,128.4,77.28,64.0
mp-864733,MoI3,Mo,Hexagonal,P6_3/mmc,5.9986385,0.7498298125,8,False,42.0,53.0,11.0,50.25,4.125,53.0,50.0,96.0,46.0,84.5,17.25,96.0,95.96,126.90447,30.94447000000001,119.1683525,11.604176250000005,126.90447,386.85,2896.0,2509.15,1014.1375,940.9312500000001,386.85,6.0,17.0,11.0,14.25,4.125,17.0,5.0,5.0,0.0,5.0,0.0,5.0,139.0,154.0,15.0,142.75,5.625,139.0,2.16,2.66,0.5,2.535,0.1875,2.66,1.0,2.0,1.0,1.75,0.375,2.0,0.0,5.0,5.0,3.75,1.875,5.0,5.0,10.0,5.0,8.75,1.875,10.0,0.0,0.0,0.0,0.0,0.0,0.0,6.0,17.0,11.0,14.25,4.125,17.0,0.0,1.0,1.0,0.25,0.375,0.0,0.0,1.0,1.0,0.75,0.375,1.0,0.0,5.0,5.0,1.25,1.875,0.0,0.0,0.0,0.0,0.0,0.0,0.0,1.0,6.0,5.0,2.25,1.875,1.0,15.69,43.015,27.325000000000003,36.18375,10.246875,43.015,0.0,1.062,1.062,0.7965,0.39825000000000005,1.062,0.0,0.0,0.0,0.0,0.0,0.0,64.0,229.0,165.0,105.25,61.875,64.0
mp-864915,HfBr3,Hf,Hexagonal,P6_3/mmc,0.5482894,0.068536175,8,False,35.0,72.0,37.0,44.25,13.875,35.0,45.0,95.0,50.0,82.5,18.75,95.0,79.904,178.49,98.58600000000001,104.5505,36.969750000000005,79.904,265.8,2506.0,2240.2,825.85,840.075,265.8,4.0,17.0,13.0,13.75,4.875,17.0,4.0,6.0,2.0,4.5,0.75,4.0,120.0,175.0,55.0,133.75,20.625,120.0,1.3,2.96,1.66,2.545,0.6225,2.96,2.0,2.0,0.0,2.0,0.0,2.0,0.0,5.0,5.0,3.75,1.875,5.0,2.0,10.0,8.0,8.0,3.0,10.0,0.0,14.0,14.0,3.5,5.25,0.0,17.0,18.0,1.0,17.25,0.375,17.0,0.0,0.0,0.0,0.0,0.0,0.0,0.0,1.0,1.0,0.75,0.375,1.0,0.0,8.0,8.0,2.0,3.0,0.0,0.0,0.0,0.0,0.0,0.0,0.0,1.0,8.0,7.0,2.75,2.625,1.0,22.2,29.48,7.280000000000001,27.66,2.7300000000000004,29.48,0.0,1.457,1.457,1.09275,0.546375,1.457,0.0,0.0,0.0,0.0,0.0,0.0,64.0,194.0,130.0,96.5,48.75,64.0
mp-865324,LuCl3,Lu,Hexagonal,P6_3/mmc,0.0,0.0,8,True,17.0,71.0,54.0,30.5,20.25,17.0,41.0,94.0,53.0,80.75,19.875,94.0,35.453,174.9668,139.5138,70.33145,52.317675,35.453,171.6,1936.0,1764.4,612.7,661.6500000000001,171.6,3.0,17.0,14.0,13.5,5.25,17.0,3.0,6.0,3.0,3.75,1.125,3.0,102.0,187.0,85.0,123.25,31.875,102.0,1.27,3.16,1.8900000000000001,2.6875,0.7087500000000001,3.16,2.0,2.0,0.0,2.0,0.0,2.0,0.0,5.0,5.0,3.75,1.875,5.0,0.0,1.0,1.0,0.25,0.375,0.0,0.0,14.0,14.0,3.5,5.25,0.0,7.0,17.0,10.0,9.5,3.75,7.0,0.0,0.0,0.0,0.0,0.0,0.0,0.0,1.0,1.0,0.75,0.375,1.0,0.0,9.0,9.0,2.25,3.375,0.0,0.0,0.0,0.0,0.0,0.0,0.0,1.0,9.0,8.0,3.0,3.0,1.0,24.4975,28.865,4.3675,25.589374999999997,1.637812499999999,24.4975,0.0,2.493,2.493,1.8697499999999998,0.934875,2.493,0.0,0.0022471,0.0022471,0.000561775,0.0008426625,0.0,64.0,194.0,130.0,96.5,48.75,64.0
mp-865473,VBr3,V,Hexagonal,P6_3/mmc,3.9975354,0.499691925,8,True,23.0,35.0,12.0,32.0,4.5,35.0,46.0,95.0,49.0,82.75,18.375,95.0,50.9415,79.904,28.9625,72.663375,10.860937499999997,79.904,265.8,2183.0,1917.2,745.1,718.95,265.8,5.0,17.0,12.0,14.0,4.5,17.0,4.0,4.0,0.0,4.0,0.0,4.0,120.0,153.0,33.0,128.25,12.375,120.0,1.63,2.96,1.33,2.6274999999999995,0.49875000000000025,2.96,2.0,2.0,0.0,2.0,0.0,2.0,0.0,5.0,5.0,3.75,1.875,5.0,3.0,10.0,7.0,8.25,2.625,10.0,0.0,0.0,0.0,0.0,0.0,0.0,5.0,17.0,12.0,14.0,4.5,17.0,0.0,0.0,0.0,0.0,0.0,0.0,0.0,1.0,1.0,0.75,0.375,1.0,0.0,7.0,7.0,1.75,2.625,0.0,0.0,0.0,0.0,0.0,0.0,0.0,1.0,7.0,6.0,2.5,2.25,1.0,13.01,29.48,16.47,25.3625,6.17625,29.48,0.0,1.457,1.457,1.09275,0.546375,1.457,0.0,0.0,0.0,0.0,0.0,0.0,64.0,229.0,165.0,105.25,61.875,64.0
mp-865493,VI3,V,Hexagonal,P6_3/mmc,4.0,0.5,8,True,23.0,53.0,30.0,45.5,11.25,53.0,46.0,96.0,50.0,83.5,18.75,96.0,50.9415,126.90447,75.96297000000001,107.91372750000001,28.48611375,126.90447,386.85,2183.0,1796.15,835.8875,673.5562500000001,386.85,5.0,17.0,12.0,14.0,4.5,17.0,4.0,5.0,1.0,4.75,0.375,5.0,139.0,153.0,14.0,142.5,5.25,139.0,1.63,2.66,1.0300000000000002,2.4025,0.3862500000000002,2.66,2.0,2.0,0.0,2.0,0.0,2.0,0.0,5.0,5.0,3.75,1.875,5.0,3.0,10.0,7.0,8.25,2.625,10.0,0.0,0.0,0.0,0.0,0.0,0.0,5.0,17.0,12.0,14.0,4.5,17.0,0.0,0.0,0.0,0.0,0.0,0.0,0.0,1.0,1.0,0.75,0.375,1.0,0.0,7.0,7.0,1.75,2.625,0.0,0.0,0.0,0.0,0.0,0.0,0.0,1.0,7.0,6.0,2.5,2.25,1.0,13.01,43.015,30.005000000000003,35.51375,11.251875,43.015,0.0,1.062,1.062,0.7965,0.39825000000000005,1.062,0.0,0.0,0.0,0.0,0.0,0.0,64.0,229.0,165.0,105.25,61.875,64.0
mp-865511,VCl4,V,Monoclinic,P2/c,3.998241,0.19991205,20,False,17.0,23.0,6.0,18.2,1.9199999999999995,17.0,46.0,94.0,48.0,84.4,15.359999999999996,94.0,35.453,50.9415,15.488499999999995,38.5507,4.956319999999996,35.453,171.6,2183.0,2011.4,573.88,643.6479999999999,171.6,5.0,17.0,12.0,14.6,3.8400000000000007,17.0,3.0,4.0,1.0,3.2,0.3200000000000001,3.0,102.0,153.0,51.0,112.2,16.32,102.0,1.63,3.16,1.5300000000000002,2.854,0.4896000000000001,3.16,2.0,2.0,0.0,2.0,0.0,2.0,0.0,5.0,5.0,4.0,1.6,5.0,0.0,3.0,3.0,0.6,0.96,0.0,0.0,0.0,0.0,0.0,0.0,0.0,5.0,7.0,2.0,6.6,0.6400000000000002,7.0,0.0,0.0,0.0,0.0,0.0,0.0,0.0,1.0,1.0,0.8,0.31999999999999995,1.0,0.0,7.0,7.0,1.4,2.2399999999999998,0.0,0.0,0.0,0.0,0.0,0.0,0.0,1.0,7.0,6.0,2.2,1.9200000000000004,1.0,13.01,24.4975,11.487499999999999,22.2,3.6759999999999993,24.4975,0.0,2.493,2.493,1.9944,0.7977599999999999,2.493,0.0,0.0,0.0,0.0,0.0,0.0,64.0,229.0,165.0,97.0,52.8,64.0
mp-865521,LuI3,Lu,Hexagonal,P6_3/mmc,0.0,0.0,8,True,53.0,71.0,18.0,57.5,6.75,53.0,41.0,96.0,55.0,82.25,20.625,96.0,126.90447,174.9668,48.06233,138.9200525,18.023373749999998,126.90447,386.85,1936.0,1549.15,774.1375,580.9312500000001,386.85,3.0,17.0,14.0,13.5,5.25,17.0,5.0,6.0,1.0,5.25,0.375,5.0,139.0,187.0,48.0,151.0,18.0,139.0,1.27,2.66,1.3900000000000001,2.3125,0.5212500000000001,2.66,2.0,2.0,0.0,2.0,0.0,2.0,0.0,5.0,5.0,3.75,1.875,5.0,1.0,10.0,9.0,7.75,3.375,10.0,0.0,14.0,14.0,3.5,5.25,0.0,17.0,17.0,0.0,17.0,0.0,17.0,0.0,0.0,0.0,0.0,0.0,0.0,0.0,1.0,1.0,0.75,0.375,1.0,0.0,9.0,9.0,2.25,3.375,0.0,0.0,0.0,0.0,0.0,0.0,0.0,1.0,9.0,8.0,3.0,3.0,1.0,28.865,43.015,14.150000000000002,39.477500000000006,5.306249999999998,43.015,0.0,1.062,1.062,0.7965,0.39825000000000005,1.062,0.0,0.0022471,0.0022471,0.000561775,0.0008426625,0.0,64.0,194.0,130.0,96.5,48.75,64.0
mp-865534,YBr2,Y,Tetragonal,P4_2/mnm,0.4871017,0.0811836166666666,6,False,35.0,39.0,4.0,36.333333333333336,1.7777777777777786,35.0,12.0,95.0,83.0,67.33333333333333,36.88888888888889,95.0,79.904,88.90585,9.001850000000005,82.90461666666666,4.000822222222221,79.904,265.8,1799.0,1533.2,776.8666666666667,681.4222222222222,265.8,3.0,17.0,14.0,12.333333333333334,6.222222222222221,17.0,4.0,5.0,1.0,4.333333333333333,0.44444444444444436,4.0,120.0,190.0,70.0,143.33333333333334,31.111111111111114,120.0,1.22,2.96,1.74,2.38,0.7733333333333334,2.96,2.0,2.0,0.0,2.0,0.0,2.0,0.0,5.0,5.0,3.3333333333333335,2.222222222222222,5.0,1.0,10.0,9.0,7.0,4.0,10.0,0.0,0.0,0.0,0.0,0.0,0.0,3.0,17.0,14.0,12.333333333333334,6.222222222222221,17.0,0.0,0.0,0.0,0.0,0.0,0.0,0.0,1.0,1.0,0.6666666666666666,0.4444444444444445,1.0,0.0,9.0,9.0,3.0,4.0,0.0,0.0,0.0,0.0,0.0,0.0,0.0,1.0,9.0,8.0,3.6666666666666665,3.555555555555556,1.0,29.48,32.365,2.8850000000000016,30.441666666666666,1.2822222222222226,29.48,0.0,1.457,1.457,0.9713333333333334,0.6475555555555556,1.457,0.0,0.0,0.0,0.0,0.0,0.0,64.0,194.0,130.0,107.33333333333333,57.77777777777777,64.0
mp-865605,YBr3,Y,Hexagonal,P6_3/mmc,0.0,0.0,8,False,35.0,39.0,4.0,36.0,1.5,35.0,12.0,95.0,83.0,74.25,31.125,95.0,79.904,88.90585,9.001850000000005,82.1544625,3.37569375,79.904,265.8,1799.0,1533.2,649.1,574.95,265.8,3.0,17.0,14.0,13.5,5.25,17.0,4.0,5.0,1.0,4.25,0.375,4.0,120.0,190.0,70.0,137.5,26.25,120.0,1.22,2.96,1.74,2.525,0.6525000000000001,2.96,2.0,2.0,0.0,2.0,0.0,2.0,0.0,5.0,5.0,3.75,1.875,5.0,1.0,10.0,9.0,7.75,3.375,10.0,0.0,0.0,0.0,0.0,0.0,0.0,3.0,17.0,14.0,13.5,5.25,17.0,0.0,0.0,0.0,0.0,0.0,0.0,0.0,1.0,1.0,0.75,0.375,1.0,0.0,9.0,9.0,2.25,3.375,0.0,0.0,0.0,0.0,0.0,0.0,0.0,1.0,9.0,8.0,3.0,3.0,1.0,29.48,32.365,2.8850000000000016,30.20125,1.081875000000001,29.48,0.0,1.457,1.457,1.09275,0.546375,1.457,0.0,0.0,0.0,0.0,0.0,0.0,64.0,194.0,130.0,96.5,48.75,64.0
mp-865956,IrCl3,Ir,Hexagonal,P6_3/mmc,0.0004669,5.83625e-05,8,False,17.0,77.0,60.0,32.0,22.5,17.0,60.0,94.0,34.0,85.5,12.75,94.0,35.453,192.217,156.764,74.644,58.786500000000004,35.453,171.6,2739.0,2567.4,813.45,962.7750000000001,171.6,9.0,17.0,8.0,15.0,3.0,17.0,3.0,6.0,3.0,3.75,1.125,3.0,102.0,141.0,39.0,111.75,14.625,102.0,2.2,3.16,0.96,2.92,0.3600000000000001,3.16,2.0,2.0,0.0,2.0,0.0,2.0,0.0,5.0,5.0,3.75,1.875,5.0,0.0,7.0,7.0,1.75,2.625,0.0,0.0,14.0,14.0,3.5,5.25,0.0,7.0,23.0,16.0,11.0,6.0,7.0,0.0,0.0,0.0,0.0,0.0,0.0,0.0,1.0,1.0,0.75,0.375,1.0,0.0,3.0,3.0,0.75,1.125,0.0,0.0,0.0,0.0,0.0,0.0,0.0,1.0,3.0,2.0,1.5,0.75,1.0,14.21,24.4975,10.287499999999998,21.925624999999997,3.8578125000000005,24.4975,0.0,2.493,2.493,1.8697499999999998,0.934875,2.493,0.0,0.0,0.0,0.0,0.0,0.0,64.0,225.0,161.0,104.25,60.375,64.0
mp-866214,LuBr3,Lu,Hexagonal,P6_3/mmc,0.0,0.0,8,True,35.0,71.0,36.0,44.0,13.5,35.0,41.0,95.0,54.0,81.5,20.25,95.0,79.904,174.9668,95.06280000000001,103.6697,35.64855000000001,79.904,265.8,1936.0,1670.2,683.35,626.325,265.8,3.0,17.0,14.0,13.5,5.25,17.0,4.0,6.0,2.0,4.5,0.75,4.0,120.0,187.0,67.0,136.75,25.125,120.0,1.27,2.96,1.69,2.5374999999999996,0.6337500000000001,2.96,2.0,2.0,0.0,2.0,0.0,2.0,0.0,5.0,5.0,3.75,1.875,5.0,1.0,10.0,9.0,7.75,3.375,10.0,0.0,14.0,14.0,3.5,5.25,0.0,17.0,17.0,0.0,17.0,0.0,17.0,0.0,0.0,0.0,0.0,0.0,0.0,0.0,1.0,1.0,0.75,0.375,1.0,0.0,9.0,9.0,2.25,3.375,0.0,0.0,0.0,0.0,0.0,0.0,0.0,1.0,9.0,8.0,3.0,3.0,1.0,28.865,29.48,0.615000000000002,29.326249999999998,0.23062500000000163,29.48,0.0,1.457,1.457,1.09275,0.546375,1.457,0.0,0.0022471,0.0022471,0.000561775,0.0008426625,0.0,64.0,194.0,130.0,96.5,48.75,64.0
mp-866291,AgBr,Ag,Cubic,F-43m,0.0,0.0,2,False,35.0,47.0,12.0,41.0,6.0,35.0,65.0,95.0,30.0,80.0,15.0,65.0,79.904,107.8682,27.964200000000005,93.8861,13.982100000000003,79.904,265.8,1234.93,969.1300000000001,750.365,484.56500000000005,265.8,11.0,17.0,6.0,14.0,3.0,11.0,4.0,5.0,1.0,4.5,0.5,4.0,120.0,145.0,25.0,132.5,12.5,120.0,1.93,2.96,1.03,2.445,0.515,1.93,1.0,2.0,1.0,1.5,0.5,1.0,0.0,5.0,5.0,2.5,2.5,0.0,10.0,10.0,0.0,10.0,0.0,10.0,0.0,0.0,0.0,0.0,0.0,0.0,11.0,17.0,6.0,14.0,3.0,11.0,0.0,1.0,1.0,0.5,0.5,0.0,0.0,1.0,1.0,0.5,0.5,0.0,0.0,0.0,0.0,0.0,0.0,0.0,0.0,0.0,0.0,0.0,0.0,0.0,1.0,1.0,0.0,1.0,0.0,1.0,16.33,29.48,13.150000000000002,22.905,6.575000000000001,16.33,0.0,1.457,1.457,0.7285,0.7285,0.0,0.0,0.0,0.0,0.0,0.0,0.0,64.0,225.0,161.0,144.5,80.5,64.0
mp-867259,RhCl2,Rh,Tetragonal,P4_2/mnm,0.0030756,0.0005126,6,False,17.0,45.0,28.0,26.333333333333332,12.444444444444443,17.0,59.0,94.0,35.0,82.33333333333333,15.555555555555557,94.0,35.453,102.9055,67.4525,57.93716666666668,29.97888888888889,35.453,171.6,2237.0,2065.4,860.0666666666666,917.9555555555556,171.6,9.0,17.0,8.0,14.333333333333334,3.5555555555555554,17.0,3.0,5.0,2.0,3.6666666666666665,0.8888888888888888,3.0,102.0,142.0,40.0,115.33333333333333,17.777777777777775,102.0,2.28,3.16,0.8800000000000003,2.8666666666666667,0.39111111111111124,3.16,1.0,2.0,1.0,1.6666666666666667,0.4444444444444444,2.0,0.0,5.0,5.0,3.3333333333333335,2.222222222222222,5.0,0.0,8.0,8.0,2.6666666666666665,3.555555555555556,0.0,0.0,0.0,0.0,0.0,0.0,0.0,7.0,9.0,2.0,7.666666666666667,0.888888888888889,7.0,0.0,1.0,1.0,0.3333333333333333,0.4444444444444445,0.0,0.0,1.0,1.0,0.6666666666666666,0.4444444444444445,1.0,0.0,2.0,2.0,0.6666666666666666,0.888888888888889,0.0,0.0,0.0,0.0,0.0,0.0,0.0,1.0,3.0,2.0,1.6666666666666667,0.888888888888889,1.0,13.64,24.4975,10.857499999999998,20.878333333333334,4.825555555555554,24.4975,0.0,2.493,2.493,1.662,1.1079999999999999,2.493,0.0,0.0,0.0,0.0,0.0,0.0,64.0,225.0,161.0,117.66666666666667,71.55555555555556,64.0
mp-867369,TcF3,Tc,Orthorhombic,Amm2,6.0022157,0.7502769625,8,False,9.0,43.0,34.0,17.5,12.75,9.0,53.0,93.0,40.0,83.0,15.0,93.0,18.9984032,98.0,79.0015968,38.7488024,29.625598800000002,18.9984032,53.5,2430.0,2376.5,647.625,891.1875,53.5,7.0,17.0,10.0,14.5,3.75,17.0,2.0,5.0,3.0,2.75,1.125,2.0,57.0,147.0,90.0,79.5,33.75,57.0,1.9,3.98,2.08,3.46,0.78,3.98,2.0,2.0,0.0,2.0,0.0,2.0,0.0,5.0,5.0,3.75,1.875,5.0,0.0,5.0,5.0,1.25,1.875,0.0,0.0,0.0,0.0,0.0,0.0,0.0,7.0,7.0,0.0,7.0,0.0,7.0,0.0,0.0,0.0,0.0,0.0,0.0,0.0,1.0,1.0,0.75,0.375,1.0,0.0,5.0,5.0,1.25,1.875,0.0,0.0,0.0,0.0,0.0,0.0,0.0,1.0,5.0,4.0,2.0,1.5,1.0,9.7075,14.285,4.577500000000001,10.851875,1.7165625000000002,9.7075,0.0,1.97,1.97,1.4775,0.73875,1.97,0.0,0.0,0.0,0.0,0.0,0.0,15.0,194.0,179.0,59.75,67.125,15.0
mp-867575,Mn7F16,Mn,Trigonal,R-3,27.0000004,1.1739130608695654,23,False,9.0,25.0,16.0,13.869565217391305,6.775047258979207,9.0,52.0,93.0,41.0,80.52173913043478,17.361058601134218,93.0,18.9984032,54.938045,35.939641800000004,29.93655505217391,15.21829822911153,18.9984032,53.5,1519.0,1465.5,499.5217391304348,620.5519848771266,53.5,7.0,17.0,10.0,13.956521739130435,4.234404536862003,17.0,2.0,4.0,2.0,2.608695652173913,0.8468809073724008,2.0,57.0,139.0,82.0,81.95652173913044,34.722117202268436,57.0,1.55,3.98,2.4299999999999997,3.2404347826086957,1.028960302457467,3.98,2.0,2.0,0.0,2.0,0.0,2.0,0.0,5.0,5.0,3.4782608695652173,2.117202268431002,5.0,0.0,5.0,5.0,1.5217391304347827,2.117202268431002,0.0,0.0,0.0,0.0,0.0,0.0,0.0,7.0,7.0,0.0,7.0,0.0,7.0,0.0,0.0,0.0,0.0,0.0,0.0,0.0,1.0,1.0,0.6956521739130435,0.4234404536862004,1.0,0.0,5.0,5.0,1.5217391304347827,2.117202268431002,0.0,0.0,0.0,0.0,0.0,0.0,0.0,1.0,5.0,4.0,2.217391304347826,1.6937618147448017,1.0,9.7075,10.4875862069,0.7800862069000001,9.944917541230433,0.3303200573640827,9.7075,0.0,1.97,1.97,1.3704347826086956,0.8341776937618148,1.97,0.0,0.000310120689655,0.000310120689655,9.438455772108696e-05,0.00013131764552499055,0.0,15.0,217.0,202.0,76.47826086956522,85.53497164461248,15.0
mp-8943,PtF4,Pt,Orthorhombic,Fdd2,0.0,0.0,10,True,9.0,78.0,69.0,22.8,22.080000000000002,9.0,63.0,93.0,30.0,87.0,9.6,93.0,18.9984032,195.084,176.08559680000002,54.21552256,56.347390976,18.9984032,53.5,2041.4,1987.9,451.08000000000004,636.128,53.5,10.0,17.0,7.0,15.6,2.24,17.0,2.0,6.0,4.0,2.8,1.2799999999999998,2.0,57.0,136.0,79.0,72.8,25.279999999999998,57.0,2.28,3.98,1.7000000000000002,3.6399999999999997,0.5440000000000003,3.98,1.0,2.0,1.0,1.8,0.31999999999999995,2.0,0.0,5.0,5.0,4.0,1.6,5.0,0.0,9.0,9.0,1.8,2.88,0.0,0.0,14.0,14.0,2.8,4.4799999999999995,0.0,7.0,24.0,17.0,10.4,5.44,7.0,0.0,1.0,1.0,0.2,0.32,0.0,0.0,1.0,1.0,0.8,0.31999999999999995,1.0,0.0,1.0,1.0,0.2,0.32,0.0,0.0,0.0,0.0,0.0,0.0,0.0,1.0,2.0,1.0,1.2,0.31999999999999995,1.0,9.7075,15.02,5.3125,10.77,1.7,9.7075,0.0,1.97,1.97,1.576,0.6304,1.97,0.0,0.0,0.0,0.0,0.0,0.0,15.0,225.0,210.0,57.0,67.2,15.0
mp-942,AuF3,Au,Hexagonal,P6_122,0.0,0.0,24,True,9.0,79.0,70.0,26.5,26.25,9.0,66.0,93.0,27.0,86.25,10.125,93.0,18.9984032,196.966569,177.9681658,63.49044465,66.73806217500001,18.9984032,53.5,1337.33,1283.83,374.4575,481.43625,53.5,11.0,17.0,6.0,15.5,2.25,17.0,2.0,6.0,4.0,3.0,1.5,2.0,57.0,136.0,79.0,76.75,29.625,57.0,2.54,3.98,1.44,3.62,0.5399999999999999,3.98,1.0,2.0,1.0,1.75,0.375,2.0,0.0,5.0,5.0,3.75,1.875,5.0,0.0,10.0,10.0,2.5,3.75,0.0,0.0,14.0,14.0,3.5,5.25,0.0,7.0,25.0,18.0,11.5,6.75,7.0,0.0,1.0,1.0,0.25,0.375,0.0,0.0,1.0,1.0,0.75,0.375,1.0,0.0,0.0,0.0,0.0,0.0,0.0,0.0,0.0,0.0,0.0,0.0,0.0,1.0,1.0,0.0,1.0,0.0,1.0,9.7075,16.7,6.9925,11.455625,2.6221875,9.7075,0.0,1.97,1.97,1.4775,0.73875,1.97,0.0,0.0,0.0,0.0,0.0,0.0,15.0,225.0,210.0,67.5,78.75,15.0
mp-971768,Ti3Br,Ti,Hexagonal,P6_3/mmc,0.0134709,0.0016838625,8,False,22.0,35.0,13.0,25.25,4.875,22.0,43.0,95.0,52.0,56.0,19.5,43.0,47.867,79.904,32.037,55.87625,12.013875,47.867,265.8,1941.0,1675.2,1522.2,628.2,1941.0,4.0,17.0,13.0,7.25,4.875,4.0,4.0,4.0,0.0,4.0,0.0,4.0,120.0,160.0,40.0,150.0,15.0,160.0,1.54,2.96,1.42,1.895,0.5325,1.54,2.0,2.0,0.0,2.0,0.0,2.0,0.0,5.0,5.0,1.25,1.875,0.0,2.0,10.0,8.0,4.0,3.0,2.0,0.0,0.0,0.0,0.0,0.0,0.0,4.0,17.0,13.0,7.25,4.875,4.0,0.0,0.0,0.0,0.0,0.0,0.0,0.0,1.0,1.0,0.25,0.375,0.0,0.0,8.0,8.0,6.0,3.0,8.0,0.0,0.0,0.0,0.0,0.0,0.0,1.0,8.0,7.0,6.25,2.625,8.0,16.69,29.48,12.79,19.887500000000003,4.796250000000001,16.69,0.0,1.457,1.457,0.36425,0.546375,0.0,0.0,2.25333333333e-05,2.25333333333e-05,1.6899999999975e-05,8.4499999999875e-06,2.25333333333e-05,64.0,194.0,130.0,161.5,48.75,194.0
mp-971787,VBr2,V,Trigonal,P-3m1,2.9999998,0.9999999333333331,3,True,23.0,35.0,12.0,31.0,5.333333333333333,35.0,46.0,95.0,49.0,78.66666666666667,21.777777777777775,95.0,50.9415,79.904,28.9625,70.24983333333333,12.872222222222222,79.904,265.8,2183.0,1917.2,904.8666666666667,852.0888888888888,265.8,5.0,17.0,12.0,13.0,5.333333333333333,17.0,4.0,4.0,0.0,4.0,0.0,4.0,120.0,153.0,33.0,131.0,14.666666666666666,120.0,1.63,2.96,1.33,2.5166666666666666,0.5911111111111111,2.96,2.0,2.0,0.0,2.0,0.0,2.0,0.0,5.0,5.0,3.3333333333333335,2.222222222222222,5.0,3.0,10.0,7.0,7.666666666666667,3.1111111111111107,10.0,0.0,0.0,0.0,0.0,0.0,0.0,5.0,17.0,12.0,13.0,5.333333333333333,17.0,0.0,0.0,0.0,0.0,0.0,0.0,0.0,1.0,1.0,0.6666666666666666,0.4444444444444445,1.0,0.0,7.0,7.0,2.3333333333333335,3.1111111111111107,0.0,0.0,0.0,0.0,0.0,0.0,0.0,1.0,7.0,6.0,3.0,2.6666666666666665,1.0,13.01,29.48,16.47,23.99,7.32,29.48,0.0,1.457,1.457,0.9713333333333334,0.6475555555555556,1.457,0.0,0.0,0.0,0.0,0.0,0.0,64.0,229.0,165.0,119.0,73.33333333333333,64.0
mp-973601,HgI3,Hg,Tetragonal,I4/mmm,0.0017032,0.0004258,4,False,53.0,80.0,27.0,59.75,10.125,53.0,71.0,96.0,25.0,89.75,9.375,96.0,126.90447,200.59,73.68553,145.3258525,27.632073749999996,126.90447,234.32,386.85,152.53000000000003,348.71750000000003,57.198750000000004,386.85,12.0,17.0,5.0,15.75,1.875,17.0,5.0,6.0,1.0,5.25,0.375,5.0,132.0,139.0,7.0,137.25,2.625,139.0,2.0,2.66,0.6600000000000001,2.495,0.24750000000000005,2.66,2.0,2.0,0.0,2.0,0.0,2.0,0.0,5.0,5.0,3.75,1.875,5.0,10.0,10.0,0.0,10.0,0.0,10.0,0.0,14.0,14.0,3.5,5.25,0.0,17.0,26.0,9.0,19.25,3.375,17.0,0.0,0.0,0.0,0.0,0.0,0.0,0.0,1.0,1.0,0.75,0.375,1.0,0.0,0.0,0.0,0.0,0.0,0.0,0.0,0.0,0.0,0.0,0.0,0.0,0.0,1.0,1.0,0.75,0.375,1.0,25.2375862069,43.015,17.7774137931,38.570646551725005,6.6665301724124975,43.015,0.0,1.062,1.062,0.7965,0.39825000000000005,1.062,0.0,0.0,0.0,0.0,0.0,0.0,64.0,166.0,102.0,89.5,38.25,64.0
mp-973777,Hg3F,Hg,Cubic,Pm-3m,0.0002266,5.665e-05,4,False,9.0,80.0,71.0,62.25,26.625,80.0,71.0,93.0,22.0,76.5,8.25,71.0,18.9984032,200.59,181.5915968,155.1921008,68.0968488,200.59,53.5,234.32,180.82,189.115,67.80749999999999,234.32,12.0,17.0,5.0,13.25,1.875,12.0,2.0,6.0,4.0,5.0,1.5,6.0,57.0,132.0,75.0,113.25,28.125,132.0,2.0,3.98,1.98,2.495,0.7425,2.0,2.0,2.0,0.0,2.0,0.0,2.0,0.0,5.0,5.0,1.25,1.875,0.0,0.0,10.0,10.0,7.5,3.75,10.0,0.0,14.0,14.0,10.5,5.25,14.0,7.0,26.0,19.0,21.25,7.125,26.0,0.0,0.0,0.0,0.0,0.0,0.0,0.0,1.0,1.0,0.25,0.375,0.0,0.0,0.0,0.0,0.0,0.0,0.0,0.0,0.0,0.0,0.0,0.0,0.0,0.0,1.0,1.0,0.25,0.375,0.0,9.7075,25.2375862069,15.530086206900002,21.355064655175,5.823782327587502,25.2375862069,0.0,1.97,1.97,0.4925,0.73875,0.0,0.0,0.0,0.0,0.0,0.0,0.0,15.0,166.0,151.0,128.25,56.625,166.0
mp-973778,Hg3F,Hg,Cubic,Fm-3m,6.68e-05,1.67e-05,4,False,9.0,80.0,71.0,62.25,26.625,80.0,71.0,93.0,22.0,76.5,8.25,71.0,18.9984032,200.59,181.5915968,155.1921008,68.0968488,200.59,53.5,234.32,180.82,189.115,67.80749999999999,234.32,12.0,17.0,5.0,13.25,1.875,12.0,2.0,6.0,4.0,5.0,1.5,6.0,57.0,132.0,75.0,113.25,28.125,132.0,2.0,3.98,1.98,2.495,0.7425,2.0,2.0,2.0,0.0,2.0,0.0,2.0,0.0,5.0,5.0,1.25,1.875,0.0,0.0,10.0,10.0,7.5,3.75,10.0,0.0,14.0,14.0,10.5,5.25,14.0,7.0,26.0,19.0,21.25,7.125,26.0,0.0,0.0,0.0,0.0,0.0,0.0,0.0,1.0,1.0,0.25,0.375,0.0,0.0,0.0,0.0,0.0,0.0,0.0,0.0,0.0,0.0,0.0,0.0,0.0,0.0,1.0,1.0,0.25,0.375,0.0,9.7075,25.2375862069,15.530086206900002,21.355064655175,5.823782327587502,25.2375862069,0.0,1.97,1.97,0.4925,0.73875,0.0,0.0,0.0,0.0,0.0,0.0,0.0,15.0,166.0,151.0,128.25,56.625,166.0
mp-973896,Ni3I,Ni,Tetragonal,I4/mmm,0.1022205,0.025555125,4,False,28.0,53.0,25.0,34.25,9.375,28.0,61.0,96.0,35.0,69.75,13.125,61.0,58.6934,126.90447,68.21107,75.7461675,25.579151250000002,58.6934,386.85,1728.0,1341.15,1392.7125,502.93125,1728.0,10.0,17.0,7.0,11.75,2.625,10.0,4.0,5.0,1.0,4.25,0.375,4.0,124.0,139.0,15.0,127.75,5.625,124.0,1.91,2.66,0.7500000000000002,2.0975,0.28125000000000017,1.91,2.0,2.0,0.0,2.0,0.0,2.0,0.0,5.0,5.0,1.25,1.875,0.0,8.0,10.0,2.0,8.5,0.75,8.0,0.0,0.0,0.0,0.0,0.0,0.0,10.0,17.0,7.0,11.75,2.625,10.0,0.0,0.0,0.0,0.0,0.0,0.0,0.0,1.0,1.0,0.25,0.375,0.0,0.0,2.0,2.0,1.5,0.75,2.0,0.0,0.0,0.0,0.0,0.0,0.0,1.0,2.0,1.0,1.75,0.375,2.0,10.32,43.015,32.695,18.49375,12.260625,10.32,0.0,1.062,1.062,0.2655,0.39825,0.0,0.0,0.5953947,0.5953947,0.44654602500000007,0.2232730125,0.5953947,64.0,225.0,161.0,184.75,60.375,225.0
mp-973936,NiI,Ni,Hexagonal,P6_3mc,0.840798,0.2101995,4,False,28.0,53.0,25.0,40.5,12.5,28.0,61.0,96.0,35.0,78.5,17.5,61.0,58.6934,126.90447,68.21107,92.798935,34.105535,58.6934,386.85,1728.0,1341.15,1057.425,670.575,386.85,10.0,17.0,7.0,13.5,3.5,10.0,4.0,5.0,1.0,4.5,0.5,4.0,124.0,139.0,15.0,131.5,7.5,124.0,1.91,2.66,0.7500000000000002,2.285,0.3750000000000001,1.91,2.0,2.0,0.0,2.0,0.0,2.0,0.0,5.0,5.0,2.5,2.5,0.0,8.0,10.0,2.0,9.0,1.0,8.0,0.0,0.0,0.0,0.0,0.0,0.0,10.0,17.0,7.0,13.5,3.5,10.0,0.0,0.0,0.0,0.0,0.0,0.0,0.0,1.0,1.0,0.5,0.5,0.0,0.0,2.0,2.0,1.0,1.0,0.0,0.0,0.0,0.0,0.0,0.0,0.0,1.0,2.0,1.0,1.5,0.5,1.0,10.32,43.015,32.695,26.6675,16.3475,10.32,0.0,1.062,1.062,0.531,0.531,0.0,0.0,0.5953947,0.5953947,0.29769735,0.29769735,0.0,64.0,225.0,161.0,144.5,80.5,64.0
mp-973976,LuBr,Lu,Hexagonal,P6_3mc,0.0002967,7.4175e-05,4,False,35.0,71.0,36.0,53.0,18.0,35.0,41.0,95.0,54.0,68.0,27.0,41.0,79.904,174.9668,95.06280000000001,127.4354,47.531400000000005,79.904,265.8,1936.0,1670.2,1100.9,835.1,265.8,3.0,17.0,14.0,10.0,7.0,3.0,4.0,6.0,2.0,5.0,1.0,4.0,120.0,187.0,67.0,153.5,33.5,120.0,1.27,2.96,1.69,2.115,0.845,1.27,2.0,2.0,0.0,2.0,0.0,2.0,0.0,5.0,5.0,2.5,2.5,0.0,1.0,10.0,9.0,5.5,4.5,1.0,0.0,14.0,14.0,7.0,7.0,0.0,17.0,17.0,0.0,17.0,0.0,17.0,0.0,0.0,0.0,0.0,0.0,0.0,0.0,1.0,1.0,0.5,0.5,0.0,0.0,9.0,9.0,4.5,4.5,0.0,0.0,0.0,0.0,0.0,0.0,0.0,1.0,9.0,8.0,5.0,4.0,1.0,28.865,29.48,0.615000000000002,29.1725,0.307500000000001,28.865,0.0,1.457,1.457,0.7285,0.7285,0.0,0.0,0.0022471,0.0022471,0.00112355,0.00112355,0.0,64.0,194.0,130.0,129.0,65.0,64.0
mp-974315,RuI,Ru,Hexagonal,P6_3mc,6.48e-05,1.62e-05,4,False,44.0,53.0,9.0,48.5,4.5,44.0,56.0,96.0,40.0,76.0,20.0,56.0,101.07,126.90447,25.83447000000001,113.987235,12.917235000000005,101.07,386.85,2607.0,2220.15,1496.925,1110.0749999999998,386.85,8.0,17.0,9.0,12.5,4.5,8.0,5.0,5.0,0.0,5.0,0.0,5.0,139.0,146.0,7.0,142.5,3.5,139.0,2.2,2.66,0.45999999999999996,2.43,0.22999999999999998,2.2,1.0,2.0,1.0,1.5,0.5,1.0,0.0,5.0,5.0,2.5,2.5,0.0,7.0,10.0,3.0,8.5,1.5,7.0,0.0,0.0,0.0,0.0,0.0,0.0,8.0,17.0,9.0,12.5,4.5,8.0,0.0,1.0,1.0,0.5,0.5,0.0,0.0,1.0,1.0,0.5,0.5,0.0,0.0,3.0,3.0,1.5,1.5,0.0,0.0,0.0,0.0,0.0,0.0,0.0,1.0,4.0,3.0,2.5,1.5,1.0,13.51,43.015,29.505000000000003,28.2625,14.752500000000001,13.51,0.0,1.062,1.062,0.531,0.531,0.0,0.0,0.0,0.0,0.0,0.0,0.0,64.0,194.0,130.0,129.0,65.0,64.0
mp-974371,Rh3Br,Rh,Tetragonal,I4/mmm,2.0212086,0.50530215,4,False,35.0,45.0,10.0,42.5,3.75,45.0,59.0,95.0,36.0,68.0,13.5,59.0,79.904,102.9055,23.001500000000007,97.155125,8.625562500000004,102.9055,265.8,2237.0,1971.2,1744.2,739.2,2237.0,9.0,17.0,8.0,11.0,3.0,9.0,4.0,5.0,1.0,4.75,0.375,5.0,120.0,142.0,22.0,136.5,8.25,142.0,2.28,2.96,0.6800000000000002,2.45,0.2550000000000002,2.28,1.0,2.0,1.0,1.25,0.375,1.0,0.0,5.0,5.0,1.25,1.875,0.0,8.0,10.0,2.0,8.5,0.75,8.0,0.0,0.0,0.0,0.0,0.0,0.0,9.0,17.0,8.0,11.0,3.0,9.0,0.0,1.0,1.0,0.75,0.375,1.0,0.0,1.0,1.0,0.25,0.375,0.0,0.0,2.0,2.0,1.5,0.75,2.0,0.0,0.0,0.0,0.0,0.0,0.0,1.0,3.0,2.0,2.5,0.75,3.0,13.64,29.48,15.84,17.6,5.94,13.64,0.0,1.457,1.457,0.36425,0.546375,0.0,0.0,0.0,0.0,0.0,0.0,0.0,64.0,225.0,161.0,184.75,60.375,225.0
mp-974386,Rh3F,Rh,Tetragonal,I4/mmm,0.0190244,0.0047561,4,False,9.0,45.0,36.0,36.0,13.5,45.0,59.0,93.0,34.0,67.5,12.75,59.0,18.9984032,102.9055,83.9070968,81.9287258,31.465161300000005,102.9055,53.5,2237.0,2183.5,1691.125,818.8125,2237.0,9.0,17.0,8.0,11.0,3.0,9.0,2.0,5.0,3.0,4.25,1.125,5.0,57.0,142.0,85.0,120.75,31.875,142.0,2.28,3.98,1.7000000000000002,2.705,0.6375000000000002,2.28,1.0,2.0,1.0,1.25,0.375,1.0,0.0,5.0,5.0,1.25,1.875,0.0,0.0,8.0,8.0,6.0,3.0,8.0,0.0,0.0,0.0,0.0,0.0,0.0,7.0,9.0,2.0,8.5,0.75,9.0,0.0,1.0,1.0,0.75,0.375,1.0,0.0,1.0,1.0,0.25,0.375,0.0,0.0,2.0,2.0,1.5,0.75,2.0,0.0,0.0,0.0,0.0,0.0,0.0,1.0,3.0,2.0,2.5,0.75,3.0,9.7075,13.64,3.932500000000001,12.656875,1.4746875000000008,13.64,0.0,1.97,1.97,0.4925,0.73875,0.0,0.0,0.0,0.0,0.0,0.0,0.0,15.0,225.0,210.0,172.5,78.75,225.0
mp-974434,RuF4,Ru,Monoclinic,P2_1/c,4.0,0.4,10,True,9.0,44.0,35.0,16.0,11.2,9.0,56.0,93.0,37.0,85.6,11.840000000000003,93.0,18.9984032,101.07,82.0715968,35.41272256,26.262910976,18.9984032,53.5,2607.0,2553.5,564.2,817.1200000000001,53.5,8.0,17.0,9.0,15.2,2.8800000000000003,17.0,2.0,5.0,3.0,2.6,0.9600000000000002,2.0,57.0,146.0,89.0,74.8,28.479999999999997,57.0,2.2,3.98,1.7799999999999998,3.624,0.5695999999999999,3.98,1.0,2.0,1.0,1.8,0.31999999999999995,2.0,0.0,5.0,5.0,4.0,1.6,5.0,0.0,7.0,7.0,1.4,2.2399999999999998,0.0,0.0,0.0,0.0,0.0,0.0,0.0,7.0,8.0,1.0,7.2,0.3200000000000001,7.0,0.0,1.0,1.0,0.2,0.32,0.0,0.0,1.0,1.0,0.8,0.31999999999999995,1.0,0.0,3.0,3.0,0.6,0.96,0.0,0.0,0.0,0.0,0.0,0.0,0.0,1.0,4.0,3.0,1.6,0.9600000000000002,1.0,9.7075,13.51,3.8025,10.468,1.2168000000000003,9.7075,0.0,1.97,1.97,1.576,0.6304,1.97,0.0,0.0,0.0,0.0,0.0,0.0,15.0,194.0,179.0,50.8,57.279999999999994,15.0
mp-974457,Ru3I,Ru,Cubic,Pm-3m,0.0021723,0.000543075,4,False,44.0,53.0,9.0,46.25,3.375,44.0,56.0,96.0,40.0,66.0,15.0,56.0,101.07,126.90447,25.83447000000001,107.5286175,9.687926250000004,101.07,386.85,2607.0,2220.15,2051.9625,832.55625,2607.0,8.0,17.0,9.0,10.25,3.375,8.0,5.0,5.0,0.0,5.0,0.0,5.0,139.0,146.0,7.0,144.25,2.625,146.0,2.2,2.66,0.45999999999999996,2.3150000000000004,0.1725000000000001,2.2,1.0,2.0,1.0,1.25,0.375,1.0,0.0,5.0,5.0,1.25,1.875,0.0,7.0,10.0,3.0,7.75,1.125,7.0,0.0,0.0,0.0,0.0,0.0,0.0,8.0,17.0,9.0,10.25,3.375,8.0,0.0,1.0,1.0,0.75,0.375,1.0,0.0,1.0,1.0,0.25,0.375,0.0,0.0,3.0,3.0,2.25,1.125,3.0,0.0,0.0,0.0,0.0,0.0,0.0,1.0,4.0,3.0,3.25,1.125,4.0,13.51,43.015,29.505000000000003,20.88625,11.064375000000002,13.51,0.0,1.062,1.062,0.2655,0.39825,0.0,0.0,0.0,0.0,0.0,0.0,0.0,64.0,194.0,130.0,161.5,48.75,194.0
mp-974458,Re3F,Re,Cubic,Fm-3m,0.001072,0.000268,4,False,9.0,75.0,66.0,58.5,24.75,75.0,54.0,93.0,39.0,63.75,14.625,54.0,18.9984032,186.207,167.2085968,144.4048508,62.7032238,186.207,53.5,3459.0,3405.5,2607.625,1277.0625,3459.0,7.0,17.0,10.0,9.5,3.75,7.0,2.0,6.0,4.0,5.0,1.5,6.0,57.0,151.0,94.0,127.5,35.25,151.0,1.9,3.98,2.08,2.42,0.78,1.9,2.0,2.0,0.0,2.0,0.0,2.0,0.0,5.0,5.0,1.25,1.875,0.0,0.0,5.0,5.0,3.75,1.875,5.0,0.0,14.0,14.0,10.5,5.25,14.0,7.0,21.0,14.0,17.5,5.25,21.0,0.0,0.0,0.0,0.0,0.0,0.0,0.0,1.0,1.0,0.25,0.375,0.0,0.0,5.0,5.0,3.75,1.875,5.0,0.0,0.0,0.0,0.0,0.0,0.0,1.0,5.0,4.0,4.0,1.5,5.0,9.7075,14.655,4.9475,13.418125,1.8553124999999997,14.655,0.0,1.97,1.97,0.4925,0.73875,0.0,0.0,0.0,0.0,0.0,0.0,0.0,15.0,194.0,179.0,149.25,67.125,194.0
mp-974467,Ru3Cl,Ru,Tetragonal,I4/mmm,0.0054273,0.001356825,4,False,17.0,44.0,27.0,37.25,10.125,44.0,56.0,94.0,38.0,65.5,14.25,56.0,35.453,101.07,65.61699999999999,84.66575,24.606374999999993,101.07,171.6,2607.0,2435.4,1998.15,913.275,2607.0,8.0,17.0,9.0,10.25,3.375,8.0,3.0,5.0,2.0,4.5,0.75,5.0,102.0,146.0,44.0,135.0,16.5,146.0,2.2,3.16,0.96,2.4400000000000004,0.3600000000000001,2.2,1.0,2.0,1.0,1.25,0.375,1.0,0.0,5.0,5.0,1.25,1.875,0.0,0.0,7.0,7.0,5.25,2.625,7.0,0.0,0.0,0.0,0.0,0.0,0.0,7.0,8.0,1.0,7.75,0.375,8.0,0.0,1.0,1.0,0.75,0.375,1.0,0.0,1.0,1.0,0.25,0.375,0.0,0.0,3.0,3.0,2.25,1.125,3.0,0.0,0.0,0.0,0.0,0.0,0.0,1.0,4.0,3.0,3.25,1.125,4.0,13.51,24.4975,10.987499999999999,16.256875,4.120312500000001,13.51,0.0,2.493,2.493,0.62325,0.9348749999999999,0.0,0.0,0.0,0.0,0.0,0.0,0.0,64.0,194.0,130.0,161.5,48.75,194.0
mp-974474,ReBr,Re,Hexagonal,P6_3mc,6.92e-05,1.73e-05,4,False,35.0,75.0,40.0,55.0,20.0,35.0,54.0,95.0,41.0,74.5,20.5,54.0,79.904,186.207,106.303,133.0555,53.1515,79.904,265.8,3459.0,3193.2,1862.4,1596.6,265.8,7.0,17.0,10.0,12.0,5.0,7.0,4.0,6.0,2.0,5.0,1.0,4.0,120.0,151.0,31.0,135.5,15.5,120.0,1.9,2.96,1.06,2.4299999999999997,0.53,1.9,2.0,2.0,0.0,2.0,0.0,2.0,0.0,5.0,5.0,2.5,2.5,0.0,5.0,10.0,5.0,7.5,2.5,5.0,0.0,14.0,14.0,7.0,7.0,0.0,17.0,21.0,4.0,19.0,2.0,17.0,0.0,0.0,0.0,0.0,0.0,0.0,0.0,1.0,1.0,0.5,0.5,0.0,0.0,5.0,5.0,2.5,2.5,0.0,0.0,0.0,0.0,0.0,0.0,0.0,1.0,5.0,4.0,3.0,2.0,1.0,14.655,29.48,14.825000000000001,22.0675,7.4125000000000005,14.655,0.0,1.457,1.457,0.7285,0.7285,0.0,0.0,0.0,0.0,0.0,0.0,0.0,64.0,194.0,130.0,129.0,65.0,64.0
mp-974603,HgF2,Hg,Tetragonal,P4_2/mnm,0.0,0.0,6,False,9.0,80.0,71.0,32.666666666666664,31.555555555555554,9.0,71.0,93.0,22.0,85.66666666666667,9.777777777777777,93.0,18.9984032,200.59,181.5915968,79.52893546666667,80.70737635555555,18.9984032,53.5,234.32,180.82,113.77333333333333,80.36444444444443,53.5,12.0,17.0,5.0,15.333333333333334,2.222222222222222,17.0,2.0,6.0,4.0,3.3333333333333335,1.777777777777778,2.0,57.0,132.0,75.0,82.0,33.333333333333336,57.0,2.0,3.98,1.98,3.3200000000000003,0.8799999999999999,3.98,2.0,2.0,0.0,2.0,0.0,2.0,0.0,5.0,5.0,3.3333333333333335,2.222222222222222,5.0,0.0,10.0,10.0,3.3333333333333335,4.444444444444444,0.0,0.0,14.0,14.0,4.666666666666667,6.222222222222221,0.0,7.0,26.0,19.0,13.333333333333334,8.444444444444445,7.0,0.0,0.0,0.0,0.0,0.0,0.0,0.0,1.0,1.0,0.6666666666666666,0.4444444444444445,1.0,0.0,0.0,0.0,0.0,0.0,0.0,0.0,0.0,0.0,0.0,0.0,0.0,0.0,1.0,1.0,0.6666666666666666,0.4444444444444445,1.0,9.7075,25.2375862069,15.530086206900002,14.8841954023,6.9022605364,9.7075,0.0,1.97,1.97,1.3133333333333332,0.8755555555555556,1.97,0.0,0.0,0.0,0.0,0.0,0.0,15.0,166.0,151.0,65.33333333333333,67.1111111111111,15.0
mp-975142,RhI,Rh,Hexagonal,P6_3mc,4.86e-05,1.215e-05,4,False,45.0,53.0,8.0,49.0,4.0,45.0,59.0,96.0,37.0,77.5,18.5,59.0,102.9055,126.90447,23.99897,114.90498500000001,11.999485,102.9055,386.85,2237.0,1850.15,1311.925,925.075,386.85,9.0,17.0,8.0,13.0,4.0,9.0,5.0,5.0,0.0,5.0,0.0,5.0,139.0,142.0,3.0,140.5,1.5,139.0,2.28,2.66,0.38000000000000034,2.4699999999999998,0.19000000000000017,2.28,1.0,2.0,1.0,1.5,0.5,1.0,0.0,5.0,5.0,2.5,2.5,0.0,8.0,10.0,2.0,9.0,1.0,8.0,0.0,0.0,0.0,0.0,0.0,0.0,9.0,17.0,8.0,13.0,4.0,9.0,0.0,1.0,1.0,0.5,0.5,0.0,0.0,1.0,1.0,0.5,0.5,0.0,0.0,2.0,2.0,1.0,1.0,0.0,0.0,0.0,0.0,0.0,0.0,0.0,1.0,3.0,2.0,2.0,1.0,1.0,13.64,43.015,29.375,28.3275,14.6875,13.64,0.0,1.062,1.062,0.531,0.531,0.0,0.0,0.0,0.0,0.0,0.0,0.0,64.0,225.0,161.0,144.5,80.5,64.0
mp-975905,Mo3I,Mo,Cubic,Fm-3m,0.9999855,0.249996375,4,False,42.0,53.0,11.0,44.75,4.125,42.0,50.0,96.0,46.0,61.5,17.25,50.0,95.96,126.90447,30.94447000000001,103.6961175,11.604176250000005,95.96,386.85,2896.0,2509.15,2268.7125,940.93125,2896.0,6.0,17.0,11.0,8.75,4.125,6.0,5.0,5.0,0.0,5.0,0.0,5.0,139.0,154.0,15.0,150.25,5.625,154.0,2.16,2.66,0.5,2.285,0.1875,2.16,1.0,2.0,1.0,1.25,0.375,1.0,0.0,5.0,5.0,1.25,1.875,0.0,5.0,10.0,5.0,6.25,1.875,5.0,0.0,0.0,0.0,0.0,0.0,0.0,6.0,17.0,11.0,8.75,4.125,6.0,0.0,1.0,1.0,0.75,0.375,1.0,0.0,1.0,1.0,0.25,0.375,0.0,0.0,5.0,5.0,3.75,1.875,5.0,0.0,0.0,0.0,0.0,0.0,0.0,1.0,6.0,5.0,4.75,1.875,6.0,15.69,43.015,27.325000000000003,22.521250000000002,10.246875000000001,15.69,0.0,1.062,1.062,0.2655,0.39825,0.0,0.0,0.0,0.0,0.0,0.0,0.0,64.0,229.0,165.0,187.75,61.875,229.0
mp-980194,TiI,Ti,Hexagonal,P6_3mc,1.921938,0.4804845,4,False,22.0,53.0,31.0,37.5,15.5,22.0,43.0,96.0,53.0,69.5,26.5,43.0,47.867,126.90447,79.03747000000001,87.385735,39.51873500000001,47.867,386.85,1941.0,1554.15,1163.925,777.075,386.85,4.0,17.0,13.0,10.5,6.5,4.0,4.0,5.0,1.0,4.5,0.5,4.0,139.0,160.0,21.0,149.5,10.5,139.0,1.54,2.66,1.12,2.1,0.56,1.54,2.0,2.0,0.0,2.0,0.0,2.0,0.0,5.0,5.0,2.5,2.5,0.0,2.0,10.0,8.0,6.0,4.0,2.0,0.0,0.0,0.0,0.0,0.0,0.0,4.0,17.0,13.0,10.5,6.5,4.0,0.0,0.0,0.0,0.0,0.0,0.0,0.0,1.0,1.0,0.5,0.5,0.0,0.0,8.0,8.0,4.0,4.0,0.0,0.0,0.0,0.0,0.0,0.0,0.0,1.0,8.0,7.0,4.5,3.5,1.0,16.69,43.015,26.325,29.8525,13.1625,16.69,0.0,1.062,1.062,0.531,0.531,0.0,0.0,2.25333333333e-05,2.25333333333e-05,1.126666666665e-05,1.126666666665e-05,0.0,64.0,194.0,130.0,129.0,65.0,64.0
mp-980949,WCl4,W,Monoclinic,C2/m,0.0,0.0,10,True,17.0,74.0,57.0,28.4,18.24,17.0,51.0,94.0,43.0,85.4,13.759999999999996,94.0,35.453,183.84,148.387,65.13040000000001,47.48384,35.453,171.6,3695.0,3523.4,876.28,1127.488,171.6,6.0,17.0,11.0,14.8,3.5199999999999996,17.0,3.0,6.0,3.0,3.6,0.9600000000000002,3.0,102.0,162.0,60.0,114.0,19.2,102.0,2.36,3.16,0.8000000000000003,3.0,0.2560000000000001,3.16,2.0,2.0,0.0,2.0,0.0,2.0,0.0,5.0,5.0,4.0,1.6,5.0,0.0,4.0,4.0,0.8,1.28,0.0,0.0,14.0,14.0,2.8,4.4799999999999995,0.0,7.0,20.0,13.0,9.6,4.159999999999999,7.0,0.0,0.0,0.0,0.0,0.0,0.0,0.0,1.0,1.0,0.8,0.31999999999999995,1.0,0.0,6.0,6.0,1.2,1.92,0.0,0.0,0.0,0.0,0.0,0.0,0.0,1.0,6.0,5.0,2.0,1.6,1.0,16.05,24.4975,8.447499999999998,22.808,2.703199999999999,24.4975,0.0,2.493,2.493,1.9944,0.7977599999999999,2.493,0.0,0.0,0.0,0.0,0.0,0.0,64.0,229.0,165.0,97.0,52.8,64.0
mp-982008,Hg3F,Hg,Tetragonal,I4/mmm,0.0004299,0.000107475,4,False,9.0,80.0,71.0,62.25,26.625,80.0,71.0,93.0,22.0,76.5,8.25,71.0,18.9984032,200.59,181.5915968,155.1921008,68.0968488,200.59,53.5,234.32,180.82,189.115,67.80749999999999,234.32,12.0,17.0,5.0,13.25,1.875,12.0,2.0,6.0,4.0,5.0,1.5,6.0,57.0,132.0,75.0,113.25,28.125,132.0,2.0,3.98,1.98,2.495,0.7425,2.0,2.0,2.0,0.0,2.0,0.0,2.0,0.0,5.0,5.0,1.25,1.875,0.0,0.0,10.0,10.0,7.5,3.75,10.0,0.0,14.0,14.0,10.5,5.25,14.0,7.0,26.0,19.0,21.25,7.125,26.0,0.0,0.0,0.0,0.0,0.0,0.0,0.0,1.0,1.0,0.25,0.375,0.0,0.0,0.0,0.0,0.0,0.0,0.0,0.0,0.0,0.0,0.0,0.0,0.0,0.0,1.0,1.0,0.25,0.375,0.0,9.7075,25.2375862069,15.530086206900002,21.355064655175,5.823782327587502,25.2375862069,0.0,1.97,1.97,0.4925,0.73875,0.0,0.0,0.0,0.0,0.0,0.0,0.0,15.0,166.0,151.0,128.25,56.625,166.0
mp-984614,Au3Br,Au,Tetragonal,I4/mmm,8.85e-05,2.2125e-05,4,False,35.0,79.0,44.0,68.0,16.5,79.0,66.0,95.0,29.0,73.25,10.875,66.0,79.904,196.966569,117.062569,167.70092675,43.89846337499999,196.966569,265.8,1337.33,1071.53,1069.4475,401.82374999999996,1337.33,11.0,17.0,6.0,12.5,2.25,11.0,4.0,6.0,2.0,5.5,0.75,6.0,120.0,136.0,16.0,132.0,6.0,136.0,2.54,2.96,0.41999999999999993,2.645,0.15749999999999997,2.54,1.0,2.0,1.0,1.25,0.375,1.0,0.0,5.0,5.0,1.25,1.875,0.0,10.0,10.0,0.0,10.0,0.0,10.0,0.0,14.0,14.0,10.5,5.25,14.0,17.0,25.0,8.0,23.0,3.0,25.0,0.0,1.0,1.0,0.75,0.375,1.0,0.0,1.0,1.0,0.25,0.375,0.0,0.0,0.0,0.0,0.0,0.0,0.0,0.0,0.0,0.0,0.0,0.0,0.0,1.0,1.0,0.0,1.0,0.0,1.0,16.7,29.48,12.780000000000001,19.895,4.7925,16.7,0.0,1.457,1.457,0.36425,0.546375,0.0,0.0,0.0,0.0,0.0,0.0,0.0,64.0,225.0,161.0,184.75,60.375,225.0
mp-985588,FeCl,Fe,Cubic,Pm-3m,3.0147847,1.50739235,2,False,17.0,26.0,9.0,21.5,4.5,17.0,55.0,94.0,39.0,74.5,19.5,55.0,35.453,55.845,20.391999999999996,45.649,10.195999999999998,35.453,171.6,1811.0,1639.4,991.3,819.7,171.6,8.0,17.0,9.0,12.5,4.5,8.0,3.0,4.0,1.0,3.5,0.5,3.0,102.0,132.0,30.0,117.0,15.0,102.0,1.83,3.16,1.33,2.495,0.665,1.83,2.0,2.0,0.0,2.0,0.0,2.0,0.0,5.0,5.0,2.5,2.5,0.0,0.0,6.0,6.0,3.0,3.0,0.0,0.0,0.0,0.0,0.0,0.0,0.0,7.0,8.0,1.0,7.5,0.5,7.0,0.0,0.0,0.0,0.0,0.0,0.0,0.0,1.0,1.0,0.5,0.5,0.0,0.0,4.0,4.0,2.0,2.0,0.0,0.0,0.0,0.0,0.0,0.0,0.0,1.0,4.0,3.0,2.5,1.5,1.0,10.73,24.4975,13.767499999999998,17.61375,6.883749999999999,10.73,0.0,2.493,2.493,1.2465,1.2465,0.0,0.0,2.1106628,2.1106628,1.0553314,1.0553314,0.0,64.0,229.0,165.0,146.5,82.5,64.0
